clip	phoneme	word	mid	site_f0	site_f1	site_f2	site_f3	site_res	trk_p	trk_f1	trk_f2	trk_f3
aiden	IH1	if	0.6599999999999999	146.88	462.43	2344.68	2959.66	0.59859	109.7967	427.796	2337.42	2892.8050000000003
aiden	UW1	you	0.865	133.46	328.54	2273.81	2672.27	0.529	141.411	318.353	2355.11	2721.13
aiden	T	talk	1.105		723.1	1826.74	2862.75	0.63377	128.31	251.659	1741.04	2874.35
aiden	AO1	talk	1.2149999999999999	128.7	767.58	1199.08	2579.63	0.78359	130.3655	743.0805	1265.9099999999999	2721.79
aiden	TH	with	1.44		793.07	1694.05	2647.01	1.0	139.313	487.102	1609.06	2690.52
aiden	D	crowds	1.9100000000000001	115.73	260.72	1620.6	2684.07	0.33432	117.796	991.2515000000001	2124.185	3202.915
aiden	IY1	keep	2.27	124.96	345.55	2296.83	2650.3	0.48074	127.84100000000001	344.572	2506.7	2976.35
aiden	R	your	2.46	113.6	453.28	1401.83	1971.42	0.43659	116.914	475.2795	1682.05	2237.91
aiden	UW0	virtue	2.935	99.04	442.51	1453.62	2622.86	0.6057	128.749	338.8495	1883.94	2672.8050000000003
aiden	ER0	or	3.29		577.96	1272.6	2130.44	0.51481	132.761	616.889	1343.93	2093.98
aiden	W	walk	3.385	125.01	390.39	1134.73	2251.78	0.45387	123.39250000000001	423.474	1148.45	2334.53
aiden	AO1	walk	3.465	121.43	734.52	1192.75	2600.19	0.72972	123.846	773.783	1179.53	2660.53
aiden	IH1	with	3.64	129.63	425.05	1735.64	2694.24	0.35354	147.4085	391.3795	1603.895	2726.62
aiden	L	lose	4.58	121.57	544.49	1216.43	2222.8	0.56833	122.635	395.873	1444.59	2659.02
aiden	UW1	lose	4.795	134.29	348.89	1853.56	2748.59	0.47155	134.11	328.443	1839.435	2763.125
aiden	Z	lose	4.88		477.27	1871.28	2537.85	0.40733	127.06649999999999	299.06	1745.85	2790.125
aiden	AA1	common	5.15	118.18	812.54	1447.48	2556.33	0.84505	119.3365	745.698	1460.68	2871.37
aiden	M	common	5.225	118.87	276.71	1572.3	2483.33	0.41253	118.6465	266.567	1401.23	2611.17
aiden	AH0	common	5.275	117.03	511.01	1723.28	2859.4	0.62604	118.498	378.515	1639.345	2707.995
aiden	N	common	5.324999999999999	117.64	306.97	1888.88	3083.76	0.4368	117.61	261.97	1731.28	2578.35
aiden	T	touch	5.41		677.43	1946.83	2881.19	0.62944	116.0425	772.8195000000001	2207.09	3166.235
aiden	AH1	touch	5.545		729.03	1465.96	1957.47	0.8771	118.31649999999999	735.526	1470.49	2795.35
aiden	N	neither	6.475	124.1	288.27	1632.29	2131.67	0.35473	127.824	258.6375	1954.875	3065.685
aiden	AY1	neither	6.574999999999999	115.19	801.99	1763.13	2587.89	1.0	115.319	712.2584999999999	1810.92	2689.605
aiden	DH	neither	6.654999999999999		432.53	1904.32	2702.16	0.62528	128.209	434.2735	1902.23	2659.12
aiden	ER0	neither	6.73	108.87	534.17	1634.96	1975.04	0.684	108.72	535.38	1784.06	2543.71
aiden	OW1	foes	7.01	134.94	527.84	1472.49	2600.17	0.577	137.006	511.23699999999997	1580.7399999999998	2727.2650000000003
aiden	Z	foes	7.155	146.49	1149.79	2117.95	2950.2	0.74346	136.8005	769.9585	1889.97	3546.965
aiden	R	nor	7.305	119.33	544.38	1537.71	2371.3	0.62683	119.235	500.188	1677.92	2524.29
aiden	L	loving	7.37	120.52	315.73	1138.4	2664.89	0.17651	117.892	315.9805	1235.42	2760.91
aiden	AH1	loving	7.4399999999999995	120.67	711.0	1359.78	2800.18	0.79835	121.075	702.226	1407.7	2899.01
aiden	IH0	loving	7.535	124.54	385.45	2369.03	2909.0	0.57816	124.527	342.9955	2045.355	2797.2749999999996
aiden	NG	loving	7.605	119.98	279.41	1197.08	2479.82	0.27985	121.029	247.594	1914.48	2594.83
aiden	EH1	friends	7.8149999999999995	119.1	685.08	1727.49	2871.19	0.71392	121.471	600.6645000000001	1734.8049999999998	2676.71
aiden	N	friends	7.895	116.88	283.66	1804.49	2801.79	0.38389	117.436	260.698	1770.17	2760.935
aiden	Z	friends	7.98		480.16	1883.84	2575.65	0.63427	116.73349999999999	1031.646	2127.425	3379.925
aiden	HH	hurt	8.190000000000001		767.29	1764.29	2239.74	0.70367	114.457	461.116	1806.63	2298.59
aiden	UW1	you	8.635	138.48	421.63	1385.9	2788.66	0.49672	136.4625	405.21299999999997	1723.84	2719.72
aiden	IH1	if	9.25	140.43	477.79	2316.2	2440.4	0.62945	130.8735	546.7660000000001	2198.3450000000003	2894.25
aiden	F	if	9.379999999999999		542.07	1995.75	2840.78	0.40758	115.767	429.26800000000003	1901.82	2792.745
aiden	AO1	all	9.51		697.67	1053.73	2784.34	0.62127	138.968	726.2525	2685.3149999999996	3523.84
aiden	L	all	9.635	141.75	509.95	1026.07	2891.08	0.4601	137.157	572.965	1993.42	3293.535
aiden	M	men	9.705	140.65	246.41	1519.44	2478.72	0.34897	141.3275	209.732	1376.63	2596.67
aiden	EH1	men	9.765	131.55	543.35	1984.34	2960.86	0.50915	135.12	379.428	1829.37	2937.64
aiden	N	men	9.835	127.49	273.83	1384.82	2263.86	0.28102	127.511	248.742	1560.295	2459.525
aiden	N	count	10.145	114.91	385.99	1029.36	2229.15	0.3759	122.654	1083.48	2366.31	3704.16
aiden	T	count	10.190000000000001		525.85	1321.92	2578.12	0.39052	118.09899999999999	435.65250000000003	1279.32	2532.5
aiden	IH1	with	10.275	135.56	356.96	1713.0	2728.73	0.17946	136.895	293.869	1442.595	2693.56
aiden	DH	with	10.325		190.75	1797.18	2634.65	0.29064	129.485	1435.23	2577.6	3652.46
aiden	UW1	you	10.59	136.81	346.63	1226.88	2618.59	0.32787	130.977	379.881	1722.37	2638.96
aiden	N	none	11.07	126.71	264.08	1823.93	2907.63	0.35838	126.265	234.8815	1613.955	2683.8450000000003
aiden	AH1	none	11.149999999999999	121.06	659.18	1534.24	2901.86	0.77205	122.334	577.9300000000001	1573.49	2867.26
aiden	N	none	11.235	118.55	282.93	1899.29	3005.87	0.40266	119.854	255.8485	1693.025	2790.705
aiden	T	too	11.335		613.62	2153.6	3002.06	0.63196	118.226	536.0535	2079.85	2918.965
aiden	UW1	too	11.435	116.77	330.32	1736.62	2645.42	0.41246	117.796	278.347	1948.6799999999998	2695.1499999999996
aiden	M	much	11.52	113.95	1330.72	2496.83	3336.85	1.0	113.908	226.6895	1454.4499999999998	2557.97
aiden	AH1	much	11.65	115.42	731.04	1485.62	2714.1	0.88914	114.578	662.514	1435.69	2728.34
aiden	F	if	12.725		640.95	2320.27	3028.11	0.52982	119.777	336.571	2271.07	2951.03
aiden	UW1	you	12.844999999999999	113.58	322.26	2106.77	2587.38	0.4806	120.76650000000001	291.276	2301.54	2782.81
aiden	N	can	13.0	108.91	302.58	1885.92	2746.02	0.42954	109.465	248.0575	1805.795	2663.395
aiden	IH1	fill	13.245000000000001	146.53	528.9	1575.2	2876.23	0.57022	147.136	482.694	1578.87	2825.4449999999997
aiden	L	fill	13.395	142.27	515.98	984.18	2845.96	0.45836	142.709	542.2784999999999	1155.42	2834.99
aiden	AH0	unforgiving	13.705	131.33	734.86	1647.29	2649.56	0.95044	126.343	627.628	1753.19	2725.45
aiden	N	unforgiving	13.82	124.33	269.37	1388.01	1960.28	0.27496	123.8655	253.139	1639.9	2718.415
aiden	ER0	unforgiving	13.985	128.98	386.29	1606.65	2004.18	0.36811	129.00549999999998	384.943	1698.1	2328.21
aiden	G	unforgiving	14.05	115.88	300.42	1534.17	2710.37	0.34854	115.606	281.511	1918.98	2472.35
aiden	IH1	unforgiving	14.11	120.13	433.61	2220.13	2739.52	0.4961	125.26599999999999	419.56	2396.34	2916.9
aiden	V	unforgiving	14.165		287.38	2020.82	2590.88	0.42568	111.84700000000001	256.467	2010.65	2573.52
aiden	IH0	unforgiving	14.21	124.31	338.73	2385.26	2652.95	0.49049	122.059	250.83749999999998	2193.075	2880.7200000000003
aiden	NG	unforgiving	14.280000000000001	112.66	246.66	1305.29	2333.78	0.24256	112.65	241.733	1632.89	2577.88
aiden	M	minute	14.36	112.43	276.12	1852.12	2681.26	0.47891	112.755	243.956	1730.79	2534.58
aiden	IH1	minute	14.425	112.89	576.84	2018.53	2864.34	0.79988	113.71000000000001	464.758	1995.76	2947.62
aiden	N	minute	14.48	114.31	303.51	1838.8	2966.17	0.42107	110.997	473.987	1951.505	2974.135
aiden	AH0	minute	14.58	117.71	629.87	1882.16	2710.25	0.8428	116.2585	560.059	1901.2350000000001	2942.61
aiden	IH1	with	15.030000000000001	123.37	408.87	1925.21	2714.1	0.36101	125.358	374.564	1699.38	2711.97
aiden	TH	with	15.105		1173.37	2197.17	3236.99	1.0	115.6045	581.762	1922.4	2723.84
aiden	IH1	sixty	15.25	125.12	489.53	1977.6	2631.13	0.57366	126.957	467.769	1922.3	2780.57
aiden	K	sixty	15.315		513.74	1902.71	2539.69	0.41138	306.499	461.5685	1752.8449999999998	2657.8199999999997
aiden	V	of	16.53	112.96	252.01	1608.46	2665.25	0.31307	112.838	368.0	1570.73	2713.45
aiden	D	distance	16.59		366.21	2287.6	2728.82	0.58697	118.68350000000001	215.323	1576.96	2637.73
aiden	IH1	distance	16.655	117.94	486.31	1864.63	2850.2	0.5374	121.3455	463.868	1932.165	2892.42
aiden	S	distance	16.725		939.24	1918.91	3002.9	0.48067	114.756	657.951	1871.47	2997.98
aiden	AH0	distance	16.865	113.09	623.33	1692.13	3063.86	0.79037	115.7945	319.48	1682.53	3051.74
aiden	R	run	17.095	123.65	478.85	1404.03	2004.64	0.47796	136.95499999999998	493.938	1530.475	2633.375
aiden	AH1	run	17.185		744.46	1471.81	2752.04	0.90903	104.23685	719.909	1525.14	2795.92
aiden	Z	yours	18.23		871.77	1919.39	2750.97	0.58982	151.184	381.823	1874.03	2848.87
aiden	IH0	is	18.32		366.45	1859.39	2843.4	0.23961	147.47545	365.603	1810.63	2809.1
aiden	IY0	the	18.52		333.41	2479.82	2828.3	0.52423	76.33760000000001	301.725	2382.96	2860.19
aiden	TH	earth	18.825000000000003		613.4	1862.28	2664.67	0.52268	123.8425	455.969	1780.67	2772.29
aiden	N	and	19.174999999999997	121.75	546.23	1945.3	2886.22	0.81006	127.872	565.1465000000001	1993.6950000000002	2813.17
aiden	D	and	19.225		282.79	1777.38	2760.43	0.39064	120.97200000000001	270.696	1807.33	2824.8
aiden	V	everything	19.354999999999997	111.67	717.72	1587.04	2380.77	0.63509	120.9	992.377	1795.935	2859.75
aiden	R	everything	19.4		354.0	1452.15	2208.98	0.29559	128.649	958.0965	2173.84	3132.4849999999997
aiden	IY0	everything	19.450000000000003	118.16	300.86	2594.66	2793.47	0.32228	123.869	305.173	1958.84	2516.4
aiden	NG	everything	19.630000000000003	126.51	261.93	1702.47	2545.65	0.33942	126.472	250.27800000000002	1962.77	2590.59
aiden	T	that's	19.775		390.03	1747.37	2706.01	0.39266	117.4385	308.4205	1772.1599999999999	2798.3
aiden	IH1	in	19.915	121.24	604.63	1951.95	2741.77	0.9169	99.63759999999999	508.96000000000004	1879.74	2992.99
aiden	N	in	19.97	107.02	326.68	1822.9	2956.5	0.45274	110.0415	387.046	1837.3449999999998	2842.325
aiden	IH0	it	20.04		557.85	1580.74	2887.15	0.64322	90.3538	504.946	1684.54	2870.1
aiden	T	it	20.125		337.28	1677.39	2795.61	0.34187	186.4115	359.753	1759.46	2911.6
aiden	B	be	22.475	112.03	300.14	1574.63	2692.05	0.37549	112.839	277.6105	1476.96	2576.24
aiden	IY0	be	22.54	115.02	291.73	2521.59	3066.01	0.42494	113.3875	288.3415	2432.62	3063.87
aiden	M	man	22.67	112.45	299.96	1764.86	2451.26	0.49791	112.412	285.702	1737.5700000000002	2493.375
aiden	AE1	man	22.79	111.83	769.38	2014.21	2745.36	0.6868	112.01050000000001	726.9735000000001	2072.105	2803.875
aiden	AY1	my	23.310000000000002	126.17	674.36	1831.36	2710.17	0.44499	137.5725	581.0150000000001	1760.52	2713.365
aiden	S	son	23.42		1155.26	2023.59	3041.77	0.59315	119.63	720.745	1973.14	3020.57
aiden	AH1	son	23.545		737.62	1435.32	2918.09	0.88075	149.0615	662.783	1439.78	2939.36
all	IY0	the	1.405	155.33	478.83	1866.16	2994.79	0.60888	154.834	474.9225	1859.78	3104.96
all	M	moon	1.49	156.64	299.85	1768.6	2666.24	0.49863	156.255	272.47799999999995	1721.33	2645.8149999999996
all	UW1	moon	1.635	170.12	401.26	1695.47	2811.02	0.52947	165.47	350.406	1782.555	2866.36
all	IH1	is	1.905		505.31	1673.48	2869.49	0.53651	177.476	474.663	1956.045	3036.24
all	Z	is	2.025	154.24	170.32	1819.81	2506.11	0.26321	165.6405	294.767	1673.42	2753.54
all	IH0	in	2.0949999999999998	173.14	460.21	2039.16	3439.95	0.65377	171.3655	330.3555	1981.3899999999999	3500.3599999999997
all	N	in	2.1550000000000002	171.07	275.99	905.06	2046.43	0.18366	171.567	267.71	1578.17	2647.99
all	D	doubt	2.2199999999999998		837.9	2377.84	3263.32	1.0	163.344	348.547	1776.605	2844.51
all	T	doubt	2.535		671.07	1714.02	2643.67	0.57409	123.06	540.778	1542.57	2660.29
all	OW1	over	3.0949999999999998	122.89	479.43	1118.76	2807.65	0.36635	115.95	455.8555	1118.73	2729.1499999999996
all	V	over	3.21		454.21	1476.87	2852.26	0.42684	106.077	1420.55	2444.955	3617.4300000000003
all	ER0	over	3.31	107.77	431.55	1414.78	2074.22	0.39636	107.749	387.754	1397.145	2386.7749999999996
all	W	whether	3.4050000000000002	110.86	278.95	1301.74	2583.39	0.30435	103.52449999999999	327.358	1199.7350000000001	2599.46
all	EH1	whether	3.48	110.82	497.15	1489.76	2611.78	0.25726	112.63550000000001	411.616	1469.68	2627.99
all	DH	whether	3.5549999999999997		477.51	1582.33	2813.02	0.6073	107.43299999999999	463.469	1639.125	2741.855
all	ER0	whether	3.645	117.12	361.91	1690.5	2060.38	0.34625	118.564	333.95349999999996	1799.45	2435.5550000000003
all	T	to	3.72	123.26	227.24	2152.41	2773.96	0.3722	111.1935	242.87	1819.16	2640.27
all	AH0	to	3.7750000000000004	129.87	298.44	1901.28	2418.67	0.39244	129.5585	298.792	1981.74	2609.62
all	B	be	3.84		190.55	1907.77	2806.0	0.33442	111.584	1549.18	2585.92	3627.56
all	IY1	be	3.95	109.1	295.2	2205.02	3166.33	0.37169	109.546	277.7315	1977.7599999999998	3000.31
all	AH0	a	4.055	106.11	365.23	1626.58	2471.78	0.38211	109.214	370.672	1775.4	2583.37
all	M	man	4.145	103.73	237.68	1437.56	2396.56	0.3146	103.559	202.458	1651.32	2410.65
all	AE1	man	4.37	99.56	720.24	1785.9	2717.76	0.55275	99.8864	560.173	1680.62	2717.34
all	N	man	4.65	120.27	238.07	1210.09	2916.67	0.19035	105.353	286.168	1601.9850000000001	2699.4750000000004
all	AO1	or	5.51	251.33	335.13	967.13	3062.2	0.02408	221.644	507.977	1061.05	2653.74
all	R	or	5.63	227.77	713.7	1447.02	2105.91	0.86565	228.2	575.512	1201.82	2208.4
all	AH0	a	5.72	221.1	657.6	1236.02	2585.66	0.74073	224.4425	546.108	1241.0	2490.2
all	W	woman	5.79	196.79	336.69	806.18	2836.79	0.28674	200.013	259.155	815.152	2632.1
all	M	woman	5.945	191.58	298.35	1543.17	2536.0	0.44184	192.3825	277.218	1493.19	2616.83
all	AH0	woman	6.02	178.99	657.27	1833.96	2888.16	0.87383	183.88150000000002	362.935	1675.71	2845.56
all	EH1	there've	7.03	227.86	608.42	1840.85	2604.74	0.59498	226.3015	535.5745	1821.815	2752.915
all	R	there've	7.09	234.78	470.64	1640.73	2345.58	0.54406	232.937	480.49249999999995	1657.245	2295.85
all	V	there've	7.140000000000001		488.96	1793.18	2616.11	0.51857	230.98	372.792	1824.09	2747.24
all	R	rumors	7.41	195.03	207.85	1317.04	2022.53	0.01811	202.616	235.7885	1554.67	2667.76
all	UW1	rumors	7.515000000000001	203.24	439.84	1591.69	2575.12	0.57496	208.73250000000002	308.829	1473.8200000000002	2505.96
all	M	rumors	7.61	176.29	258.42	1327.57	2306.87	0.32292	179.433	235.301	1541.9250000000002	2606.725
all	Z	rumors	7.9399999999999995		1254.15	1821.42	2434.67	0.74471	187.345	732.08	1874.42	2620.68
all	AO1	all	8.7		417.74	1003.87	3006.77	0.1664	330.84450000000004	393.619	996.5255	2743.135
all	M	manner	8.905	270.51	272.57	1377.98	2295.94	0.35881	280.77	286.5695	1529.54	2683.5249999999996
all	N	manner	9.115	263.27	293.56	1112.79	2978.03	0.25378	270.245	298.523	1589.88	2918.33
all	AH0	of	9.27	263.75	450.88	1381.54	2416.98	0.31018	264.076	379.894	1530.695	2530.9700000000003
all	V	of	9.325		502.53	1521.36	2539.24	0.4702	246.989	343.416	1624.43	2631.0
all	L	allegations	9.535	256.6	480.53	1167.72	2844.01	0.45139	258.01300000000003	396.567	1159.35	2736.05
all	AH0	allegations	9.620000000000001	265.91	485.11	1705.88	2739.04	0.58264	266.0345	348.842	1581.28	2588.07
all	G	allegations	9.705		228.67	2045.45	2597.59	0.38609	251.3055	310.741	1667.9	2561.57
all	EY1	allegations	9.84	232.91	393.36	2122.23	2595.97	0.31881	235.4255	335.875	1799.81	2578.39
all	AH0	allegations	10.09	235.32	280.29	1656.53	2772.73	0.25927	235.278	270.565	1718.56	2748.1549999999997
all	N	allegations	10.22	228.67	234.17	1197.06	2943.26	0.18174	226.48450000000003	244.232	1622.66	2679.45
all	Z	allegations	10.38		920.66	1797.12	2396.25	0.59293	230.337	853.5039999999999	1961.665	3464.9399999999996
all	OW1	bold	10.965		455.28	787.95	2571.07	0.22085	223.222	590.7495	2682.51	3339.86
all	D	bold	11.239999999999998		409.09	970.79	2869.6	0.37099	95.5976	405.718	2040.01	3018.02
all	L	claims	11.465	120.71	459.8	1222.45	2816.45	0.43286	121.803	476.867	1331.83	2779.17
all	EY1	claims	11.59	102.75	476.31	2102.68	2684.82	0.50416	104.862	489.0715	2092.935	2726.7200000000003
all	M	claims	11.735	101.52	287.18	1532.96	2636.67	0.42064	101.8725	267.6585	1756.1950000000002	2591.92
all	N	and	11.915		299.24	1547.84	2536.19	0.3536	110.49885	327.571	1487.26	2743.92
all	D	and	11.969999999999999		254.25	1322.19	2572.53	0.26715	101.72219999999999	262.0395	1517.355	2669.74
all	AH1	public	12.14	109.46	667.67	1123.16	2742.1	0.61685	111.794	762.7695	2767.175	3437.63
all	B	public	12.205	99.46	249.8	1070.38	2677.64	0.20834	99.0315	363.509	1238.19	2691.9700000000003
all	IH0	public	12.315	98.47	390.42	1165.29	2527.63	0.33172	101.5675	439.1235	1345.075	2714.66
all	L	lies	12.48	114.54	349.69	902.91	2652.58	0.16678	121.061	400.179	992.961	2753.91
all	AY1	lies	12.705	102.17	741.14	1503.92	2690.56	0.42481	101.9075	630.5685	1703.04	2755.8450000000003
all	IY1	he's	14.11	130.15	272.24	2113.74	2952.37	0.31266	130.818	265.297	1975.05	3064.39
all	Z	he's	14.235	116.5	137.89	1918.25	2958.5	0.26378	122.352	233.125	2012.99	3260.18
all	L	belligerent	14.445	111.79	325.15	1121.43	2615.99	0.18709	115.15350000000001	342.951	1300.49	2620.49
all	IH1	belligerent	14.535	116.47	386.51	1542.43	2564.76	0.20982	116.9125	369.33349999999996	1531.755	2648.36
all	AH0	belligerent	14.775	113.06	431.28	1624.34	2485.49	0.48233	112.606	406.2315	1699.955	2564.815
all	N	belligerent	14.855		223.08	1303.92	2695.36	0.18739	144.6155	244.699	1852.08	2849.45
all	N	in	16.17	104.98	304.61	1744.53	2131.4	0.40295	100.20615000000001	459.4845	1793.35	3086.4049999999997
all	AH0	a	16.244999999999997	113.77	615.97	1575.51	3063.74	0.75309	99.4008	471.775	1645.49	3026.24
all	AH1	funk	16.47		689.11	1387.05	2979.03	0.76789	96.91155	648.4755	1379.895	2989.755
all	NG	funk	16.58		335.47	1162.8	2467.65	0.37049	64.53245	392.729	1495.63	2992.43
all	IY1	he	17.335	136.6	296.98	2597.28	2909.49	0.44876	137.8855	315.5	2662.63	3351.73
all	EY1	fades	17.595		473.73	2348.83	2891.9	0.55392	130.259	490.082	2192.38	2854.92
all	D	fades	17.740000000000002		230.34	1809.45	2472.58	0.33802	163.29199999999997	317.866	2092.61	2795.49
all	W	world	17.97		286.09	1035.65	2732.88	0.25457	86.5303	417.975	1240.115	2712.3999999999996
all	L	world	18.134999999999998		564.26	1045.06	2762.68	0.55325	99.22025	611.451	1169.86	2743.17
all	IY1	teeters	18.45	130.1	370.26	2484.47	2856.69	0.56108	138.106	330.332	2515.98	2892.06
all	ER0	teeters	18.63		515.08	1651.29	2076.34	0.65003	93.78325	508.973	1783.53	2378.2
all	IH1	when	19.37	170.33	412.0	1774.73	2755.18	0.17608	167.576	305.2095	1386.205	2802.59
all	N	when	19.42	165.87	296.33	1517.35	2948.76	0.3428	167.56099999999998	220.543	1612.79	2637.11
all	IY1	she	19.645	175.41	287.35	2610.76	2926.85	0.43375	174.9995	280.53999999999996	2195.9849999999997	2714.7799999999997
all	AY1	crime	20.545	142.22	819.53	1686.73	2951.11	0.62981	141.469	691.972	1613.685	2885.6949999999997
all	M	crime	20.66	128.92	277.69	1588.72	2700.68	0.41814	128.49599999999998	245.596	1589.94	2749.72
all	B	blossoms	20.72		162.97	1629.12	2685.12	0.2423	127.18199999999999	217.15550000000002	1520.715	2688.62
all	AA1	blossoms	20.869999999999997		731.14	1241.32	2754.66	0.59972	121.775	614.3965000000001	1186.9250000000002	2721.5299999999997
all	S	blossoms	20.990000000000002		1089.49	1806.02	2593.73	0.53057	132.2495	656.565	1698.1399999999999	2766.965
all	M	blossoms	21.195	86.05	290.61	1522.77	2277.07	0.42393	85.9324	237.59	1613.84	2661.84
all	Z	blossoms	21.335		691.45	1842.78	2572.67	0.4981	142.226	348.1985	1612.425	2641.49
all	OW1	o	21.814999999999998	133.72	595.93	1347.68	2825.81	0.71039	130.7535	554.605	1327.49	2809.81
all	HH	how	22.005		882.57	1493.7	2809.63	0.7206	118.18350000000001	454.465	1290.2	2806.97
all	DH	the	22.165		544.25	1587.78	2813.48	0.69402	112.468	325.747	1618.64	2700.56
all	IY0	the	22.245		367.46	2408.18	2700.29	0.56014	114.86449999999999	381.586	2418.665	3111.29
all	P	operatic	22.46		684.85	1390.7	2739.28	0.52736	113.2	546.912	1449.74	2705.52
all	AE1	operatic	22.665	112.88	695.4	1626.81	2791.31	0.47277	113.838	684.3145	1617.775	2749.34
all	IH0	operatic	22.77	111.1	473.35	2343.06	2881.55	0.74407	118.7555	455.8645	1876.795	2802.6
all	IH0	impulse	22.935000000000002	117.58	483.17	2005.77	2706.13	0.56498	286.215	412.261	1811.83	2687.02
all	M	impulse	23.025	119.09	285.06	1310.45	2613.7	0.36351	118.011	255.284	1354.49	2635.21
all	P	impulse	23.115000000000002		596.75	1125.12	2725.49	0.41486	116.4185	335.612	1279.2	2665.03
all	L	impulse	23.265	124.19	563.62	903.5	2761.4	0.51332	125.59700000000001	577.533	2399.995	3569.7
all	P	dip	24.814999999999998		355.61	2074.54	2887.37	0.4369	187.134	424.184	2073.69	2884.79
all	P	deep	25.155		853.39	1702.67	2737.86	0.70399	195.7995	973.495	1769.83	2918.62
all	AY1	my	25.36	107.76	721.12	2018.74	2932.49	0.59886	109.223	477.047	2022.05	2945.02
all	D	darling	25.465		595.85	2051.55	3132.68	0.7982	208.919	524.096	1787.625	2886.0699999999997
all	AA1	darling	25.564999999999998	201.68	653.7	1524.47	2698.52	0.61059	204.886	572.582	1467.14	2694.93
all	R	darling	25.66	192.51	571.27	1357.24	2643.83	0.60923	197.99099999999999	487.767	1311.3	2424.39
all	L	darling	25.73	175.61	244.13	1325.15	2945.17	0.11188	183.743	248.0335	1316.5900000000001	2732.34
all	IH0	darling	25.795	186.73	469.43	2175.67	2992.19	0.70081	185.105	349.388	1836.38	2936.35
all	NG	darling	25.925	175.56	201.45	820.06	2509.44	0.07843	177.311	249.228	1712.27	2712.09
all	IH1	into	26.095	227.01	341.5	2404.3	3010.66	0.3144	265.53	411.33950000000004	2286.715	2998.98
all	N	into	26.18	196.61	249.65	1079.02	2761.9	0.18036	197.1215	239.991	1261.81	2852.53
all	T	into	26.240000000000002		993.55	2210.69	3237.06	0.89965	175.445	946.23	2232.33	3295.32
all	AH1	the	26.415	189.7	519.98	1336.62	2884.76	0.55332	194.779	482.78	1430.25	2902.86
all	B	blank	26.490000000000002		629.99	1173.89	2256.65	0.63495	179.632	482.78	1394.23	2658.66
all	AE1	blank	26.625	171.39	712.12	1717.99	2849.21	0.52215	171.32999999999998	257.3215	1588.74	2784.24
all	NG	blank	26.705	164.49	236.1	1196.31	2533.84	0.205	170.277	1565.51	2504.91	2825.7
all	K	blank	26.810000000000002		560.87	1384.11	2340.28	0.30767	161.67	903.738	1639.77	2754.55
all	L	pool	27.3	185.44	444.35	950.55	3024.11	0.33314	176.363	304.156	1444.9699999999998	2588.605
ashley	AH0	the	1.2650000000000001	220.51	307.23	1529.09	2775.43	0.27187	221.423	253.377	1532.29	2641.39
ashley	M	moon	1.345	221.56	226.22	1284.68	2649.29	0.25856	220.2015	233.137	1638.41	2660.29
ashley	UW1	moon	1.525	242.05	362.13	970.53	2243.87	0.29832	242.914	333.531	1270.78	2552.7
ashley	N	moon	1.69	210.38	228.27	946.44	2091.39	0.12025	211.844	238.954	1655.73	2699.06
ashley	IH1	is	1.77	224.71	372.55	2064.22	2918.21	0.30602	213.041	291.71	1929.2	2894.15
ashley	IH0	in	1.93	215.54	277.63	1976.68	3008.76	0.28438	216.687	248.373	1928.38	3077.04
ashley	N	in	1.9949999999999999	204.84	227.59	1154.49	2833.0	0.16287	205.654	220.01	1626.915	2659.48
ashley	D	doubt	2.085		1113.42	2321.53	3101.18	1.0	176.614	480.397	2110.38	3031.81
ashley	T	doubt	2.44		242.66	1814.4	2514.9	0.30839	205.8465	324.5075	1542.815	2636.02
ashley	OW1	over	2.54	206.41	356.3	948.85	2674.67	0.02157	205.082	344.041	991.709	2643.9
ashley	V	over	2.625		261.65	2110.8	2824.78	0.42679	169.82999999999998	299.501	1559.11	2600.91
ashley	ER0	over	2.715	203.23	381.53	1226.94	2157.17	0.22868	204.86	351.081	1290.9299999999998	2333.885
ashley	W	whether	2.79	182.57	221.34	920.06	2580.92	0.11827	185.444	327.063	1441.03	2592.37
ashley	EH1	whether	2.855	194.93	596.45	1580.98	2734.67	0.48754	196.066	460.3895	1442.33	2733.0600000000004
ashley	DH	whether	2.915	184.34	220.81	1697.55	2966.51	0.30574	164.617	902.4929999999999	2093.795	3233.815
ashley	ER0	whether	2.985	190.2	297.45	1792.65	2284.33	0.24763	192.8795	348.06	1752.04	2447.24
ashley	IY0	be	3.2199999999999998	197.1	318.63	2489.19	3046.01	0.46788	197.11599999999999	267.2305	2485.67	3066.96
ashley	AH0	a	3.29	186.01	468.51	1915.6	2682.35	0.60419	187.295	323.807	1705.78	2604.44
ashley	M	man	3.3899999999999997	177.8	227.16	1843.88	2530.1	0.39476	177.452	190.119	1597.86	2638.81
ashley	AE1	man	3.58	180.54	781.36	1889.6	2774.79	0.66899	179.27949999999998	386.402	1640.24	2736.8
ashley	N	man	3.805	171.07	180.45	1657.09	3024.83	0.19707	173.9455	186.688	1598.02	2636.43
ashley	W	woman	4.205	144.8	177.97	802.25	2276.78	0.01759	158.15949999999998	173.451	1595.38	2653.45
ashley	M	woman	4.375	149.83	175.31	1018.29	2530.8	0.10899	149.79	175.7	1584.6999999999998	2643.7
ashley	AH0	woman	4.4399999999999995	157.7	170.37	905.45	2533.78	0.0	158.571	174.347	1518.7	2635.77
ashley	N	woman	4.615	166.24	169.1	947.73	2768.2	0.03115	163.288	409.616	1752.98	2927.6400000000003
ashley	EH1	there've	5.390000000000001	207.65	575.77	2055.32	2751.77	0.59754	208.133	486.708	1570.61	2563.34
ashley	R	there've	5.455	225.26	414.64	1587.0	2421.92	0.43706	224.214	377.52750000000003	1554.535	2384.9399999999996
ashley	IH0	been	5.59	223.47	430.91	1969.39	2747.57	0.4266	212.3925	346.391	1495.34	2680.37
ashley	R	rumors	5.720000000000001		176.0	1494.69	2437.13	0.02687	168.67950000000002	892.2275	2103.855	3126.4849999999997
ashley	UW1	rumors	5.84	234.62	302.38	1123.63	2650.14	0.22615	234.9885	275.225	1572.5	2642.255
ashley	M	rumors	5.945	201.11	217.91	1412.17	2387.72	0.27531	201.9755	218.533	1419.47	2454.32
ashley	ER0	rumors	6.075	204.18	351.27	1503.31	2134.21	0.26033	205.167	299.228	1626.405	2469.005
ashley	Z	rumors	6.255		686.0	2142.61	3080.21	0.54127	194.482	637.201	2207.51	3105.28
ashley	AO1	all	6.609999999999999	212.81	458.54	832.38	3052.21	0.16715	222.056	621.434	2950.425	3575.8950000000004
ashley	L	all	6.71	250.79	487.6	959.66	3040.42	0.40567	248.263	469.342	923.086	2952.08
ashley	M	manner	6.785	227.48	233.85	1387.96	2605.4	0.29623	232.3975	247.334	1565.49	2680.99
ashley	AE1	manner	6.87	213.2	659.31	2095.1	3060.65	0.55239	215.28300000000002	583.6545	2058.88	3198.385
ashley	N	manner	6.9399999999999995	192.55	251.97	1936.14	2989.47	0.36363	194.928	393.128	1871.09	2969.86
ashley	ER0	manner	7.0	194.96	576.21	1734.95	2294.01	0.80517	198.549	389.423	1901.45	2765.99
ashley	V	of	7.09		577.64	1811.89	2467.41	0.58473	172.2185	269.103	1593.61	2631.93
ashley	L	allegations	7.234999999999999	185.15	488.9	1141.67	2880.26	0.45778	185.177	391.4415	1216.6145000000001	2680.935
ashley	AH0	allegations	7.29	189.69	441.87	1785.02	2685.07	0.53439	190.37	387.101	1480.0	2670.3
ashley	EY1	allegations	7.465	174.48	269.83	2311.88	2671.35	0.07909	176.36	277.542	1881.49	2501.73
ashley	AH0	allegations	7.68	177.82	339.17	1739.3	2894.03	0.36755	179.898	287.098	1622.6	2731.2
ashley	N	allegations	7.795	173.38	280.02	1255.15	2836.07	0.26317	172.433	192.969	1602.035	2649.2349999999997
ashley	OW1	bold	8.565000000000001	209.05	390.64	782.1	2456.84	0.06167	208.07999999999998	435.454	1289.42	2556.11
ashley	L	bold	8.655000000000001	220.6	411.61	808.6	2931.3	0.24112	219.984	423.267	1026.5684999999999	2535.165
ashley	D	bold	8.719999999999999		430.1	1947.87	3125.08	0.59075	196.6615	338.825	1703.9450000000002	2847.83
ashley	EY1	claims	9.055	183.36	453.29	2321.7	2716.44	0.50104	184.141	344.897	1770.6750000000002	2730.255
ashley	M	claims	9.205	177.14	301.55	1586.28	2459.35	0.45758	176.851	239.424	1620.97	2646.69
ashley	Z	claims	9.309999999999999		566.94	1912.37	2889.89	0.4534	203.35	557.822	1986.64	2979.88
ashley	N	and	9.469999999999999	185.73	299.98	1614.54	2838.32	0.3687	179.957	256.77750000000003	1570.495	2676.01
ashley	P	public	9.575		561.72	1498.16	2683.78	0.46435	171.0325	475.4295	1682.5700000000002	2738.755
ashley	AH1	public	9.655000000000001	201.03	589.04	1063.93	2918.27	0.44182	193.819	548.25	1827.999	3166.005
ashley	B	public	9.715	168.63	218.52	1417.22	2802.82	0.25341	163.12	195.97899999999998	1555.96	2605.67
ashley	L	public	9.77	181.65	307.12	1077.24	2820.65	0.14576	171.15750000000003	290.4785	1330.8200000000002	2624.47
ashley	IH0	public	9.815	181.29	299.42	1267.05	2810.49	0.17588	183.771	267.144	1407.095	2682.295
ashley	K	public	9.879999999999999		272.14	925.71	3146.17	0.03689	57.8271	1045.9995	2522.52	3649.15
ashley	L	lies	9.969999999999999	199.15	392.98	873.19	2973.72	0.2287	183.474	395.128	922.304	2797.88
ashley	AY1	lies	10.18	156.95	677.25	1707.13	2781.7	0.39973	158.1165	430.847	1292.31	2701.225
ashley	Z	lies	10.42		581.16	1826.48	2599.78	0.44665	171.851	506.476	1803.675	2733.98
ashley	IY1	he's	11.205	244.6	270.22	2518.68	2802.46	0.38519	240.289	264.585	1752.75	2652.27
ashley	Z	he's	11.32		1379.72	2305.62	3429.9	0.87409	202.992	349.541	1861.365	2872.33
ashley	B	belligerent	11.385		294.34	1938.22	2924.15	0.45137	58.4191	1386.48	2596.69	3803.15
ashley	L	belligerent	11.5	195.67	306.42	1011.0	3096.4	0.12642	201.016	304.009	1299.69	2641.78
ashley	IH1	belligerent	11.58	202.67	419.28	1661.12	2921.61	0.32061	206.167	336.025	1570.18	2904.02
ashley	ER0	belligerent	11.76	184.08	339.67	1855.52	2321.26	0.3565	183.393	335.874	1665.2	2600.16
ashley	AH0	belligerent	11.829999999999998	157.49	374.83	1760.03	2602.74	0.42657	161.703	289.642	1662.72	2538.2799999999997
ashley	IY1	she's	12.48	208.77	246.36	2459.36	2797.0	0.33055	211.7115	250.637	2001.62	2681.04
ashley	Z	she's	12.605	173.05	188.51	2011.6	2953.03	0.30045	186.9635	236.0	1692.17	2813.95
ashley	IH0	in	12.675	186.86	395.12	1837.37	2978.86	0.48388	188.078	300.898	1692.75	2708.665
ashley	N	in	12.725	174.96	267.01	1764.55	2618.64	0.35035	174.715	274.124	1617.05	2645.87
ashley	AH0	a	12.785	168.47	266.93	1269.72	2600.93	0.15246	174.418	353.551	1599.3	2606.64
ashley	AH1	funk	13.005	174.57	535.72	1160.23	2901.83	0.38006	178.8425	385.792	1066.54	2645.05
ashley	NG	funk	13.115	164.42	215.35	1569.37	2584.63	0.23542	163.371	245.98149999999998	1594.28	2645.53
ashley	W	when	13.745000000000001		271.31	1721.23	2705.94	0.38896	191.962	236.219	1138.0325	2718.8
ashley	HH	he	13.91		626.93	2626.44	3410.82	0.83065	152.56	1570.12	2693.56	3529.05
ashley	IY1	he	14.02	225.49	249.33	2569.67	3156.83	0.35673	219.35399999999998	240.243	1650.0300000000002	2704.2200000000003
ashley	EY1	fades	14.3	177.93	405.62	2255.4	2633.72	0.37699	181.2815	397.015	2255.325	2863.91
ashley	D	fades	14.440000000000001	170.25	186.19	1837.4	2727.97	0.2939	172.901	907.8755000000001	2113.84	3163.675
ashley	AH0	the	14.625	188.55	325.51	1222.7	2570.68	0.2313	194.4075	262.936	1529.72	2575.95
ashley	W	world	14.695	145.39	361.66	1566.49	2477.23	0.50568	167.827	940.6474999999999	2043.18	2960.4300000000003
ashley	ER1	world	14.77	178.59	479.48	1065.24	3309.92	0.25502	179.134	415.697	1024.91	2555.11
ashley	L	world	14.84	178.86	412.88	655.27	2707.0	0.20105	178.1755	494.5005	1213.9635	2701.815
ashley	D	world	14.905000000000001	154.34	185.87	869.54	2687.04	0.0993	155.9305	1561.21	2618.86	3611.5
ashley	IY1	teeters	15.085	206.01	342.26	2461.26	3017.14	0.50567	203.629	360.368	2503.34	3275.97
ashley	T	teeters	15.16		434.59	2032.24	2761.8	0.48509	168.089	327.575	1993.775	2721.455
ashley	ER0	teeters	15.285	193.18	307.24	1669.9	2097.78	0.22602	81.76975	331.072	1714.08	2314.17
ashley	Z	teeters	15.45		961.36	2023.9	2990.93	0.64549	181.327	643.695	1908.75	2959.27
ashley	N	when	15.905000000000001	174.29	305.25	1810.44	2867.66	0.41775	174.47	232.694	1620.28	2683.12
ashley	IY1	she	16.175	177.67	240.27	2535.03	3122.12	0.33369	176.438	244.719	2058.04	2644.575
ashley	AY1	crime	17.33	202.85	762.14	1873.03	2771.48	0.60883	204.48149999999998	450.918	1863.415	2882.5699999999997
ashley	M	crime	17.45	194.17	212.07	1199.46	2299.12	0.2143	194.554	209.368	1574.4250000000002	2629.6949999999997
ashley	B	blossoms	17.52		184.51	1216.73	2691.63	0.1721	178.393	419.59	1603.77	2811.32
ashley	AA1	blossoms	17.665	221.68	492.59	853.09	2987.64	0.0	213.79250000000002	496.326	1042.76	2832.84
ashley	AH0	blossoms	17.91	178.13	364.33	1361.75	2986.32	0.32157	176.995	229.564	1553.21	2684.55
ashley	M	blossoms	18.03	181.06	196.43	963.36	2990.69	0.13121	177.453	193.94	1615.54	2669.01
ashley	OW1	o	18.884999999999998	246.49	485.54	941.25	2912.07	0.33478	244.937	440.14300000000003	907.476	2776.2349999999997
ashley	HH	how	19.09		1083.88	1423.9	3008.67	0.86174	211.925	905.325	1507.44	2964.52
ashley	DH	the	19.25	172.05	196.64	1646.1	2875.51	0.26273	188.38	177.963	1611.09	2598.98
ashley	IY0	the	19.325000000000003	229.75	384.41	2252.21	2615.83	0.55115	215.8995	361.314	1850.28	2605.13
ashley	P	operatic	19.55		593.79	1196.58	2620.9	0.42691	144.00075	448.624	1557.74	2599.67
ashley	AE1	operatic	19.805	191.43	601.39	1886.65	2736.87	0.41138	191.014	484.21	1660.37	2618.12
ashley	T	operatic	19.950000000000003		702.36	1955.82	2870.88	0.64816	138.68375	489.964	1879.94	2877.75
ashley	IH0	operatic	20.055	185.81	335.84	1855.87	2622.0	0.3722	175.399	280.9235	1741.3899999999999	2614.7250000000004
ashley	IH0	impulse	20.395	185.28	213.12	2075.99	2685.03	0.0	183.437	211.48149999999998	1695.81	2571.005
ashley	P	impulse	20.61		785.06	1101.89	2789.69	0.53902	361.77549999999997	1209.06	2477.04	3511.97
ashley	L	impulse	20.775	185.88	366.54	745.53	2762.24	0.15081	186.321	264.619	1135.1805	2639.9049999999997
ashley	IH1	dip	22.34	199.03	350.51	2397.32	2950.18	0.33494	198.417	327.99699999999996	2310.6499999999996	2851.0699999999997
ashley	P	dip	22.42	183.98	209.48	2358.83	2771.12	0.39297	183.8105	167.1845	1593.69	2593.37
ashley	D	deep	22.520000000000003	165.58	182.67	2300.54	2769.89	0.38288	168.964	513.3	2268.635	2861.2
ashley	IY1	deep	22.685000000000002	205.86	242.73	2643.67	3010.18	0.35862	214.52	281.341	1738.92	2661.79
ashley	P	deep	22.84		1120.93	1936.55	2659.42	0.93293	139.39800000000002	288.475	1792.74	2881.91
ashley	AY1	my	23.075	178.18	666.48	1845.46	2762.75	0.43747	178.607	362.194	1607.1799999999998	2612.31
ashley	D	darling	23.18		488.41	1927.46	2892.21	0.65231	157.553	454.728	1914.14	2883.64
ashley	AA1	darling	23.259999999999998	170.71	451.88	1184.53	2389.38	0.08961	173.559	403.435	1191.02	2358.28
ashley	R	darling	23.335	172.61	456.26	1284.24	2350.15	0.40202	171.116	402.33849999999995	1278.59	2407.35
ashley	L	darling	23.41	169.61	319.14	1515.21	2851.23	0.28556	170.29	297.998	1613.05	2711.2
ashley	IH0	darling	23.465	172.48	342.55	2217.74	2766.65	0.4623	171.6005	291.585	1844.37	2652.69
ashley	IH0	into	23.875	199.83	239.83	2222.22	2911.11	0.0173	199.489	1264.3235	2614.365	3455.12
ashley	T	into	23.990000000000002		808.27	2163.06	2694.95	0.76476	166.865	554.311	2130.765	3088.4
ashley	AH0	into	24.05	173.75	204.82	1763.61	2907.89	0.0	117.8683	143.9255	1805.81	2822.68
ashley	AH0	the	24.15	189.1	396.61	1241.38	2757.38	0.3439	165.329	377.928	1369.31	2741.42
ashley	B	blank	24.215		356.34	1538.66	2790.25	0.42699	146.51299999999998	266.5345	1571.595	2727.495
ashley	L	blank	24.29	187.92	489.52	1102.74	2900.5	0.44809	183.771	413.48850000000004	1142.49	2790.675
ashley	AE1	blank	24.354999999999997	182.66	694.62	1732.35	2909.13	0.5012	183.127	460.9675	1992.27	3600.525
ashley	NG	blank	24.42	177.26	327.25	1811.64	2450.79	0.47148	175.047	298.57399999999996	2424.38	3672.54
ashley	K	blank	24.53		1069.0	1783.29	2937.54	0.68264	125.20125000000002	616.378	1605.23	2830.24
ashley	UW1	pool	24.755	186.65	334.91	751.23	2451.03	0.20104	184.639	341.02	834.1495	2562.71
ashley	L	pool	24.93	176.84	264.28	823.06	2960.51	0.00656	170.442	264.06	1550.74	2579.36
bob	IH0	in	0.525	146.38	392.14	1685.66	1791.62	0.44579	147.775	423.776	1830.71	2983.01
bob	N	in	0.63	144.73	308.15	1294.17	1947.16	0.31385	144.5445	302.602	1591.75	2602.07
bob	DH	the	0.685	129.09	309.13	1445.63	2359.94	0.35968	134.822	324.26	1506.09	2546.29
bob	IY0	the	0.75	137.65	411.93	1717.51	1841.67	0.47365	133.19549999999998	399.416	1723.59	2763.51
bob	AO1	offing	0.9	153.96	606.89	1065.92	2150.4	0.48415	159.276	605.501	1146.18	2856.42
bob	IH0	offing	1.18	147.93	411.2	1630.58	1760.81	0.47125	146.8775	412.22950000000003	1736.47	3000.51
bob	NG	offing	1.3199999999999998	198.73	389.86	1517.46	2165.85	0.52729	191.794	289.3795	1481.8200000000002	2473.9849999999997
bob	AH0	the	1.565	114.36	361.96	1457.87	2406.01	0.33943	118.027	381.446	1561.0	2714.58
bob	IY1	sea	1.8599999999999999	185.95	357.09	2065.34	2132.22	0.4582	178.83	347.199	2106.13	3363.42
bob	N	and	2.025	136.2	329.55	1272.02	2094.18	0.34153	141.44799999999998	393.4775	1505.585	2663.0950000000003
bob	AH0	the	2.14	126.36	359.29	1356.82	2315.51	0.31278	132.259	414.0615	1405.25	2759.3149999999996
bob	AY1	sky	2.515	122.09	650.11	1237.63	2060.95	0.16496	124.614	616.293	1390.2	2606.23
bob	W	were	2.71	139.66	375.08	1242.96	2662.92	0.45315	148.843	397.895	1469.51	2597.7
bob	ER0	were	2.8049999999999997	128.29	413.21	1017.43	1889.84	0.10172	129.773	427.954	1149.52	2397.76
bob	W	welded	2.9050000000000002	112.59	305.91	1307.2	1872.81	0.3512	116.92349999999999	334.122	1270.49	2600.3450000000003
bob	EH1	welded	3.0	163.32	574.49	1302.35	1995.44	0.35386	158.584	582.331	1296.67	2676.665
bob	L	welded	3.09	179.35	535.51	1052.27	2359.26	0.50868	179.575	539.752	1137.85	2494.76
bob	D	welded	3.175	138.0	316.02	1374.21	2704.34	0.34715	138.053	311.98900000000003	1477.41	2700.8999999999996
bob	IH0	welded	3.24	129.5	299.6	1495.58	2265.11	0.22485	134.805	328.49	1555.41	2636.225
bob	D	welded	3.29	105.81	272.65	1556.66	2758.49	0.33492	116.17750000000001	264.5335	1601.41	2636.605
bob	AH0	together	3.415	122.51	348.16	1637.74	1952.26	0.35858	124.027	369.13	1772.3	2634.25
bob	G	together	3.505	98.39	1383.74	2320.8	3369.1	1.0	108.562	365.549	1933.1	2871.79
bob	EH1	together	3.5999999999999996	123.91	596.12	1465.85	1988.61	0.45001	124.249	506.57849999999996	1549.27	2313.91
bob	DH	together	3.685	136.96	329.21	1450.94	2280.45	0.38664	138.491	393.59450000000004	1540.3000000000002	2788.41
bob	ER0	together	3.755	172.49	457.17	1350.5	1800.77	0.42747	172.066	438.9735	1441.7150000000001	2776.6549999999997
bob	W	without	3.825	139.65	379.06	919.08	1546.73	0.3846	142.651	401.9685	1340.19	2593.915
bob	IH0	without	3.885	129.53	443.02	1360.6	2147.07	0.47585	136.585	437.392	1487.3	2586.36
bob	T	without	4.154999999999999	146.15	501.89	1156.36	2299.71	0.3381	148.791	540.02	1263.87	2442.7
bob	AH0	a	4.25	132.92	356.82	1297.39	2338.56	0.29573	140.637	422.788	1509.99	2593.23
bob	OY1	joint	4.58	141.57	540.25	997.08	2247.17	0.43453	147.265	547.519	1132.0549999999998	2875.2200000000003
bob	N	joint	4.75	92.89	148.42	1605.26	2258.07	0.13781	93.2089	1637.46	2437.88	3603.91
bob	D	and	5.295	112.65	357.29	1485.35	2465.62	0.41592	110.35	291.5935	1509.605	2433.625
bob	IH0	in	5.335	116.89	402.32	1484.33	2075.96	0.42281	116.364	301.499	1550.95	2729.02
bob	N	in	5.380000000000001	112.91	265.58	1364.94	2106.75	0.26439	113.296	250.6055	1575.325	2599.17
bob	DH	the	5.42	103.6	252.19	1420.56	2205.46	0.28092	107.926	240.3865	1589.6799999999998	2616.39
bob	AH0	the	5.49	112.33	544.22	1317.77	2303.16	0.58608	110.0255	478.804	1417.18	2585.34
bob	L	luminous	5.58	110.59	318.47	1340.57	2198.26	0.23649	107.741	326.60299999999995	1391.225	2348.6899999999996
bob	UW1	luminous	5.67	138.95	357.81	1106.19	2139.33	0.32087	138.581	375.889	1217.07	2580.65
bob	M	luminous	5.74	121.23	294.87	1061.46	2162.34	0.32004	126.49700000000001	681.4885	1756.05	2860.27
bob	AH0	luminous	5.779999999999999	117.32	438.55	1249.3	2196.84	0.40963	118.17	380.206	1247.475	3417.12
bob	N	luminous	5.83	106.42	251.71	1285.92	2322.87	0.22686	108.4825	1293.57	2301.61	3561.45
bob	AH0	luminous	5.91	103.33	443.3	1463.23	2432.93	0.46467	104.0195	413.254	1488.69	2490.21
bob	EY1	space	6.275	148.46	428.88	1700.48	1969.74	0.30471	147.862	430.20000000000005	1734.6999999999998	2575.7250000000004
bob	AH0	the	6.8100000000000005	112.21	378.42	1577.91	2396.2	0.39135	110.739	432.307	1552.17	2508.64
bob	T	tan	6.92		545.15	1637.08	2606.04	0.47264	195.19150000000002	559.7429999999999	2003.375	3146.855
bob	AE1	tan	7.08	187.7	558.34	1544.0	2232.98	0.25402	184.119	562.893	1675.06	2325.45
bob	N	tan	7.25	144.76	298.25	1470.34	2190.56	0.33585	153.0515	327.284	1666.35	2460.27
bob	L	sails	7.7	171.5	403.29	1162.59	2012.0	0.32493	163.732	412.571	1305.685	2664.295
bob	Z	sails	7.785	101.58	366.6	1805.18	2922.06	0.34814	121.6635	986.4285	2417.325	3460.2749999999996
bob	AH0	of	7.845000000000001	119.46	402.4	1401.35	2229.33	0.22577	126.5765	395.375	1553.77	2617.21
bob	V	of	7.895	93.54	345.56	1319.64	3020.85	0.31717	100.31295	347.343	1551.89	2617.21
bob	DH	the	7.9399999999999995	105.1	581.46	1445.32	2911.79	0.70821	85.32095000000001	365.76	1471.3600000000001	2746.5699999999997
bob	B	barges	8.065		415.45	1243.96	2165.79	0.4232	92.37	356.15650000000005	1358.75	2507.3050000000003
bob	AA1	barges	8.2	147.01	587.57	1131.86	1909.6	0.29657	144.268	589.8615	1149.335	2661.55
bob	R	barges	8.315	133.24	518.56	1380.57	1808.02	0.53324	136.0	540.344	1420.4	2585.19
bob	IH0	barges	8.485	173.07	347.75	1521.8	2258.71	0.33204	159.956	325.8005	1677.37	2568.09
bob	R	drifting	8.719999999999999	127.26	311.79	1528.57	2670.86	0.25405	112.8245	299.5635	1564.455	2677.3
bob	IH1	drifting	8.77	147.16	434.48	1556.86	1606.2	0.33209	143.1835	424.708	1592.78	2713.55
bob	T	drifting	8.89		542.91	1485.3	2570.72	0.43783	275.646	551.496	1892.64	2838.63
bob	NG	drifting	9.010000000000002	124.49	356.85	989.52	1988.83	0.37662	120.7795	391.499	1665.22	3494.42
bob	AH1	up	9.095	148.24	606.45	1176.22	1850.54	0.52195	146.37	605.665	1230.785	2534.66
bob	IH0	with	9.280000000000001	115.24	349.07	1365.11	1796.67	0.07279	116.3735	340.60249999999996	1381.885	2712.2200000000003
bob	AH0	the	9.455		387.71	1587.66	2532.72	0.4077	115.73949999999999	368.759	1553.94	2620.7
bob	T	tide	9.55		713.83	1675.99	2759.37	0.59446	138.497	433.344	1680.5300000000002	2770.98
bob	AY1	tide	9.739999999999998	144.22	614.57	1254.44	1789.6	0.11221	152.181	613.653	1307.98	2848.77
bob	D	tide	9.94	145.98	393.95	1771.52	1885.8	0.51464	150.89350000000002	389.996	1646.99	2658.81
bob	IY1	seemed	10.49	171.11	347.48	1925.18	2040.14	0.41429	170.5045	355.6225	1926.12	2698.05
bob	M	seemed	10.615	165.94	316.11	1286.17	2208.59	0.40978	163.332	328.797	1523.26	2355.98
bob	D	seemed	10.66	143.05	270.74	1624.65	2329.73	0.34642	118.98775	225.66750000000002	1652.9650000000001	2448.26
bob	AH0	to	10.8	129.93	359.68	1432.59	2334.81	0.39693	130.88649999999998	341.424	1679.34	2857.92
bob	AE1	stand	11.125	170.2	563.11	1529.65	1649.02	0.25681	166.07150000000001	580.6375	1592.65	2386.525
bob	N	stand	11.24	141.99	513.69	1536.4	2575.83	0.67515	144.531	452.4395	1517.79	2616.4300000000003
bob	D	stand	11.305	120.55	325.51	1528.85	2647.86	0.38887	134.811	289.7605	1571.24	2708.5299999999997
bob	IH1	still	11.665	123.5	428.45	1547.85	1871.31	0.31491	134.025	424.35	1640.0149999999999	2712.23
bob	L	still	11.855		387.07	1032.79	2333.59	0.263	143.853	427.055	1276.8449999999998	2501.81
bob	IH0	in	11.95	127.86	485.08	1598.46	1684.98	0.60851	129.6995	452.995	1627.62	2567.26
bob	N	in	12.045	115.29	326.72	1415.99	2313.96	0.36746	116.645	310.70050000000003	1445.3049999999998	2586.925
bob	R	red	12.165	137.81	318.16	1046.35	1836.6	0.10297	121.097	317.344	1454.92	2531.53
bob	EH1	red	12.27	169.43	506.93	1520.17	1562.16	0.2868	166.98899999999998	503.896	1558.87	2850.01
bob	D	red	12.39	110.07	337.01	1720.83	2530.54	0.44034	110.983	343.459	1618.21	2610.82
bob	L	clusters	12.565	154.45	466.14	1203.18	2092.01	0.43783	155.199	535.1315	1314.075	2704.95
bob	AH1	clusters	12.64	164.76	571.27	1231.74	2246.44	0.47785	163.445	588.794	1327.775	2676.375
bob	ER0	clusters	12.865	125.78	355.39	1537.36	1942.56	0.28047	128.184	343.8145	1625.475	2841.24
bob	AH0	of	13.02	127.25	410.53	1313.91	2270.6	0.20484	128.1965	396.65099999999995	1425.845	2781.965
bob	V	of	13.11		552.36	1413.85	2662.56	0.48225	105.12605	508.134	1498.6	2725.63
bob	AE1	canvas	13.33	171.16	560.27	1205.75	1740.02	0.16206	170.4	529.287	1720.37	3206.39
bob	N	canvas	13.425	130.34	346.47	1343.9	2246.53	0.38216	135.03250000000003	316.13599999999997	1416.97	2448.1000000000004
bob	V	canvas	13.510000000000002	85.08	330.35	1388.62	2631.86	0.32119	98.9076	302.486	1476.55	2684.04
bob	AH0	canvas	13.615	81.88	372.62	1528.55	2590.79	0.37148	83.9362	393.068	1549.4650000000001	2812.92
bob	AA1	sharply	14.030000000000001	153.0	622.14	1213.11	1712.36	0.39753	154.082	617.379	1244.27	2663.24
bob	R	sharply	14.115	125.54	508.39	1212.19	1659.29	0.46079	139.224	556.754	1375.935	2662.5
bob	P	sharply	14.185		617.88	1318.08	2488.38	0.46729	428.95550000000003	613.5315	1401.31	2490.7749999999996
bob	IY0	sharply	14.325	106.42	321.12	1494.13	1950.02	0.18702	117.587	372.538	1644.455	2689.4750000000004
bob	IY1	peaked	14.555	137.53	281.23	1927.55	2160.27	0.294	142.263	311.618	1932.055	2542.9049999999997
bob	K	peaked	14.67		1488.69	1983.55	2577.07	0.96008	263.004	303.856	1817.59	2465.59
bob	DH	with	15.24	105.07	314.59	1460.83	2130.49	0.37024	108.602	289.2635	1594.9050000000002	2622.75
bob	G	gleams	15.315	96.6	220.81	1241.48	2605.26	0.2173	99.0212	1259.95	2529.1	3473.04
bob	L	gleams	15.399999999999999	129.35	372.3	1175.42	2431.86	0.27826	129.01850000000002	368.199	1440.545	2642.035
bob	IY1	gleams	15.535	147.25	335.13	2139.58	2686.62	0.43214	144.6475	339.19050000000004	2075.475	3452.16
bob	M	gleams	15.695	180.15	308.73	1307.09	2168.03	0.40242	176.355	298.776	1564.53	2592.67
bob	AH1	of	15.905000000000001	145.38	563.05	1106.87	2112.5	0.41005	148.22949999999997	502.74899999999997	1301.645	2748.2349999999997
bob	V	of	16.04		441.72	1428.53	2665.1	0.40778	125.20349999999999	392.113	1487.1100000000001	2681.7700000000004
bob	AA1	varnished	16.275	142.46	613.58	1132.59	2023.67	0.34175	146.921	607.4765	1143.27	2796.26
bob	R	varnished	16.35	125.77	566.58	1286.25	1712.39	0.57804	127.67	579.191	1295.93	2679.22
bob	N	varnished	16.405	120.04	312.91	1419.19	2408.16	0.34726	122.1635	347.502	1446.835	2633.255
bob	IH0	varnished	16.48	125.5	357.62	1659.47	2157.58	0.3729	124.45	355.0305	1752.505	2662.085
bob	EY1	space	16.965	91.61	317.1	1655.74	2216.43	0.03886	94.7537	1574.81	2351.2	3514.89
charlotte	IY1	please	0.665		602.24	2102.7	2813.22	0.91199	233.0525	479.752	2101.14	2809.4
charlotte	AO1	call	0.94	186.14	620.33	1077.15	3079.21	0.50923	186.58	594.08	1114.67	2963.49
charlotte	L	call	1.04	185.73	501.68	918.62	3185.67	0.41719	185.7285	598.422	1956.8	3315.47
charlotte	L	stella	1.3250000000000002	144.71	704.54	1166.54	3152.62	0.81376	148.49599999999998	711.998	1165.92	2933.38
charlotte	AH0	stella	1.46		828.61	1355.95	2965.91	1.0	139.927	775.1949999999999	1377.1999999999998	2947.5249999999996
charlotte	AE1	ask	2.19		1015.65	1416.55	2901.57	0.87084	242.4975	942.055	1444.69	3031.23
charlotte	T	to	2.5		823.97	1935.21	3321.74	0.72531	236.465	450.366	1802.08	2796.38
charlotte	B	bring	2.59	184.15	340.99	1446.27	2508.38	0.38986	195.6905	288.7925	1656.245	2700.295
charlotte	IH1	bring	2.6799999999999997	186.29	507.13	1833.52	2569.77	0.5811	187.414	485.058	1822.61	2586.08
charlotte	NG	bring	2.7649999999999997	182.59	505.28	1972.22	2880.94	0.80714	185.257	426.671	1763.92	2810.14
charlotte	DH	these	2.855	167.13	548.31	1935.64	2899.67	0.78084	169.511	471.701	1880.165	2846.66
charlotte	IY1	these	2.9400000000000004	192.25	472.75	2300.78	2819.48	0.71329	186.169	406.131	2326.07	2872.75
charlotte	Z	these	3.05		583.38	2060.09	3126.71	0.48316	192.84949999999998	627.2705000000001	2057.0299999999997	3116.465
charlotte	IH1	things	3.1950000000000003	162.59	515.99	1993.02	2915.91	0.64297	165.7935	530.047	1979.65	2895.9
charlotte	NG	things	3.285	157.62	619.5	1990.13	2919.4	1.0	156.215	538.266	2008.37	2855.06
charlotte	W	with	3.4450000000000003	157.57	400.4	1381.52	2647.97	0.52816	157.103	1277.39	2355.08	3680.11
charlotte	IH0	with	3.495	154.05	462.18	1443.19	2807.08	0.37212	160.386	466.23900000000003	1443.62	2767.36
charlotte	ER1	her	3.65	144.57	500.55	1719.96	2800.91	0.50805	144.917	466.19050000000004	1676.23	2774.335
charlotte	M	from	3.85	141.75	388.98	1077.08	2172.08	0.06487	142.697	396.0915	1625.4099999999999	2494.535
charlotte	AH1	the	3.925	136.56	403.66	1361.65	2835.95	0.38152	130.42849999999999	382.896	1355.43	2800.58
charlotte	AO1	store	4.175000000000001	133.89	522.85	1025.48	2655.34	0.33825	136.89499999999998	490.321	1130.95	2657.88
charlotte	R	store	4.365		442.32	1074.01	2755.09	0.30958	125.0375	612.3135	1304.915	2780.37
charlotte	IH1	six	5.07	201.78	573.17	2009.65	2851.63	0.78857	199.034	480.277	1834.47	2861.01
charlotte	K	six	5.154999999999999		476.66	1852.75	2640.58	0.37882	201.258	454.4955	2002.37	2633.81
charlotte	UW1	spoons	5.484999999999999	170.86	418.76	1521.71	2572.07	0.52188	171.4885	444.532	1586.42	2602.8
charlotte	N	spoons	5.575	173.98	390.79	1250.84	2811.45	0.4296	173.405	355.577	1487.92	2806.5299999999997
charlotte	Z	spoons	5.640000000000001		473.38	2158.5	3068.48	0.44928	168.939	416.061	2477.44	3695.72
charlotte	AH0	of	5.6899999999999995	143.99	424.78	1686.82	2701.23	0.38761	149.3235	411.1025	1725.495	2785.95
charlotte	V	of	5.73		1075.86	2138.31	3282.34	1.0	137.0805	1061.622	2022.85	3051.5699999999997
charlotte	EH1	fresh	5.955	209.38	790.11	1919.3	2724.11	0.988	201.74099999999999	674.108	1657.78	2621.19
charlotte	SH	fresh	6.0649999999999995		710.63	2090.3	3100.31	0.15997	201.171	2053.63	2950.105	3605.535
charlotte	N	snow	6.225	164.31	478.1	1418.43	2613.71	0.59663	168.88299999999998	528.109	1803.45	2880.85
charlotte	OW1	snow	6.3149999999999995	148.55	493.69	1489.45	2718.22	0.49814	150.0965	491.17199999999997	1522.355	2690.955
charlotte	P	peas	6.425000000000001		504.59	1718.29	2361.31	0.46862	148.077	427.142	1672.56	2653.65
charlotte	IY1	peas	6.57	143.68	411.54	2172.31	2671.98	0.57756	146.157	407.9905	2116.135	2679.8
charlotte	V	five	7.31		628.46	1869.98	2823.66	0.63274	172.353	593.1485	1914.4099999999999	2703.315
charlotte	IH1	thick	7.54	193.15	655.18	1932.0	2643.23	0.97198	204.036	542.743	2010.86	2822.9
charlotte	K	thick	7.62		441.08	2102.59	2433.6	0.4218	356.97299999999996	469.584	1990.24	2646.0
charlotte	AE1	slabs	7.89	175.56	974.8	1263.25	2828.04	0.76963	176.608	894.0844999999999	2673.16	3557.985
charlotte	B	slabs	7.9799999999999995		505.85	1175.69	2707.27	0.50368	173.607	909.313	2452.88	3487.13
charlotte	AH0	of	8.100000000000001	153.24	434.81	1323.93	2761.16	0.25545	154.28300000000002	414.346	1640.92	2770.01
charlotte	V	of	8.170000000000002		343.18	1570.88	2477.78	0.369	148.56900000000002	389.1585	1772.47	2670.48
charlotte	UW1	blue	8.345	179.53	399.18	1326.57	2639.9	0.44356	179.251	379.972	1357.69	2603.3
charlotte	CH	cheese	8.45		494.24	2170.51	2997.03	0.0	179.691	579.6085	2126.6000000000004	2892.98
charlotte	IY1	cheese	8.615	140.38	447.41	2223.66	2783.33	0.6526	140.404	395.231	2093.97	2622.14
charlotte	AH0	and	9.100000000000001		1038.21	1832.98	3124.23	1.0	141.0523	726.6155	1722.31	2874.21
charlotte	M	maybe	9.305	154.58	627.64	1680.12	2680.34	1.0	153.351	483.216	1665.48	2707.84
charlotte	EY1	maybe	9.370000000000001	153.08	601.2	2032.19	2715.33	0.77395	153.219	540.7529999999999	2014.815	2714.865
charlotte	B	maybe	9.440000000000001	145.08	414.73	1973.55	2706.45	0.58703	150.20499999999998	370.479	1859.99	2544.1
charlotte	IY0	maybe	9.495000000000001	147.18	404.03	2071.96	2740.06	0.60486	147.767	386.8125	2007.15	2647.435
charlotte	AH0	a	9.559999999999999	147.91	434.35	1938.75	2802.44	0.55726	141.801	438.19050000000004	1945.84	2772.6000000000004
charlotte	HH	her	10.280000000000001	140.54	676.22	1563.61	2635.86	0.57547	141.643	522.65	1510.57	2595.09
charlotte	AH1	brother	10.485	133.57	547.57	1328.18	2745.49	0.47275	130.0165	516.566	1318.4	2638.56
charlotte	DH	brother	10.530000000000001		482.36	1237.14	2817.44	0.53252	127.771	447.648	1330.0949999999998	2777.9049999999997
charlotte	AA1	bob	10.719999999999999		803.46	1127.76	2748.37	0.66647	112.542	696.665	1885.71	3190.425
charlotte	B	bob	10.844999999999999		359.64	1272.61	2736.23	0.37047	120.83775	925.6695	1833.83	3105.62
charlotte	IY1	we	11.485	172.47	380.95	1608.6	2447.98	0.4157	168.505	406.585	1578.41	2537.86
charlotte	AO1	also	11.55	198.61	499.85	1147.67	2844.78	0.34719	193.987	490.9615	1183.975	2842.925
charlotte	L	also	11.600000000000001		533.31	1165.38	3057.88	0.5362	210.985	432.153	1107.07	3008.68
charlotte	OW0	also	11.75	188.85	613.85	1602.47	2861.19	0.79016	191.789	470.36299999999994	1403.245	2817.4449999999997
charlotte	N	need	11.795	176.27	449.68	2081.8	2704.58	0.69284	182.158	384.931	1399.64	2736.67
charlotte	IY1	need	11.855	168.39	460.77	2216.72	2729.51	0.67563	168.97750000000002	439.5085	2155.685	2666.9449999999997
charlotte	D	need	11.915	164.35	354.68	2188.54	2770.04	0.55411	173.602	408.446	1974.31	2796.97
charlotte	AO1	small	12.325	195.17	529.74	924.66	3320.31	0.31203	193.727	481.172	1001.67	3052.71
charlotte	P	plastic	12.530000000000001		842.19	2148.24	3078.82	0.78405	194.2045	777.091	2491.11	3572.78
charlotte	AE1	plastic	12.66	184.14	854.09	1230.37	3072.27	0.58819	184.803	863.809	3092.07	3861.26
charlotte	N	snake	13.065	158.7	538.5	1908.98	2880.94	0.79076	159.4725	441.5645	2147.48	3621.955
charlotte	EY1	snake	13.16	148.53	849.2	2100.79	2847.02	1.0	147.2815	616.584	2086.21	2888.64
charlotte	K	snake	13.3		891.64	2132.26	2636.6	0.67347	149.48450000000003	506.555	2122.01	2656.72
charlotte	N	and	13.504999999999999	144.87	491.83	1750.09	2945.89	0.68694	141.035	426.9205	1463.9850000000001	2863.09
charlotte	D	and	13.535	146.68	421.06	1750.68	2885.15	0.54099	146.5355	367.1325	1500.295	2801.5600000000004
charlotte	AH0	a	13.565000000000001	143.3	431.03	1513.14	2329.92	0.4571	145.95	435.8425	1721.6999999999998	2546.3050000000003
charlotte	B	big	13.615		459.78	1889.84	2651.55	0.61594	142.8295	408.43899999999996	1646.605	2607.66
charlotte	IH1	big	13.68	156.71	468.02	1958.58	2560.13	0.51568	158.168	476.667	1990.81	2596.29
charlotte	G	big	13.755		966.03	2021.13	2270.08	1.0	157.961	434.458	1979.18	2702.24
charlotte	OY1	toy	13.98	153.35	487.94	1213.78	2213.72	0.37066	152.29199999999997	490.4125	1309.145	2400.125
charlotte	AA1	frog	14.245000000000001	135.55	625.48	1100.29	2378.29	0.3458	137.514	592.653	1083.09	2388.99
charlotte	G	frog	14.335		534.73	1209.43	2405.12	0.49632	133.763	516.1469999999999	1092.815	2528.2
charlotte	AH0	the	14.59	131.52	459.71	1419.38	2601.82	0.4799	132.444	419.655	1561.645	2543.52
charlotte	K	kids	14.665		1162.11	2099.81	2922.46	0.81201	98.75685000000001	667.9125	2057.23	2680.6
charlotte	IH1	kids	14.75		479.11	2122.07	2659.24	0.58409	137.495	447.191	2087.72	2654.87
charlotte	D	kids	14.84		364.15	2219.52	2412.14	0.57099	67.1291	353.557	1907.58	2589.98
charlotte	IY1	she	15.71	161.43	374.24	2193.15	2612.85	0.5135	135.7755	364.1025	2203.7799999999997	2669.565
charlotte	N	can	15.865	157.33	431.98	1991.88	3015.5	0.64723	161.928	402.175	1750.48	2678.95
charlotte	UW1	scoop	16.095	193.83	402.3	1438.03	2631.57	0.47395	196.877	396.64	1601.1	2630.05
charlotte	P	scoop	16.185000000000002		410.01	1864.52	2878.01	0.43275	195.244	606.9995	1860.3899999999999	2748.7799999999997
charlotte	DH	these	16.225		387.4	1877.08	2792.25	0.56112	199.544	428.164	1868.99	2704.26
charlotte	IY1	these	16.295	165.55	470.36	2179.55	2800.1	0.68611	165.408	425.045	1999.83	2636.86
charlotte	IH1	things	16.525	144.85	457.81	2037.12	2912.11	0.51012	146.04149999999998	469.64	2013.59	2719.02
charlotte	NG	things	16.615000000000002	143.08	605.67	1976.09	2728.94	0.98103	143.055	412.84450000000004	1684.1599999999999	2662.775
charlotte	Z	things	16.705	139.07	268.3	1960.73	2905.19	0.32814	138.8595	1966.35	3139.66	4160.97
charlotte	IH0	into	16.759999999999998	145.88	412.4	1955.29	2710.77	0.37729	148.51850000000002	357.033	1870.53	2693.7
charlotte	N	into	16.8	140.16	379.04	2004.14	3273.38	0.56984	106.02940000000001	337.782	1775.79	2662.66
charlotte	T	into	16.845		903.2	1979.53	3363.22	0.78825	137.0355	267.429	1737.53	2658.82
charlotte	R	three	17.035	173.48	454.63	1493.29	2335.24	0.46932	175.68849999999998	429.479	1643.68	2415.2
charlotte	IY1	three	17.115000000000002	181.61	379.18	1257.11	2281.56	0.34633	179.993	376.417	1944.86	2323.07
charlotte	R	red	17.205	172.08	432.03	1548.77	2358.13	0.45193	175.311	419.218	1560.8	2323.07
charlotte	D	red	17.34	167.56	645.63	1455.48	2380.36	0.73464	165.14499999999998	619.549	1639.75	2683.12
charlotte	G	bags	17.625		585.29	1677.62	2529.34	0.63643	134.266	461.03499999999997	1718.94	2646.11
charlotte	W	we	18.125	147.77	421.48	1150.04	2202.48	0.50997	143.8055	398.95349999999996	1197.15	2351.525
charlotte	IY1	we	18.155	145.13	358.42	1164.58	2323.73	0.29107	143.8955	385.3155	1281.035	2368.8500000000004
charlotte	W	will	18.200000000000003	135.26	380.68	1038.9	2389.69	0.41518	137.23950000000002	411.282	1193.37	2635.61
charlotte	G	go	18.345		400.92	1365.27	2257.68	0.40598	137.339	440.956	1502.11	2564.9
charlotte	OW1	go	18.43	136.59	561.86	1348.81	2522.78	0.62761	137.376	562.043	1340.745	2491.43
charlotte	M	meet	18.52	142.82	408.67	1115.65	2612.53	0.52406	140.9715	412.81500000000005	1072.895	2541.075
charlotte	IY1	meet	18.604999999999997	159.03	463.71	2414.47	2731.53	0.71822	156.64	414.816	2105.29	2557.76
charlotte	ER0	her	18.82	159.24	524.71	1099.16	2686.62	0.36006	160.7705	513.867	1440.81	2674.57
charlotte	W	wednesday	18.9	144.1	498.82	1215.17	2751.33	0.65582	147.1225	467.89	1123.29	2597.94
charlotte	N	wednesday	19.04	135.35	656.67	1673.12	2885.6	0.9198	134.495	430.111	1784.0	2940.47
charlotte	EY2	wednesday	19.354999999999997	127.75	535.42	2263.42	2711.83	1.0	132.658	485.339	1887.76	2725.18
charlotte	R	train	19.855	134.26	614.44	1903.26	2722.21	0.8604	134.039	572.975	1830.26	2631.72
charlotte	EY1	train	19.915	131.3	773.43	2093.54	2837.14	1.0	132.125	542.713	2238.75	2863.03
charlotte	N	train	19.98	127.69	546.32	2077.32	2793.34	0.83788	128.41	435.877	2238.75	3076.49
charlotte	EY1	station	20.22	125.3	537.27	2050.95	2679.93	0.63192	125.49600000000001	536.877	2039.8	2745.85
charlotte	N	station	20.490000000000002		690.68	2321.97	3137.39	1.0	131.558	287.453	1803.41	2861.24
cheryl	IY1	please	0.6499999999999999	290.99	382.2	2022.96	3065.52	0.49597	298.711	380.339	2553.67	3070.33
cheryl	AO1	call	0.8999999999999999	311.52	639.83	1192.94	2218.92	0.58211	329.535	646.91	1168.685	2946.5550000000003
cheryl	AH0	stella	1.4300000000000002		910.41	2019.07	2974.61	1.0	157.722	849.862	1988.85	3347.31
cheryl	AE1	ask	1.69	232.5	900.98	1642.18	2316.54	0.7704	227.757	959.922	2141.83	2741.985
cheryl	B	bring	2.075		423.85	1628.14	2345.02	0.51878	387.124	451.4845	1685.06	2481.835
cheryl	IH1	bring	2.16	310.09	589.06	2163.44	2567.98	0.8664	244.76800000000003	569.7505	1932.27	2923.49
cheryl	NG	bring	2.205	273.83	293.91	1469.93	2315.59	0.35331	223.563	541.991	2194.55	2833.55
cheryl	DH	these	2.25	294.47	438.96	1973.35	3185.08	0.64971	277.9255	394.353	2329.665	3919.505
cheryl	IY1	these	2.31	269.09	410.89	2073.59	2991.56	0.5578	286.812	392.5885	2647.115	3369.9
cheryl	Z	these	2.37		1179.32	2330.22	3015.93	0.78885	276.822	1331.755	2415.6	3600.045
cheryl	TH	things	2.435		475.06	1838.91	2406.59	0.42357	553.2764999999999	1273.115	2389.365	3551.6949999999997
cheryl	TH	with	2.7350000000000003		584.25	1867.26	2521.45	0.8108	233.0915	422.624	1968.6100000000001	2826.99
cheryl	ER0	her	2.885	203.96	603.08	1451.59	2190.39	0.63589	207.331	628.909	1627.4	2237.03
cheryl	AH0	the	3.0949999999999998	214.99	418.33	1951.55	3398.28	0.53569	203.662	1195.453	2637.23	3943.7700000000004
cheryl	AO1	store	3.3049999999999997	170.59	563.8	1135.08	2908.47	0.4423	184.991	559.646	1200.53	2792.81
cheryl	R	store	3.415		812.01	1770.99	2378.8	1.0	96.5822	753.732	1622.135	2458.39
cheryl	IH1	six	4.06	306.13	585.86	2306.92	2501.7	0.89444	305.669	570.645	2330.09	3001.07
cheryl	UW1	spoons	4.385	309.17	478.59	1291.26	2350.72	0.57694	313.4965	482.913	1590.9	3441.72
cheryl	N	spoons	4.48	264.78	401.86	2146.52	3186.09	0.63417	275.271	476.468	2126.32	3349.91
cheryl	AH0	of	4.57	243.06	506.08	2072.09	3141.46	0.7037	550.4960000000001	936.6714999999999	2288.885	3487.045
cheryl	EH1	fresh	4.755	236.15	688.81	2037.12	2136.11	0.82059	244.2365	702.5435	1965.335	3148.545
cheryl	N	snow	4.98	256.56	373.84	2141.16	3189.26	0.59072	265.927	1392.3425	2801.1	4046.545
cheryl	OW1	snow	5.055	217.43	570.48	1422.93	3085.6	0.66801	224.79	567.2735	1517.9699999999998	3285.62
cheryl	P	peas	5.16		816.28	1970.2	2786.12	0.73129	218.6475	459.0115	1765.9650000000001	2686.325
cheryl	Z	peas	5.45		529.05	2145.87	2904.7	0.47208	150.73000000000002	417.643	2373.76	3549.03
cheryl	AY1	five	5.945	226.19	1018.39	1795.22	2883.33	1.0	227.025	911.938	1715.24	2954.34
cheryl	V	five	6.05		732.06	1903.18	2535.86	0.71245	286.911	645.3725	2200.105	3114.965
cheryl	IH1	thick	6.17	155.36	558.75	2512.76	2610.82	0.87895	153.2545	529.7974999999999	2400.725	3014.395
cheryl	AE1	slabs	6.455	245.07	742.33	1749.28	2210.81	0.57402	245.561	739.114	1909.555	2878.95
cheryl	B	slabs	6.535	248.1	728.85	1885.9	3269.8	0.90045	245.811	633.748	1874.67	3361.88
cheryl	AH0	of	6.625	244.45	466.92	1763.27	3122.27	0.50006	244.462	444.415	1860.64	3081.64
cheryl	L	blue	6.755	229.28	389.98	1356.0	3138.36	0.35652	230.7335	373.99850000000004	1717.78	2974.57
cheryl	UW1	blue	6.84	209.67	423.88	2377.35	2996.15	0.72166	213.98450000000003	403.931	2143.35	3005.9
cheryl	IY1	cheese	7.1	199.54	414.56	1617.26	3073.23	0.4786	203.081	413.254	1940.63	3153.67
cheryl	Z	cheese	7.225		495.18	2063.89	2336.9	0.44457	204.96699999999998	422.917	2004.17	3009.73
cheryl	M	maybe	7.494999999999999	234.52	373.14	1974.74	2847.46	0.67125	233.387	335.5675	1715.88	2540.37
cheryl	EY1	maybe	7.57	242.67	475.25	2104.99	2926.24	0.50227	241.816	467.561	2874.67	3480.65
cheryl	B	maybe	7.640000000000001	240.56	343.1	2205.16	3259.13	0.56331	245.00400000000002	377.4765	2563.545	3254.925
cheryl	IY0	maybe	7.705	277.68	355.98	1558.5	3036.73	0.32858	271.195	331.891	2268.46	3224.02
cheryl	AH0	a	7.779999999999999	282.91	551.46	2119.19	2855.69	0.77619	279.1275	542.848	2066.17	2755.38
cheryl	AE1	snack	8.015	205.98	924.12	1931.3	2289.4	0.88436	214.1495	826.087	1799.34	2296.56
cheryl	HH	her	8.29		988.22	1888.25	2731.56	0.91414	231.925	747.558	1822.3200000000002	2411.045
cheryl	ER0	her	8.370000000000001	214.54	694.79	1582.01	2168.97	0.86856	213.734	717.7475	1561.415	2288.87
cheryl	R	brother	8.45	205.16	599.76	1381.6	2427.02	0.66267	210.6365	627.1265000000001	1566.135	2576.0
cheryl	DH	brother	8.54	197.02	487.05	1559.73	2946.97	0.61421	199.735	479.844	1466.23	3022.16
cheryl	ER0	brother	8.59	201.11	592.22	1724.47	2232.69	0.83474	203.81900000000002	603.1155	1666.685	2886.605
cheryl	B	bob	8.649999999999999		357.97	1411.34	2500.8	0.4	196.745	365.23749999999995	1526.9299999999998	2644.79
cheryl	AA1	bob	8.79		859.73	1364.77	2736.23	0.8842	110.071	859.124	1391.915	2816.995
cheryl	IY1	we	9.585	268.25	481.52	2425.36	3031.14	0.75273	273.002	421.7015	2011.14	3024.39
cheryl	L	also	9.690000000000001	304.6	670.83	1501.61	3272.94	0.85125	286.542	734.3445	1515.8200000000002	3532.9049999999997
cheryl	N	need	9.865	341.36	387.23	2115.69	2783.44	0.60561	348.859	415.539	2045.08	2434.23
cheryl	D	need	9.99	257.54	354.81	2083.19	2264.82	0.53312	300.7265	383.26099999999997	2620.895	3189.0
cheryl	AH0	a	10.045	253.77	496.98	2088.13	2231.16	0.68616	254.935	484.719	2314.48	3337.5
cheryl	M	small	10.205	252.36	291.72	1453.44	2455.73	0.40911	257.97749999999996	380.235	1639.835	2547.63
cheryl	AO1	small	10.27	227.19	750.84	1154.05	3415.53	0.74098	228.57600000000002	723.678	1322.9850000000001	3492.88
cheryl	AE1	plastic	10.5	295.55	809.74	2066.86	2756.04	0.75911	298.37199999999996	804.566	1945.125	3293.955
cheryl	EY1	snake	10.934999999999999	216.42	448.2	2073.72	2901.78	0.4333	219.4405	465.94849999999997	2134.285	2944.9300000000003
cheryl	D	and	11.16	221.82	328.4	1546.09	2990.6	0.39558	224.6215	373.1565	2382.625	3528.45
cheryl	AH0	a	11.195	207.4	477.76	2173.68	2744.77	0.67596	213.33249999999998	338.40200000000004	1955.53	2916.3199999999997
cheryl	B	big	11.24		382.88	1669.18	2802.15	0.48459	207.084	245.609	2306.68	3442.75
cheryl	IH1	big	11.309999999999999	228.84	471.28	1973.71	2792.24	0.52754	219.139	476.352	2376.695	3008.42
cheryl	G	big	11.375	243.32	420.96	1568.58	2619.92	0.46507	240.619	388.959	2085.91	2911.06
cheryl	OY1	toy	11.58	234.89	686.19	1563.12	2837.02	0.97255	245.337	622.216	1610.49	3043.1
cheryl	AA1	frog	11.84	189.71	922.17	1551.62	2404.13	1.0	197.834	881.637	1527.39	2446.07
cheryl	G	frog	11.915	209.47	511.26	1608.34	2775.61	0.55518	200.426	667.4925000000001	1636.405	2711.365
cheryl	DH	the	12.09		637.24	1944.41	2319.86	0.89674	220.382	395.77	1746.63	2941.55
cheryl	IH1	kids	12.325		598.23	2047.78	2539.54	0.8601	190.237	581.2774999999999	2621.3450000000003	3389.86
cheryl	D	kids	12.440000000000001		248.41	1480.91	2421.46	0.29242	290.56095	208.735	2215.76	3328.58
cheryl	K	can	13.155000000000001	230.47	302.54	2044.6	3088.97	0.33224	176.1955	351.2335	2283.43	2970.43
cheryl	AH0	can	13.184999999999999	267.16	408.53	2059.68	2749.36	0.18465	234.029	375.21500000000003	2254.91	2889.2250000000004
cheryl	N	can	13.225	238.56	321.0	1807.3	2378.36	0.44088	262.1305	406.246	2332.3	2781.92
cheryl	UW1	scoop	13.405	307.67	411.36	2202.01	3055.02	0.66032	315.074	392.621	2200.99	3089.11
cheryl	P	scoop	13.465		762.34	2188.65	3176.72	0.73742	226.382	1156.0765	2103.85	3244.545
cheryl	IY1	these	13.57	347.6	368.8	1978.55	2789.47	0.46319	348.55	395.933	2372.54	3177.05
cheryl	IH1	things	13.785	253.35	542.23	1994.3	2572.16	0.7082	259.76	551.4335000000001	2204.145	2501.515
cheryl	NG	things	13.875	247.8	402.7	1491.88	2556.15	0.5449	245.937	366.617	2325.42	2858.62
cheryl	Z	things	13.98		684.53	2304.76	3382.32	0.56528	250.9685	1680.29	2706.44	4138.745
cheryl	T	into	14.205		498.05	2114.07	3070.83	0.54566	234.3765	1005.8389999999999	2409.23	3435.995
cheryl	IY1	three	14.36	236.43	466.6	2341.12	2682.58	0.70967	230.104	462.328	2307.74	2624.86
cheryl	R	red	14.42	248.62	434.32	1978.23	2645.46	0.59915	243.753	366.442	1722.72	2597.79
cheryl	EH1	red	14.495	260.61	735.7	2061.13	2895.11	0.92323	260.445	661.0195	2046.815	2801.135
cheryl	D	red	14.559999999999999	242.93	361.4	2134.23	2970.87	0.55078	246.86649999999997	476.244	1759.84	2683.69
cheryl	B	bags	14.620000000000001		964.87	2189.62	3058.58	1.0	253.864	1400.39	2322.72	3631.98
cheryl	AE1	bags	14.76	188.01	910.31	2193.17	2898.88	0.93798	199.593	802.4865	2227.01	2767.0950000000003
cheryl	G	bags	14.89		399.75	2113.87	3091.16	0.55541	220.8745	462.0545	2157.9700000000003	3581.4449999999997
cheryl	W	we	15.14	224.54	522.25	1163.68	3127.68	0.68344	223.449	370.964	1180.24	2757.66
cheryl	IY1	we	15.190000000000001	228.18	445.94	1928.63	2802.58	0.59439	227.27	435.0095	1802.2849999999999	2815.04
cheryl	AH0	will	15.265	221.91	470.95	1215.62	3000.66	0.33681	221.363	417.19	1269.54	2878.085
cheryl	L	will	15.309999999999999	221.89	456.77	1138.1	3132.21	0.40478	220.958	466.622	1288.27	2886.51
cheryl	OW1	go	15.45	229.14	699.52	1225.66	3061.21	0.93112	574.947	608.9984999999999	1199.57	2871.8500000000004
cheryl	M	meet	15.535	274.41	315.26	1346.73	2585.18	0.42292	270.087	1264.58	2495.4	3629.2
cheryl	T	meet	15.675	297.1	410.34	2178.51	2689.25	0.5009	296.023	473.054	2238.675	2953.3999999999996
cheryl	HH	her	15.719999999999999	287.06	574.25	1954.86	2965.24	0.60258	302.3395	399.987	1976.03	2742.04
cheryl	ER0	her	15.795	229.23	681.08	1441.04	2289.59	0.79498	241.865	703.766	1569.21	2602.63
cheryl	W	wednesday	15.865	216.99	531.89	1160.28	2475.91	0.69896	222.0775	561.925	1446.61	2515.11
cheryl	EH1	wednesday	15.935	196.82	748.43	1878.73	2802.06	0.89061	203.825	690.326	1773.91	2858.22
cheryl	N	wednesday	16.015	206.91	425.62	2167.02	2552.6	0.67436	202.739	449.20550000000003	2149.2799999999997	2973.0550000000003
cheryl	Z	wednesday	16.07	224.52	298.62	1493.44	2474.31	0.27055	213.181	268.448	1870.23	3124.145
cheryl	EY2	wednesday	16.16	199.59	426.9	1430.87	2943.13	0.56712	207.59699999999998	578.714	2331.21	3463.53
cheryl	AE1	at	16.215	189.71	571.1	1804.11	2485.52	0.34505	190.92000000000002	567.8475000000001	2059.725	2579.69
cheryl	T	at	16.25		439.44	1281.74	2477.14	0.32367	136.2712	924.751	2228.72	2961.19
cheryl	N	train	16.61	207.73	351.49	1618.28	2909.06	0.44729	192.386	451.045	2360.54	3349.41
cheryl	EY1	station	16.795		378.21	1590.68	3040.9	0.16394	91.30600000000001	386.39	2860.41	3579.79
cheryl	N	station	17.1	238.85	289.91	2026.57	3242.91	0.43991	235.87	501.258	1955.82	3135.7
chris	AE1	and	1.125	156.96	664.37	1621.64	2345.6	0.83721	156.596	693.156	1608.25	2470.94
chris	N	and	1.335	160.35	495.43	1433.89	2034.43	0.62606	162.996	417.82	1473.74	2307.42
chris	AH1	what	1.635	179.39	622.85	1280.86	2226.72	0.59693	185.986	597.321	1316.39	2379.63
chris	AY1	i'm	1.755	177.23	759.6	1466.53	2121.3	0.44065	178.681	824.517	1478.185	2341.525
chris	M	i'm	1.82	178.37	288.66	1157.26	2169.31	0.33267	178.373	1163.54	2134.14	3276.58
chris	AH0	about	1.8900000000000001	178.88	510.27	1199.62	2115.02	0.5079	179.5455	499.32800000000003	1241.445	2521.145
chris	B	about	2.025		197.33	917.84	2359.27	0.11827	165.599	1397.36	2461.7	3582.3
chris	T	about	2.3049999999999997		632.67	1163.99	2670.0	0.42761	290.024	592.4265	1117.5900000000001	2772.245
chris	AH0	to	2.41	218.3	387.47	1629.16	2308.31	0.49016	229.571	361.5105	1681.7150000000001	2611.9700000000003
chris	EY1	say	2.695	150.3	431.76	2025.64	2482.29	0.38483	156.0865	439.522	2063.58	2528.59
chris	IH1	is	2.92	130.41	380.39	2162.0	2628.57	0.34989	130.78750000000002	378.969	2051.59	2581.29
chris	Z	is	3.0700000000000003		364.13	1759.98	2572.38	0.34017	118.477	303.3035	1772.96	2642.12
chris	EY1	a	3.23	122.31	381.98	2241.35	2498.21	0.54502	118.7555	388.668	2183.22	2672.9
chris	M	massive	3.62	161.29	236.15	1375.23	2218.65	0.29702	152.882	263.782	1506.87	2523.42
chris	AE1	massive	4.025	205.34	709.67	1627.72	2148.4	0.49337	206.417	677.616	1638.82	2598.07
chris	IH0	massive	4.32	163.21	399.3	1659.77	2428.69	0.45425	163.951	411.5185	1651.135	2510.07
chris	V	massive	4.4	156.96	350.36	1557.5	2425.54	0.37118	152.5735	416.468	1408.4	2503.09
chris	OW1	over	4.49	132.86	442.25	891.49	2403.2	0.21618	136.514	452.632	955.755	2525.34
chris	V	over	4.585	113.01	625.92	1913.6	2855.87	0.64024	122.66	469.153	1556.82	2709.21
chris	M	simplification	4.865	111.24	257.48	1460.3	2253.78	0.35331	112.671	218.369	1525.9	2581.2
chris	P	simplification	4.91		344.78	1559.22	2302.63	0.32806	156.15800000000002	307.2105	1516.115	2816.215
chris	L	simplification	4.96	106.2	390.04	1041.66	2372.42	0.27024	105.805	396.399	1197.8	2691.99
chris	AH0	simplification	5.005	98.11	450.01	1107.13	2363.23	0.39534	100.25280000000001	434.97799999999995	1203.54	2460.8050000000003
chris	F	simplification	5.035	99.52	434.03	1224.75	2283.7	0.18321	99.63745	401.7815	1268.59	2398.5550000000003
chris	IH0	simplification	5.07	114.26	380.26	1460.19	2545.98	0.37465	108.9205	351.7365	1527.48	2569.745
chris	EY1	simplification	5.234999999999999	163.53	346.67	2149.94	2625.89	0.21826	165.692	346.2735	2156.245	2599.69
chris	AH0	simplification	5.43	88.59	639.13	1580.66	2320.55	0.78957	151.184	487.70349999999996	1607.655	2585.2650000000003
chris	N	simplification	5.545		280.88	1672.81	2555.32	0.35206	153.553	250.56	1638.26	2501.355
chris	T	but	6.01	149.37	441.23	1483.7	1857.32	0.36919	149.882	437.307	1490.26	2514.6099999999997
chris	IH0	in	6.055	144.62	521.38	1575.44	2192.29	0.6744	145.4845	533.784	1576.33	2535.24
chris	N	in	6.109999999999999	141.96	493.2	1495.62	2046.78	0.63564	141.916	514.168	1532.52	2443.71
chris	AH0	a	6.18	154.59	476.98	1681.7	2688.55	0.56485	153.1365	440.69849999999997	1660.9450000000002	2659.185
chris	EH1	sense	6.415		750.68	1631.93	2661.58	0.81614	280.51599999999996	601.614	1617.5	2574.86
chris	N	sense	6.55	159.88	240.37	1724.52	2436.99	0.30172	161.081	293.298	1630.845	2584.62
chris	UW1	human	6.93		455.68	1597.22	2364.57	0.60437	242.79	402.9725	1682.08	2494.45
chris	M	human	6.975		371.15	1062.68	2342.18	0.44834	260.226	532.983	1547.76	2358.81
chris	AH0	human	7.02		501.27	1538.69	2222.65	0.56994	261.726	520.1985	1555.0149999999999	2398.6850000000004
chris	N	human	7.075	216.76	330.71	1202.85	2228.78	0.32878	221.407	337.5165	1544.62	2333.685
chris	EY1	brains	7.295	178.75	491.96	1869.94	2306.05	0.48733	179.453	447.033	1913.66	2455.83
chris	N	brains	7.37	166.59	286.9	1786.81	2330.05	0.38507	169.479	571.7715000000001	2083.02	3046.19
chris	Z	brains	7.44	167.37	296.25	1529.91	2461.0	0.27504	166.225	607.08	1952.7	3234.06
chris	AA1	are	7.575	134.39	557.98	1077.49	1712.87	0.21787	134.767	673.709	1229.6999999999998	2081.955
chris	R	roughly	8.0		252.06	838.14	2845.14	0.0	214.8155	256.461	1500.48	2641.77
chris	AH1	roughly	8.145		606.07	1162.09	1834.0	0.51532	252.43099999999998	810.065	1438.42	2690.74
chris	L	roughly	8.3	236.06	379.53	1420.74	2706.75	0.35739	237.147	332.487	1692.8	2583.4
chris	IY0	roughly	8.36	218.14	318.32	2084.39	2396.88	0.28949	223.4375	331.688	1941.73	2481.18
chris	AO1	thought	8.55	196.99	618.7	1174.53	2326.95	0.5424	198.45350000000002	684.6279999999999	1200.975	2490.925
chris	T	thought	8.64	197.75	435.01	1262.31	2438.71	0.31643	196.93349999999998	475.057	1454.47	2557.69
chris	AH0	of	8.725	195.0	462.77	1532.3	2624.39	0.39578	195.7995	459.3035	1526.77	2619.765
chris	V	of	8.825	179.83	444.63	1585.74	2740.91	0.44331	177.674	416.758	1590.17	2685.94
chris	EH1	as	8.92	166.65	503.29	1662.27	2610.54	0.20859	167.195	476.831	1646.47	2621.72
chris	Z	as	9.004999999999999	162.68	418.0	1611.7	2528.76	0.34154	163.9995	398.314	1750.03	2648.73
chris	HH	having	9.075	179.71	397.7	1840.89	2676.44	0.43025	176.798	325.15500000000003	1748.915	2573.785
chris	AE1	having	9.145	156.1	697.4	1528.83	2226.06	0.44819	161.926	691.342	1548.08	2384.375
chris	IH0	having	9.27	154.34	501.74	1688.88	2515.43	0.66025	156.773	494.486	1707.9099999999999	2648.55
chris	NG	having	9.325	137.29	463.91	1394.95	2361.05	0.63328	141.7185	468.1805	1685.7649999999999	2452.005
chris	AH0	a	9.465	111.63	655.79	1356.08	2266.4	0.7648	114.587	665.57	1373.74	2452.69
chris	AY1	highly	9.73	155.73	634.54	1651.68	2317.17	0.30584	155.2355	642.6075000000001	1643.2649999999999	2437.845
chris	L	highly	9.809999999999999	151.04	535.7	1631.32	2477.74	0.66811	150.351	501.496	1602.01	2525.25
chris	IY0	highly	9.875	147.17	306.22	1922.43	2342.37	0.21366	147.151	304.645	1835.76	2412.08
chris	L	logical	9.96	124.83	383.8	1222.74	2321.54	0.30989	130.35250000000002	395.752	1476.72	2633.87
chris	AA1	logical	10.07	117.64	681.21	1187.32	2230.96	0.48618	119.0705	651.427	1129.54	2605.3
chris	AH0	logical	10.27	122.67	390.23	1132.34	2323.29	0.30982	159.5005	413.3505	1371.1999999999998	2522.015
chris	P	part	10.375		805.08	1879.73	3036.51	0.70582	111.3301	538.068	1735.82	3194.035
chris	R	part	10.48	118.54	540.47	1339.98	1658.15	0.5545	119.87	555.341	1408.46	1745.71
chris	AH0	of	10.555	118.93	464.35	1444.67	2321.69	0.36227	167.22650000000002	449.0535	1449.5349999999999	2432.2349999999997
chris	V	of	10.585	117.11	428.72	1406.61	2324.27	0.394	117.92750000000001	437.119	1500.0	2594.305
chris	DH	the	10.615	117.94	435.42	1407.91	2287.89	0.5125	117.7375	427.41650000000004	1467.01	2583.855
chris	AH0	the	10.66	102.9	381.88	1384.36	2207.71	0.35339	117.4	415.235	1597.64	2603.46
chris	B	brain	10.719999999999999		448.34	1385.25	2942.27	0.48997	156.446	433.317	1625.74	2692.74
chris	EY1	brain	10.895	119.52	459.47	1977.53	2379.52	0.43733	117.216	445.408	2002.99	2626.04
chris	N	brain	10.98	131.96	314.12	1403.31	2286.26	0.34576	129.96800000000002	308.459	1703.3	2359.06
chris	DH	that	11.02	125.32	290.41	1581.39	2385.01	0.36758	127.63	287.3245	1498.1750000000002	2343.8450000000003
chris	EY1	takes	11.26	112.74	343.23	2182.04	2725.24	0.21766	126.158	334.295	2036.84	2541.54
chris	K	takes	11.315		416.52	1954.96	2658.65	0.37169	88.60035	426.616	1942.73	2648.3
chris	AH0	a	11.45	98.64	504.15	1011.62	1986.29	0.45658	100.6856	501.46	1859.95	3660.48
chris	AO1	long	11.79	119.57	679.45	807.32	2095.79	0.50248	120.313	648.383	2358.71	3275.27
chris	NG	long	11.899999999999999	132.9	487.15	1063.38	2394.92	0.61452	128.25099999999998	526.591	2164.91	3324.27
chris	T	time	12.015		682.11	1728.34	2957.77	0.58465	122.552	986.622	2707.515	3846.385
chris	AY1	time	12.18	103.82	687.81	1545.32	2294.95	0.35217	105.06	681.1065000000001	1586.81	2557.175
chris	M	time	12.335	135.56	333.85	1294.49	2238.73	0.44155	127.8565	396.96349999999995	1646.3400000000001	2496.395
chris	AE1	and	12.57	111.33	363.04	2041.52	2574.73	0.47148	105.463	409.969	1898.45	2571.78
chris	N	and	12.780000000000001	101.24	386.25	1543.24	2232.65	0.48406	103.392	394.32	1559.72	2480.7
chris	D	and	12.835		446.8	1278.57	2100.2	0.47522	100.40635	251.276	1662.73	2556.24
chris	IH1	thinks	13.29	160.99	353.74	1973.33	2460.88	0.23672	162.8155	359.611	1959.12	2500.04
chris	NG	thinks	13.34	145.53	383.61	1157.3	2316.94	0.45256	146.7935	355.89	2156.1	3533.39
chris	K	thinks	13.385	131.04	375.74	1725.77	2394.77	0.29246	136.348	334.459	1917.75	2940.76
chris	V	very	13.510000000000002	129.64	251.85	1490.38	2383.21	0.28781	129.045	910.9985	2209.955	3352.36
chris	EH1	very	13.58	152.14	424.44	1374.89	1682.11	0.07326	143.78	359.3105	1476.79	2406.145
chris	R	very	13.649999999999999	177.74	376.05	1419.08	1624.16	0.31959	172.845	389.629	1476.9450000000002	2992.5950000000003
chris	IY0	very	13.735	194.23	380.27	1970.51	2229.13	0.49739	188.238	370.19899999999996	2049.38	2500.125
chris	K	carefully	13.84		551.21	1786.59	2803.98	0.40275	173.94650000000001	488.42999999999995	1812.2	2880.115
chris	EH1	carefully	13.93	173.49	478.99	1498.91	1735.51	0.22341	174.6685	480.9255	1591.8600000000001	2028.195
chris	F	carefully	14.09		470.2	1472.09	2663.68	0.25597	156.572	489.355	1612.49	2951.4
chris	L	carefully	14.2	160.18	339.7	1180.31	2617.62	0.22683	160.387	382.572	1572.65	2628.76
chris	IY0	carefully	14.344999999999999	147.81	306.81	2155.03	2529.03	0.26031	147.953	323.281	2152.14	2496.4
chris	AH0	about	14.51	136.76	637.2	1414.43	2294.13	0.74947	138.68599999999998	573.5115000000001	1484.23	2470.075
chris	B	about	14.605	113.95	279.51	1344.25	2285.24	0.30163	126.813	544.5605	1385.335	2516.5249999999996
chris	T	about	14.915	76.93	391.79	1123.0	2397.37	0.25684	88.8411	382.6195	1555.215	2567.355
chris	EH1	whether	15.08	144.42	577.19	1415.69	2265.84	0.39563	143.71550000000002	572.788	1424.35	2324.04
chris	DH	whether	15.145	144.79	566.94	1418.74	2283.96	0.68339	144.6745	501.058	1454.2800000000002	2308.335
chris	ER0	whether	15.205	158.39	461.14	1391.73	1847.83	0.44976	161.087	496.211	1513.71	2468.2
chris	N	not	15.405	129.39	406.6	1573.03	2406.64	0.52106	130.128	337.158	1517.775	2423.855
chris	AA1	not	15.469999999999999	129.73	799.04	1393.78	1877.7	0.79441	129.553	733.255	1397.73	2282.455
chris	T	not	15.530000000000001	117.23	249.6	1255.53	2355.22	0.19042	124.8825	540.4445000000001	1285.12	2284.815
chris	D	ideas	15.739999999999998		362.03	2215.69	2690.86	0.56784	118.557	315.705	1860.04	2579.21
chris	IY1	ideas	15.835	122.31	343.87	2245.48	2482.18	0.46801	123.552	354.389	2128.16	2580.45
chris	AH0	ideas	15.920000000000002	112.83	433.0	1662.33	2411.92	0.49345	112.3895	445.216	1675.21	2603.8
chris	Z	ideas	16.005000000000003		476.6	1533.38	2743.42	0.35565	107.77565000000001	432.566	1611.2	2720.4
chris	AH0	consistent	16.275	129.81	387.88	1695.93	2275.98	0.43214	129.7375	355.027	1723.07	2505.35
chris	N	consistent	16.34	121.01	311.55	1603.65	2386.38	0.3839	117.986	239.767	1632.48	2391.25
chris	IH1	consistent	16.505		475.86	1684.11	2515.89	0.46633	247.584	371.3555	1630.63	2511.165
chris	AH0	consistent	16.744999999999997	205.87	472.07	1641.67	2575.04	0.54841	206.978	439.71	1619.51	2634.3
chris	N	consistent	16.83		418.58	1656.21	2534.19	0.5566	199.466	354.5865	1614.8899999999999	2568.0
chris	T	consistent	16.884999999999998		535.62	1649.15	2619.04	0.46889	145.6027	416.83849999999995	1637.96	2612.5950000000003
chris	N	and	16.955	114.67	389.77	1697.96	2599.94	0.52183	114.602	368.0385	1678.705	2648.545
chris	D	and	17.005		267.9	1654.06	2581.73	0.34912	119.591	1005.624	2247.29	3346.135
chris	OW1	so	17.21	186.52	480.18	1147.02	2448.9	0.37557	189.826	506.23299999999995	1377.69	2511.685
chris	AO1	on	17.355	172.74	748.72	1055.36	2662.34	0.53525	173.288	664.7850000000001	1191.75	2512.33
chris	N	on	17.48	169.02	355.55	1341.63	2484.73	0.39541	169.038	522.936	1360.28	2539.39
chris	AE1	and	17.55		544.27	1829.92	2579.37	0.70058	142.7215	408.85299999999995	1809.79	2540.415
chris	N	and	17.619999999999997	111.18	238.11	1681.46	2158.27	0.28928	114.055	238.499	1810.78	2344.23
chris	D	and	17.665	106.78	246.84	1180.52	2077.75	0.23037	109.1635	202.9605	1706.13	2306.855
chris	AY1	binds	17.805	112.73	656.4	1420.51	2168.44	0.24924	115.322	593.327	1442.605	2189.6549999999997
chris	N	binds	17.88	120.81	326.09	1535.66	2184.89	0.3916	121.6645	317.93	1793.31	2385.68
chris	D	binds	17.924999999999997	114.46	279.11	1753.71	2217.06	0.38175	118.84700000000001	265.411	1815.59	2353.95
chris	M	them	18.095	105.73	252.31	1377.96	2409.97	0.3248	207.099	269.13649999999996	1489.125	2540.6899999999996
chris	UW1	to	18.21	106.33	348.32	1555.65	2350.91	0.40415	108.31899999999999	275.5055	1626.25	2895.8199999999997
chris	IH1	symbols	18.385	187.79	512.32	1652.33	2693.65	0.54853	188.66	435.27250000000004	1604.2849999999999	2600.51
chris	M	symbols	18.445	171.11	248.98	1239.94	2380.61	0.28599	171.21	274.075	1409.93	2475.09
chris	B	symbols	18.485	163.43	200.83	1241.26	2356.88	0.19495	166.96800000000002	889.2040000000001	1857.435	3015.6400000000003
chris	D	and	18.955	110.12	303.35	1420.35	2226.36	0.34214	110.411	297.13750000000005	1547.46	2302.6549999999997
chris	EH1	etcetera	18.990000000000002	108.8	409.02	1506.52	2234.13	0.08417	109.926	392.068	1521.13	2361.425
chris	EH1	etcetera	19.185	157.4	633.01	1496.48	2159.06	0.53452	156.8295	623.7685	1482.1750000000002	2361.7700000000004
chris	AH0	etcetera	19.465	143.5	599.76	1345.26	2216.0	0.67693	144.171	661.0815	1378.44	2360.615
chris	IH0	it's	20.005		412.16	1575.27	2510.23	0.28149	139.66250000000002	924.729	2283.835	3291.2200000000003
chris	AY1	kind	20.22		899.41	1635.13	2396.43	0.74281	268.5465	846.43	1708.03	2543.96
chris	N	kind	20.28		415.64	1660.29	2166.55	0.55302	276.776	405.907	1724.82	2543.78
chris	AH0	of	20.345		475.42	1721.98	2647.82	0.49909	244.064	451.6825	1703.375	2612.4799999999996
chris	V	of	20.39	230.29	448.35	1712.45	2690.64	0.4729	224.8585	423.442	1682.225	2769.29
chris	L	slow	20.585	186.65	377.59	861.58	2250.66	0.20059	187.955	395.03549999999996	1518.0549999999998	2848.48
chris	OW1	slow	20.83	174.89	520.18	1025.38	2373.22	0.44128	175.112	561.5360000000001	1263.145	2619.62
chris	AE1	and	21.255		452.5	2025.06	2551.23	0.60424	133.995	424.883	1957.98	2575.81
chris	N	and	21.36	146.1	436.95	1670.2	2130.99	0.58728	145.59449999999998	386.324	1724.9	2476.22
chris	D	and	21.41	143.93	333.73	1498.0	2409.66	0.39193	144.15	285.233	1519.4650000000001	2498.81
chris	AO1	thought	21.605	168.58	551.21	1030.45	2271.86	0.3843	173.127	593.663	1158.1	2509.07
chris	IH0	to	21.77	192.02	370.75	1718.49	2756.97	0.48033	139.8551	325.87	1693.455	2816.08
chris	B	be	21.814999999999998	157.99	185.41	1868.28	2369.06	0.32005	152.979	225.166	1674.6	2693.21
chris	IY0	be	21.89	147.07	295.27	2125.34	2631.27	0.35682	148.837	314.08950000000004	2047.775	2603.68
chris	R	relatively	22.0		469.1	1721.22	2206.78	0.5685	141.333	332.816	1552.1	2497.3
chris	EH1	relatively	22.075	190.06	551.03	1193.27	1910.85	0.27143	189.833	583.3399999999999	1446.585	2909.25
chris	L	relatively	22.115000000000002	190.69	476.49	1016.4	2208.89	0.40327	190.428	544.238	1292.69	2658.68
chris	AH0	relatively	22.17	181.67	394.58	1228.62	2586.43	0.33795	185.421	442.332	1314.25	2679.515
chris	V	relatively	22.314999999999998	157.26	223.94	1560.26	2582.64	0.28312	163.974	170.705	1611.23	2769.07
chris	L	relatively	22.375	156.64	331.6	1200.9	2387.45	0.21937	156.491	329.2155	1510.77	2685.035
chris	IY0	relatively	22.43	131.19	324.49	2027.73	2516.43	0.30154	134.026	316.8275	1962.335	2574.14
chris	N	new	22.509999999999998	144.22	411.11	1896.16	2422.53	0.59563	141.8	296.175	1509.94	2428.3599999999997
chris	UW1	new	22.630000000000003	158.57	325.9	1465.44	2373.11	0.34416	157.047	332.7555	1593.42	2522.59
chris	IH0	in	22.72	138.5	467.25	1499.35	2227.55	0.55265	142.243	419.054	1524.81	2472.56
chris	B	brain	22.82	120.31	262.33	1550.74	2290.35	0.33	122.032	253.938	1553.12	2629.82
chris	R	brain	22.9	130.79	492.6	1373.89	1599.55	0.48975	134.166	507.548	1415.83	2494.12
chris	EY1	brain	22.975	140.31	461.77	1529.96	2115.52	0.34139	137.818	448.082	1468.34	1991.31
chris	N	brain	23.015	138.1	361.64	1856.58	2032.89	0.51261	139.57600000000002	366.4	1617.025	2161.915
chris	EH1	development	23.175	117.78	547.48	1156.55	1941.37	0.25249	114.84	535.486	1268.8600000000001	2297.385
chris	L	development	23.245	104.1	542.96	1006.28	2195.0	0.5081	104.5415	565.6475	1115.5700000000002	2535.4750000000004
chris	AH0	development	23.295	104.47	527.01	982.5	2494.27	0.48492	105.332	558.0705	1371.69	2632.81
chris	M	development	23.355	104.33	286.91	1064.67	2562.58	0.30745	104.3625	617.505	1756.245	3062.73
chris	AH0	development	23.43	106.12	578.54	1589.8	2577.56	0.6992	105.558	544.674	1587.045	2666.915
chris	N	development	23.525	112.49	362.4	1491.89	2509.18	0.43727	112.476	395.33050000000003	1559.75	2536.8199999999997
chris	AE1	and	23.675	129.64	491.34	1863.12	2354.22	0.62729	129.508	518.096	1865.39	2549.32
chris	N	and	23.78	122.48	467.86	1570.57	2592.13	0.61308	122.3495	445.986	1579.94	2453.89
chris	D	and	23.825000000000003	126.03	396.16	1560.14	2387.57	0.47471	125.309	323.534	1586.31	2451.43
chris	IH1	is	23.895000000000003	120.61	400.49	1766.9	2581.66	0.30062	120.63	380.008	1780.08	2636.68
chris	AH0	associated	24.035	118.5	403.68	1531.74	2505.54	0.41955	118.08	401.53	1594.225	2789.395
chris	OW1	associated	24.185	149.43	425.66	1377.29	2316.09	0.30288	151.78	419.51300000000003	1471.375	2528.165
chris	EY2	associated	24.39	125.67	380.24	2002.75	2584.08	0.24457	127.344	375.79150000000004	1991.715	2625.755
chris	T	associated	24.425	112.21	344.99	1728.93	2375.88	0.35836	141.356	362.06399999999996	1800.12	2425.96
chris	AH0	associated	24.455	116.46	429.5	1557.37	2221.8	0.46466	116.32650000000001	404.79200000000003	1655.52	2347.71
chris	D	associated	24.485	107.0	360.48	1142.02	2197.68	0.35061	112.09649999999999	408.085	1586.855	2679.7749999999996
chris	W	with	24.515	102.98	406.62	1223.27	2305.75	0.50188	106.3245	396.046	1427.4299999999998	2489.4049999999997
chris	IH0	with	24.55	109.11	428.53	1383.57	2232.91	0.27395	106.201	444.85249999999996	1455.005	2551.665
chris	L	language	24.67	100.05	393.09	868.7	2170.31	0.22765	98.87	446.578	1329.185	2476.775
chris	AE1	language	24.75	91.57	504.57	1715.67	2485.66	0.22537	91.1737	534.3040000000001	1713.7849999999999	2477.5150000000003
chris	NG	language	24.795	88.05	390.51	2086.53	2373.24	0.62944	86.5869	384.9625	2069.41	2555.5550000000003
chris	G	language	24.825		310.02	2058.56	2427.41	0.46269	125.31715	349.3965	2064.3650000000002	2778.88
chris	W	language	24.855		391.8	1031.47	2246.39	0.43225	137.248	401.20799999999997	1557.81	2398.33
chris	AH0	language	24.915		487.11	1433.16	2092.27	0.52476	104.5	485.4205	1452.7649999999999	2218.09
chris	W	whereas	25.509999999999998		394.58	886.13	3107.06	0.40316	130.21	396.693	1243.545	2136.985
chris	R	whereas	25.655	124.01	505.84	1500.01	1786.14	0.55296	124.512	522.719	1593.28	2126.44
chris	AE1	whereas	25.725	121.03	572.63	1524.66	1972.61	0.26899	121.099	583.585	1563.11	2352.77
chris	IY1	we	25.97		450.83	1821.21	2370.56	0.58307	122.257	394.08050000000003	1928.74	2437.535
chris	AO1	also	26.125		495.62	819.24	2768.33	0.22015	282.88	570.7625	2801.285	3412.785
chris	OW0	also	26.42	173.15	355.53	1062.07	2221.01	0.11641	183.89100000000002	412.518	1332.37	2512.36
chris	HH	have	26.490000000000002	167.49	361.66	1654.96	2125.94	0.35001	165.232	404.304	1615.98	2584.2799999999997
chris	AE1	have	26.555	141.73	679.69	1461.68	2095.69	0.40411	143.7865	625.7305	1519.895	2186.275
chris	V	have	26.61	134.55	604.91	1369.22	2187.41	0.50959	137.9665	579.9200000000001	1363.85	2294.7200000000003
chris	DH	this	26.65	129.63	345.94	1415.35	2357.41	0.3997	130.612	370.8	1513.54	2514.59
chris	IH0	this	26.71	130.99	410.23	1511.31	2538.62	0.26069	130.921	398.9905	1525.8449999999998	2675.02
chris	AH1	other	26.939999999999998		575.86	1163.21	2696.82	0.45804	286.166	573.1295	1213.4650000000001	2684.3450000000003
chris	DH	other	27.009999999999998		426.81	1390.53	2481.26	0.49739	211.6207	472.82050000000004	1458.525	2680.9700000000003
chris	ER0	other	27.085	236.28	459.54	1430.76	1671.22	0.45976	228.526	484.451	1512.4	2713.17
chris	K	kind	27.185		1078.93	1675.58	2216.9	0.66118	172.75349999999997	1511.52	2372.6499999999996	3606.95
chris	AY1	kind	27.295	153.63	702.2	1481.61	2096.33	0.35059	164.485	733.772	1618.3200000000002	2298.275
chris	N	kind	27.365000000000002	135.73	412.3	1732.33	2225.19	0.56307	141.4005	373.29499999999996	1829.365	2617.55
chris	D	kind	27.4	130.55	329.04	1715.58	2550.95	0.43032	132.0275	331.173	1764.14	2641.11
chris	IH1	thinking	27.630000000000003	130.57	469.31	1859.3	2516.62	0.494	128.163	425.539	1873.665	2551.3599999999997
chris	NG	thinking	27.695	126.72	333.29	2102.29	2674.47	0.53351	126.726	300.356	1861.58	2506.77
chris	IH0	thinking	27.815	130.6	435.73	2187.08	2658.82	0.6375	130.355	412.493	2233.12	2606.9399999999996
chris	NG	thinking	27.925	124.06	392.52	996.48	2386.93	0.43938	123.70750000000001	356.119	1628.36	2463.9700000000003
chris	DH	that	28.035		212.95	1643.74	2569.46	0.28306	147.012	417.4905	1781.8899999999999	2467.545
chris	AE1	that	28.2	112.24	741.3	1538.81	2362.1	0.51362	116.068	624.063	1575.91	2366.59
chris	T	that	28.36		562.2	1513.27	2450.12	0.45692	118.898	500.804	1579.69	2578.21
chris	IH1	in	28.45	146.83	446.78	1822.67	2531.29	0.58152	145.0005	424.023	1852.8899999999999	2624.185
chris	N	in	28.505	136.26	353.39	1644.94	2390.76	0.45576	139.56799999999998	325.445	1650.2350000000001	2552.34
chris	DH	the	28.54	130.15	452.08	1519.9	2220.06	0.5601	133.0025	440.968	1537.96	2372.61
chris	AH0	the	28.585	124.86	484.01	1531.29	1901.62	0.54196	127.2605	497.329	1607.48	2372.61
chris	B	brain	28.64	107.39	395.86	1599.58	2447.7	0.48265	113.20949999999999	311.919	1560.38	2480.52
chris	EY1	brain	28.805	122.89	476.99	1784.78	2264.2	0.43382	122.537	485.76	1800.91	2531.05
chris	N	brain	28.87	121.39	309.12	1600.24	2277.29	0.37951	122.06	314.3855	1620.04	2437.91
chris	DH	that's	28.915	121.4	426.85	1539.38	2437.79	0.53238	120.31	465.011	1589.92	2416.62
chris	AE1	that's	28.97	113.3	545.22	1563.01	2402.74	0.24062	114.321	515.7785	1581.665	2485.5699999999997
chris	M	more	29.195	143.23	277.02	1015.06	2283.6	0.27892	143.92	286.71500000000003	1238.555	2381.49
chris	AO1	more	29.285	144.96	517.54	1207.28	1865.42	0.39663	144.2665	515.344	1553.15	2639.6850000000004
chris	R	more	29.355	139.66	595.92	1319.51	1661.85	0.63581	141.97449999999998	716.1335	1581.8400000000001	3450.05
chris	N	intuition	29.44	141.72	429.66	1775.39	2679.84	0.59833	139.7065	260.4425	1830.815	2576.38
chris	T	intuition	29.495		415.81	1939.05	3047.67	0.45203	128.325	323.8315	1915.945	2798.785
chris	UW0	intuition	29.595	146.49	319.89	948.26	2479.63	0.0	160.183	343.857	1292.0	2527.3
chris	IH1	intuition	29.689999999999998	181.17	397.53	1789.73	2371.73	0.29901	180.11	368.44449999999995	1812.585	2473.205
chris	AH0	intuition	29.85	140.36	460.53	1683.76	2684.69	0.54022	130.47699999999998	407.5825	1724.1950000000002	2830.9849999999997
chris	B	based	29.950000000000003		265.71	1457.76	2531.79	0.31261	113.776	1520.16	2616.34	3578.32
chris	EY1	based	30.060000000000002	103.95	399.92	1940.87	2528.2	0.2928	107.2375	407.905	1937.06	2499.71
chris	N	kind	30.475	141.13	498.63	1663.43	2018.78	0.67903	135.772	533.2765	1699.6	2385.225
chris	D	kind	30.509999999999998	140.98	406.05	1592.08	2408.59	0.49226	140.148	401.855	1675.4050000000002	2427.92
chris	AH0	of	30.560000000000002	137.4	519.45	1527.85	2320.83	0.50228	137.666	519.903	1581.42	2447.05
chris	V	of	30.630000000000003	127.71	439.64	1479.58	2578.52	0.4172	129.441	305.48	1516.085	2608.77
chris	IY0	the	30.84	116.54	337.47	2275.88	2735.61	0.48484	116.6875	323.179	2151.06	2627.38
chris	IH1	thinking	31.295	180.98	385.17	2140.92	2726.89	0.35643	186.2065	383.573	2177.24	2789.71
chris	IH0	thinking	31.435	182.29	360.73	2251.63	2616.43	0.50498	181.474	342.9355	2438.06	3548.1850000000004
chris	NG	thinking	31.505	150.02	292.8	1274.9	2503.53	0.31677	155.1465	321.486	2448.14	3793.96
chris	IH0	with	31.604999999999997	140.75	414.91	1490.94	2307.87	0.26716	140.033	409.707	1501.87	2537.86
chris	TH	with	31.665	83.81	414.3	1688.44	2666.0	0.55129	150.234	410.602	2103.565	2924.8599999999997
chris	AH1	gut	32.155	138.1	655.06	1435.11	2358.59	0.72284	137.252	591.76	1544.0	2536.91
chris	T	gut	32.33		473.64	1739.31	2607.62	0.44704	212.88299999999998	594.47	1715.05	2639.43
chris	AY1	type	32.730000000000004	109.99	508.28	1838.9	2367.37	0.16986	115.297	515.607	1780.93	2504.69
chris	AH0	approach	32.955		493.05	1221.81	2164.62	0.4866	122.89755	495.8075	1351.6799999999998	2395.2
chris	OW1	approach	33.28	121.46	431.48	1405.65	2106.25	0.32447	112.357	470.451	1443.93	2134.94
chris	AE1	and	34.05	135.03	528.0	1914.58	2295.76	0.69469	135.715	659.58	1732.46	2413.92
chris	N	and	34.230000000000004	138.19	413.73	1433.69	2255.92	0.50261	140.063	387.696	1472.035	2323.8
chris	D	and	34.285	144.87	359.34	1541.95	2436.06	0.42959	144.688	267.8	1521.76	2395.08
chris	DH	that's	34.33	177.83	384.92	1628.81	2482.74	0.49969	163.2725	1084.403	2176.395	3150.04
chris	AE1	that's	34.394999999999996	208.48	678.56	1620.6	2474.04	0.447	201.159	643.411	1633.87	2579.99
chris	AH0	been	34.595	211.68	518.13	1486.56	2253.29	0.52138	216.556	517.19	1461.46	2352.535
chris	ER0	around	34.739999999999995	162.77	543.62	1062.29	1639.44	0.50812	164.28500000000003	605.649	1306.14	2011.86
chris	N	around	34.94	149.25	363.17	1320.93	2262.18	0.40258	148.96699999999998	331.289	1394.54	2438.17
chris	IH1	in	35.175	131.96	470.27	2084.79	2618.91	0.68311	133.4395	457.533	1926.0	2513.66
chris	N	in	35.405	140.19	420.63	1388.27	2014.82	0.50351	132.079	505.891	1442.44	2300.9
chris	AO1	all	35.49	185.87	554.47	973.16	2239.99	0.36839	193.21949999999998	676.237	1989.815	2805.205
chris	T	sorts	35.785	167.36	257.35	1503.99	2564.34	0.25014	168.90800000000002	347.339	1904.22	2706.25
chris	AE1	animals	35.975	157.78	488.15	1930.3	2305.77	0.26202	161.194	497.394	1878.1	2426.11
chris	N	animals	36.05	142.76	626.21	1425.34	2129.75	0.82182	143.179	614.5065	1479.325	2166.955
chris	AH0	animals	36.085	142.82	590.96	1213.08	1969.3	0.63397	143.20749999999998	625.027	1410.4650000000001	2133.76
chris	AH0	animals	36.144999999999996	135.77	505.61	1089.1	2173.24	0.47611	138.9925	491.057	1750.82	2774.08
chris	L	animals	36.185	131.36	404.22	1033.83	2693.0	0.29104	134.386	450.703	1626.53	2807.09
chris	IH1	really	36.535	173.27	393.31	1391.44	2114.29	0.1888	170.389	399.75350000000003	1517.695	2772.625
chris	L	really	36.58	167.05	387.55	1322.6	2431.76	0.3434	171.1675	395.426	1404.23	2615.4
chris	IY0	really	36.625	141.9	404.61	1421.86	2427.4	0.48275	151.3485	420.1605	1556.075	2722.8199999999997
chris	L	long	36.68	137.24	343.53	1217.31	2362.43	0.24319	136.639	453.5015	1494.79	2558.96
chris	AO1	long	36.754999999999995	121.67	677.69	995.96	1985.53	0.56891	129.437	894.6195	2362.335	3422.465
chris	NG	long	36.835	123.88	382.57	1055.8	2472.04	0.43276	119.212	355.437	1156.47	2479.36
chris	AY1	time	37.14		757.01	1461.48	1985.97	0.43427	168.721	740.01	1530.73	2511.32
chris	M	time	37.325	118.06	284.64	1589.65	2387.83	0.43003	118.425	328.0765	1746.9	2473.12
chris	N	and	37.725	141.29	403.46	1849.56	2492.41	0.57431	141.27550000000002	356.5695	1743.68	2518.59
chris	D	and	37.765	140.32	268.98	2158.47	2777.48	0.45157	140.49	340.749	2115.39	2673.22
chris	IY1	seems	37.89	185.55	358.3	2128.08	2593.61	0.4722	185.562	343.14300000000003	2061.02	2601.21
chris	M	seems	37.93	170.49	291.39	1642.02	2394.4	0.45396	175.061	248.458	1678.52	2429.25
chris	W	work	38.14	150.4	435.04	1318.12	1861.15	0.57196	155.4185	374.009	1416.845	2882.075
chris	IH1	really	38.540000000000006	211.25	417.07	1566.91	2394.53	0.29155	215.9695	402.874	1598.22	2620.7
chris	L	really	38.595	183.11	361.4	1317.49	2535.23	0.29965	186.42000000000002	355.4	1356.21	2676.76
chris	IY0	really	38.66	166.16	327.34	2071.73	2503.03	0.3205	165.151	328.803	1695.51	2674.87
chris	K	quickly	38.739999999999995		429.22	1307.82	2286.09	0.21729	162.403	424.694	1517.17	2874.21
chris	IH1	quickly	38.86		430.43	1753.77	2325.75	0.37139	249.351	431.321	1748.12	2436.18
chris	K	quickly	38.925		395.46	1625.01	2357.34	0.27804	235.61950000000002	439.6655	1795.77	2371.4449999999997
chris	IY0	quickly	39.019999999999996	160.48	299.77	2177.71	2551.84	0.23853	170.519	319.71	2075.58	2476.08
chris	B	by	39.09		284.28	1662.78	2414.36	0.37856	129.6055	287.52049999999997	1626.965	2398.205
chris	AY1	by	39.175	120.71	623.21	1527.51	2100.44	0.2368	123.3625	620.37	1580.13	2376.75
chris	P	comparison	39.405		391.7	1577.05	2309.9	0.36365	122.497	1013.6	2038.35	3361.91
chris	EH1	comparison	39.47	170.14	438.76	1531.76	1764.4	0.15248	162.437	488.992	1631.48	3370.54
chris	R	comparison	39.535	130.24	491.83	1428.14	1638.11	0.50666	157.508	496.47450000000003	1495.3	2451.4700000000003
chris	AH0	comparison	39.605000000000004	113.3	409.75	1573.05	2263.11	0.43804	113.341	419.5185	1593.78	2560.76
chris	AH0	comparison	39.75		527.26	1534.03	2476.0	0.60854	306.51800000000003	536.474	1544.84	2470.56
chuck	AH0	the	0.975	119.6	288.67	1771.63	2533.85	0.29776	139.1305	232.419	1563.12	2436.22
chuck	EY1	beige	1.24	128.39	307.62	1881.38	2640.62	0.0682	127.809	257.7515	1860.0700000000002	2658.6
chuck	UW1	hue	1.92	112.84	180.83	774.62	1886.99	0.0	114.636	341.151	1956.4099999999999	3327.7
chuck	AO1	on	2.23	113.5	470.56	1086.15	3098.11	0.07166	116.464	1096.063	2407.005	3440.155
chuck	N	on	2.29	102.81	189.91	1191.42	2217.29	0.11369	107.995	1206.56	2585.28	3612.1
chuck	DH	the	2.33	102.28	185.66	1228.78	2192.89	0.15075	101.3845	826.603	2116.805	3125.975
chuck	AH1	the	2.375	107.55	486.16	1078.65	3310.75	0.44412	107.164	182.101	1406.49	3495.16
chuck	W	waters	2.45	99.07	174.96	880.84	3204.97	0.03076	101.961	126.46	2383.21	3482.0
chuck	AO1	waters	2.55	119.21	400.84	705.64	2458.83	0.03068	117.69	581.439	2436.43	3427.83
chuck	T	waters	2.625	119.63	369.61	1429.04	2642.29	0.3091	119.624	532.494	2366.22	3374.81
chuck	V	of	2.885	114.54	192.67	1673.9	2767.27	0.28539	115.451	813.836	2052.675	3125.25
chuck	DH	the	2.935	104.97	721.3	1487.05	2501.17	0.89702	110.4	1575.49	2609.21	3630.8
chuck	AH1	the	3.0	121.9	462.52	2322.84	3495.48	0.68604	122.259	273.15049999999997	1623.96	2530.75
chuck	L	loch	3.0949999999999998	105.64	172.06	1011.29	2805.92	0.0	111.29050000000001	169.96949999999998	1583.455	2593.825
chuck	AA1	loch	3.25	105.33	518.34	952.94	2608.16	0.0861	105.844	412.796	926.5509999999999	2701.29
chuck	K	loch	3.42		457.1	1266.36	2776.6	0.22207	96.48495	1144.17	2502.06	3542.11
chuck	M	impressed	3.685	107.56	156.67	1361.62	2089.93	0.16037	115.303	1524.92	2634.44	3661.455
chuck	P	impressed	3.75		679.07	1587.68	2346.83	0.56219	103.3605	1287.48	2060.19	3455.21
chuck	EH1	impressed	3.895	104.63	446.64	1299.58	2371.82	0.0941	105.793	367.082	1511.8400000000001	2513.46
chuck	AO1	all	4.3100000000000005	104.26	499.82	832.65	2540.42	0.23162	105.147	644.2175	2701.745	3390.585
chuck	L	all	4.565		561.25	997.51	2932.36	0.53531	104.447	536.337	1441.5	2754.57
chuck	N	including	5.54	114.2	212.49	1397.54	2077.77	0.19102	118.153	166.272	1896.97	2612.89
chuck	K	including	5.65		786.34	1521.24	3483.47	0.46409	107.982	694.9085	1573.2649999999999	3653.25
chuck	UW1	including	5.795	118.19	262.75	1010.98	2167.83	0.13056	122.1345	151.121	1680.325	2575.215
chuck	D	including	5.855	107.86	1325.74	2617.76	2931.92	1.0	104.008	1675.18	2569.07	3494.49
chuck	IH0	including	5.9	118.96	236.27	2063.18	2936.36	0.22212	119.161	177.781	2014.02	2632.005
chuck	NG	including	5.9350000000000005	109.02	505.45	1791.67	2740.62	0.77538	118.3995	796.65	2079.27	3102.675
chuck	DH	the	5.975	109.16	160.99	1746.25	2915.69	0.24061	109.206	1575.32	2653.17	3872.39
chuck	AH0	the	6.05		1200.64	2200.66	3006.72	1.0	111.6825	1318.72	2466.81	3587.45
chuck	EH1	french	6.25	110.44	485.74	1381.05	2452.94	0.19936	112.3335	402.213	1457.96	2505.11
chuck	N	french	6.345000000000001	113.64	172.28	1715.64	1954.17	0.197	113.975	892.4695	2209.635	3552.03
chuck	K	queen	6.59		900.58	965.93	3057.8	0.38762	492.06000000000006	878.017	2137.7200000000003	3156.66
chuck	W	queen	6.7	123.26	178.59	1071.59	2124.05	0.08124	88.643	538.243	1865.73	3105.5950000000003
chuck	IY1	queen	6.87	109.38	238.16	2298.15	2990.79	0.28527	108.536	192.8005	1903.055	2735.015
chuck	N	queen	7.105	106.31	171.53	768.63	2494.29	0.0	105.974	160.5165	1588.3449999999998	2578.0
chuck	IY1	she	7.775	121.63	295.06	1991.07	2895.81	0.33116	123.19550000000001	266.7205	2099.1150000000002	2749.83
chuck	HH	heard	7.859999999999999	105.5	1284.49	2097.95	3092.62	1.0	106.816	876.5625	2207.295	3344.4849999999997
chuck	ER1	heard	7.99	116.39	441.21	1616.14	3165.36	0.35129	116.232	330.912	1588.57	2708.55
chuck	D	heard	8.100000000000001	107.33	183.6	1775.18	2702.94	0.2785	114.144	194.4465	1626.3899999999999	2663.68
chuck	DH	that	8.155000000000001	109.97	1062.34	2265.61	3199.02	1.0	103.372	134.17	1631.37	2666.92
chuck	AE1	that	8.265	109.04	697.91	2505.5	3372.11	0.72237	108.412	301.541	1351.94	2540.1800000000003
chuck	T	that	8.395		375.12	2044.91	3466.48	0.44793	186.00195	1682.24	2664.21	3606.84
chuck	M	symphony	8.615	123.38	182.82	2109.25	3343.75	0.38424	125.29249999999999	1535.745	2582.0299999999997	3621.7200000000003
chuck	F	symphony	8.695		1199.38	2347.51	3383.7	0.82637	119.21600000000001	724.462	1969.92	2599.83
chuck	N	symphony	8.809999999999999	125.03	172.84	1727.59	2922.18	0.20036	125.96799999999999	1547.05	2583.98	3601.15
chuck	IY0	symphony	8.92	125.38	199.64	2575.15	3314.91	0.0	125.105	1557.98	2625.42	3584.31
chuck	AH0	again	9.035	120.69	201.5	1726.43	2315.87	0.15472	121.982	1548.75	2583.29	3617.73
chuck	G	again	9.120000000000001		298.61	1926.83	2893.3	0.42584	116.595	1595.495	2730.76	3676.99
chuck	EH1	again	9.265	105.76	459.63	1663.02	2509.0	0.23676	106.514	312.05949999999996	1615.27	2416.09
chuck	N	again	9.48	102.64	175.21	1456.4	2547.17	0.14705	103.115	148.147	1597.24	2587.23
chuck	AH1	just	9.995000000000001	119.38	419.75	1285.42	2356.23	0.21058	116.726	392.839	1619.98	2543.77
chuck	AH1	young	10.455	115.63	417.99	1281.55	1946.64	0.20562	116.82	329.598	1932.17	3402.1
chuck	NG	young	10.559999999999999	110.85	224.11	1584.69	3197.43	0.25326	112.152	185.3235	1620.5500000000002	2578.75
chuck	AA1	arthur	10.665	112.6	333.81	765.77	2310.3	0.0	112.423	537.372	2307.55	3418.69
chuck	R	arthur	10.755	112.37	223.72	1671.76	2906.02	0.16192	112.909	572.973	2085.58	3294.19
chuck	TH	arthur	10.84		490.71	1807.78	2815.21	0.42622	167.57	1431.555	2530.245	3598.245
chuck	ER0	arthur	10.940000000000001	108.56	249.71	1080.16	1809.75	0.0	110.414	186.16500000000002	1642.88	3067.3599999999997
chuck	W	wanted	11.055		889.04	2359.27	3227.25	1.0	106.92	979.994	2415.8	3442.86
chuck	AA1	wanted	11.135	108.11	334.16	921.12	2317.9	0.00571	109.853	710.586	2387.85	3492.37
chuck	N	wanted	11.21	105.68	199.36	1643.03	2435.82	0.22268	106.133	157.548	1501.73	2506.06
chuck	T	wanted	11.325		432.29	2411.79	3233.4	0.56682	105.652	1486.33	2526.01	3548.665
chuck	AH0	wanted	11.435	127.02	223.33	1591.25	2500.09	0.09646	128.46800000000002	192.755	1649.0	2599.65
chuck	D	wanted	11.555		274.32	1841.48	2609.16	0.39396	126.5855	410.152	2086.03	2703.34
david	AY1	i	0.6599999999999999	80.87	568.86	1422.41	2252.95	0.10339	545.3205	543.414	1544.98	2496.44
david	W	were	0.8300000000000001	88.48	440.51	929.87	2332.84	0.49095	88.279	379.223	1903.48	2608.43
david	ER1	were	1.145		536.53	1331.61	2408.78	0.45893	117.494	551.712	1406.71	2624.995
david	M	madness	1.595	94.94	200.76	1525.62	2220.4	0.27385	96.8957	224.347	1524.2	2279.19
david	AE1	madness	1.725	124.62	560.51	1530.58	2362.56	0.25336	123.451	553.2475	1535.035	2414.325
david	D	madness	1.8250000000000002	103.08	553.08	1479.01	2498.3	0.63514	102.42	333.464	1539.95	2526.23
david	N	madness	1.915	93.01	234.84	1587.85	2500.69	0.26471	97.7131	230.41199999999998	1596.54	2583.7749999999996
david	AH0	madness	2.0149999999999997	86.69	441.38	1496.04	2976.45	0.46908	86.3349	406.799	1541.035	3041.375
david	W	were	2.215	94.34	373.61	1046.06	2223.07	0.4049	93.8444	370.173	1577.67	2497.15
david	ER0	were	2.3	92.77	374.63	1316.46	2010.0	0.11689	92.0901	387.8505	1536.18	2468.69
david	IY1	easy	2.4299999999999997	127.24	261.39	2184.87	3142.79	0.30629	123.611	258.449	2146.1	2872.25
david	B	bear	2.87		317.25	1507.31	2382.86	0.37846	77.25215	332.395	1591.33	2791.385
david	EH1	bear	3.0300000000000002	81.99	564.9	1614.32	2428.63	0.43433	86.65684999999999	558.7135000000001	1681.72	2646.7799999999997
david	M	compared	3.395	82.06	240.43	1484.09	2284.51	0.33042	81.8259	237.70499999999998	2098.165	3210.51
david	P	compared	3.4850000000000003		565.54	1615.24	2308.1	0.49	80.7682	612.719	1729.45	2725.67
david	EH1	compared	3.615	82.23	556.42	1732.47	2371.7	0.45498	85.5441	550.961	1778.385	2682.87
david	IH0	with	3.86		341.13	1670.77	2379.52	0.1297	75.8746	309.137	1837.98	2462.05
david	UW1	truth	4.234999999999999	76.29	319.76	1506.38	2285.87	0.34237	82.7992	335.769	2338.3	3633.6
david	AY1	like	4.51		553.97	1544.38	2341.78	0.12763	125.104	578.873	1786.3000000000002	2555.835
david	IH1	this	4.78	87.6	437.37	1818.38	2555.59	0.40475	92.6105	423.04	1856.99	2755.12
david	OW1	oh	5.7	94.81	524.46	1023.36	2348.46	0.4512	98.6392	493.1885	1181.92	2896.615
david	M	my	5.87	95.1	268.62	1949.22	2850.25	0.48971	98.6392	246.92950000000002	1679.92	2644.66
david	AY1	my	5.965	87.43	611.52	1479.42	2330.33	0.19783	89.47405	601.309	1424.32	2631.99
david	EH1	friend	6.27	96.76	556.11	1678.1	2465.24	0.43695	97.2646	545.6755	1735.125	2541.9399999999996
david	N	friend	6.42	83.77	246.45	1605.75	2636.08	0.28599	84.371	236.902	1668.33	2624.26
david	D	friend	6.5600000000000005		1531.13	1667.78	2942.25	1.0	132.1396	280.7	1707.52	2851.66
david	W	why	7.005	95.52	402.83	1426.92	3286.47	0.54282	107.6365	484.851	1537.67	3257.29
david	AY1	why	7.199999999999999	131.58	542.31	1637.86	2573.28	0.14579	129.7105	491.087	1629.49	2847.32
david	NG	think	7.529999999999999	83.35	302.5	2118.82	2373.2	0.48332	84.23345	267.154	1602.12	2501.325
david	K	think	7.645		1127.79	2239.59	2886.09	0.82824	177.102	1107.3375	2327.46	3164.17
david	UW1	you	7.924999999999999	76.5	273.19	1610.24	2277.44	0.28267	75.36905	339.017	1970.73	2804.98
david	D	did	8.305	78.02	443.32	1789.75	2981.56	0.5739	85.16149999999999	382.384	1788.5	2900.71
david	AY1	i	8.395	85.28	577.04	1498.67	2408.19	0.14784	87.36224999999999	595.563	1719.16	2964.78
david	G	go	8.505	81.53	249.5	2036.87	2216.35	0.40331	85.8437	388.007	2191.07	2650.15
david	OW1	go	8.615	85.82	441.29	1505.8	2472.79	0.37463	87.73935	463.546	1724.42	2862.22
david	OW1	so	8.9	87.0	380.33	1365.57	2194.26	0.18923	87.56049999999999	381.318	1561.1	2507.33
david	AA1	far	9.17	86.96	642.72	1149.75	2340.64	0.40071	88.76925	675.8910000000001	1284.43	2658.37
david	N	around	9.8	75.26	226.97	1499.07	2740.38	0.23419	73.5397	221.63	1593.94	2780.28
david	AY1	why	10.42	118.06	565.73	1531.57	2267.92	0.14216	119.8725	565.972	1535.87	2703.45
david	EY1	take	10.715	94.76	369.34	2041.85	2664.25	0.24567	107.048	381.418	2021.885	2616.8500000000004
david	OW1	so	11.004999999999999	87.65	458.94	1408.62	2408.27	0.39223	88.74145	470.366	1501.4	2703.68
david	L	long	11.114999999999998	92.22	323.34	1270.72	2494.62	0.22519	91.95575	346.8725	1377.27	2749.48
david	AO1	long	11.245000000000001	129.87	515.85	889.2	2517.62	0.27735	125.26	574.557	1632.711	3112.915
david	NG	long	11.385000000000002	82.73	372.4	2101.67	2786.51	0.60088	82.919	301.387	1624.51	2803.31
david	T	to	11.515		635.33	1663.99	3066.61	0.53911	83.29374999999999	1516.73	2598.61	3612.75
david	AH0	to	11.59	90.6	374.31	1504.5	2721.53	0.43898	87.8136	374.111	1560.79	2887.19
david	EH1	tell	11.775	97.35	566.66	1408.41	2587.41	0.37196	96.528	579.557	1490.995	2885.965
david	OW1	so	12.145	85.55	397.79	1517.03	2305.17	0.27146	87.94200000000001	386.348	1583.72	2761.91
david	IH1	simple	12.395	114.15	415.87	1544.22	2364.79	0.28289	113.511	393.9995	1771.67	2830.06
david	M	simple	12.469999999999999	108.38	236.79	1470.38	2318.45	0.32101	107.6615	238.173	1665.9850000000001	2619.9300000000003
david	L	simple	12.66		329.08	1285.26	2632.96	0.23848	77.2329	330.512	1398.03	2743.09
david	IH1	thing	12.94	90.18	471.85	1861.24	2774.1	0.50078	93.40605	452.907	1862.13	2788.09
david	NG	thing	13.11		324.02	1529.9	2770.43	0.41591	72.78309999999999	263.88149999999996	1581.35	2716.85
david	AO1	was	13.735	86.32	521.73	715.38	2877.42	0.0	86.5639	485.66	1140.3539999999998	2750.5600000000004
david	IH0	it	13.865	97.17	353.23	1686.53	2484.68	0.16358	98.9768	350.332	1792.6	2804.1
david	T	it	13.915	85.75	275.83	1729.68	2720.22	0.31208	132.15135	255.40949999999998	1610.8600000000001	2554.755
david	IH0	because	14.030000000000001	87.86	341.3	2010.23	2302.26	0.4157	91.70145	354.017	2150.37	3267.86
david	AH1	because	14.215	121.96	390.78	1455.2	2502.08	0.28985	123.906	378.433	1514.14	2652.025
david	AY1	i	14.43	89.36	623.09	1500.08	2425.22	0.22553	98.34605	584.438	1593.755	2675.4750000000004
david	EY1	hate	14.705	126.96	313.59	2248.96	3063.44	0.16498	119.854	330.07	2193.37	2683.89
david	UW1	you	15.055	131.99	386.58	1146.94	2213.76	0.38113	134.312	376.2595	1633.6750000000002	2518.325
david	AH0	and	15.14	95.59	495.01	1407.63	2354.81	0.53111	98.1972	481.07	1427.37	2613.56
david	D	and	15.219999999999999	89.56	231.36	1479.14	2511.03	0.27287	91.4172	222.536	1600.62	2658.93
david	AE1	have	15.355	95.45	576.56	1485.63	2235.81	0.26368	95.49285	582.822	1536.79	2313.27
david	EY1	hated	15.59	102.93	301.74	2217.16	2798.65	0.13067	101.0836	305.18449999999996	2242.6	3098.005
david	IH0	hated	15.77	103.83	267.17	2055.7	2663.06	0.32844	113.49305000000001	1318.1045	2895.3199999999997	3782.3650000000002
david	D	hated	15.82	90.47	262.84	2585.0	3424.43	0.53026	91.7243	234.334	1628.39	2615.99
david	UW1	you	15.920000000000002	100.99	330.84	1163.2	2215.24	0.28559	100.98949999999999	351.418	1534.525	2822.6000000000004
david	AO1	all	15.985000000000001	95.07	395.84	820.84	2677.79	0.06513	95.7718	449.043	914.452	2666.82
david	M	my	16.15	92.16	226.37	1206.11	2496.2	0.2399	91.5954	210.803	1568.385	2659.34
david	AY1	my	16.259999999999998	90.95	560.24	1624.25	2497.98	0.17034	91.2413	531.315	1579.07	2913.67
david	L	life	16.375	87.61	371.56	1097.25	3182.81	0.2556	85.8314	344.701	1417.12	2941.23
david	AY1	life	16.505000000000003	130.32	554.65	1637.31	2666.36	0.16624	126.661	525.713	1547.26	2532.5
david	Z	was	17.36		789.31	2505.45	3455.81	0.64232	96.25055	619.16	2485.42	3463.0
david	IH0	it	17.43	99.35	373.22	1746.1	2513.1	0.22797	101.09469999999999	270.5335	1765.98	2950.5950000000003
david	T	it	17.465	89.52	246.29	2187.01	3405.43	0.39259	95.4523	177.3795	1676.01	2746.91
david	B	because	17.505000000000003		117.2	1581.04	2596.8	0.1829	87.50305	300.262	1732.96	2872.72
david	IH0	because	17.565	90.49	341.54	1888.79	2318.11	0.39033	92.4024	305.7855	1920.65	2783.02
david	AH0	because	17.685000000000002	104.63	384.47	1522.81	2443.71	0.3048	104.85075	363.265	1649.81	2768.98
david	AY1	i	17.835	89.07	561.78	1481.91	2486.2	0.11552	89.66435	552.7335	1548.4450000000002	2840.26
david	IH1	wish	18.03	113.31	360.57	1701.53	2188.02	0.1855	114.38	368.764	1763.46	2584.61
david	IH0	to	18.27	92.52	330.06	2106.93	2498.6	0.49451	104.58930000000001	264.463	2004.21	2977.08
david	IH1	give	18.425	96.79	297.48	2075.53	2662.99	0.12316	98.8872	294.0165	2117.305	2911.795
david	UW1	you	18.655	77.88	271.82	2029.98	2931.08	0.37376	79.3792	266.515	2115.84	3282.93
david	P	pain	18.775		715.92	1414.61	2313.01	0.55331	116.6315	477.13	1522.28	2587.88
david	EY1	pain	18.950000000000003	104.62	403.56	2358.01	3052.59	0.39546	115.1645	396.9905	2119.915	2729.685
david	N	pain	19.17	150.68	217.2	1545.46	2618.45	0.22917	146.5485	287.55	1714.4	2670.8
david	AO1	was	19.775	143.41	446.19	761.86	2916.51	0.0	140.88299999999998	510.8455	1578.6675	3161.5649999999996
david	Z	was	19.84		325.88	2192.35	3295.28	0.38893	144.49	1677.02	3328.3	3790.1
david	IH0	it	19.915	108.77	379.14	1708.39	2572.5	0.23317	106.3022	368.762	1724.78	2783.41
david	T	it	19.96		310.63	1484.78	2505.99	0.28171	83.05185	283.581	1616.71	2749.62
david	B	because	20.009999999999998	96.91	291.09	1428.3	2732.3	0.33289	96.7273	287.49800000000005	1568.825	2735.3900000000003
david	IH0	because	20.06	96.33	425.9	1502.23	2603.85	0.4726	97.22955	412.2605	1556.315	2749.9849999999997
david	Z	because	20.165	96.45	631.77	1279.35	2441.07	0.38592	99.35345000000001	750.306	1896.1999999999998	2914.745
david	AY1	i	20.215	91.16	540.5	1442.97	2365.38	0.06417	92.0856	565.9905	1491.62	2520.645
david	W	wanted	20.305	101.33	327.33	751.69	2038.95	0.25825	99.0752	440.5345	1646.58	2590.2749999999996
david	AO1	wanted	20.39	123.16	431.38	701.98	3216.97	0.07697	122.625	576.8685	2435.855	3535.43
david	N	wanted	20.450000000000003	129.42	287.21	2079.18	2827.87	0.44686	126.407	281.495	1631.725	2725.68
david	IH0	wanted	20.495	126.69	264.71	2200.07	2798.16	0.40782	127.642	264.413	1625.495	2746.17
david	D	wanted	20.53	116.87	245.05	1954.96	2738.57	0.21622	126.306	250.55599999999998	1625.0900000000001	2691.6099999999997
david	AH0	to	20.674999999999997	91.68	386.72	1803.52	2493.99	0.52768	105.10335	362.701	1835.91	2709.3
david	G	give	20.715	75.19	389.12	1839.14	2700.47	0.49052	133.37855	389.8645	1946.16	2932.215
david	IH1	give	20.759999999999998		389.86	1828.43	2561.56	0.28976	74.22135	385.931	1856.11	2930.69
david	UW1	you	20.915	92.65	200.46	1573.82	2657.38	0.14519	88.24895000000001	204.238	1749.745	2789.5950000000003
david	OW1	so	21.455	90.52	471.15	1446.73	2311.65	0.43199	89.567	481.154	1539.42	2674.82
david	L	late	21.595	91.79	366.3	2325.52	2880.66	0.58457	84.8647	393.44050000000004	1557.21	2793.675
david	EY1	late	21.78		372.15	2226.88	2761.7	0.29395	103.48445	398.439	2151.11	2779.88
david	R	revenge	22.244999999999997	90.39	348.74	1147.54	2242.42	0.1854	90.7649	330.2645	1455.995	2589.11
david	IY0	revenge	22.314999999999998	89.92	349.31	1861.88	2323.61	0.36183	89.9724	361.418	2002.85	2420.68
david	V	revenge	22.41	87.37	1051.31	2138.78	2789.81	0.9865	89.67054999999999	466.711	2010.52	3026.44
david	EH1	revenge	22.560000000000002	128.64	495.66	1718.92	2271.63	0.32761	123.6275	466.711	1799.25	2506.94
david	N	revenge	22.755000000000003	80.69	237.5	790.65	2267.39	0.10153	80.777	220.437	1750.975	2577.2200000000003
david	R	for	23.21	82.67	490.27	824.06	2741.95	0.30223	83.439	535.8530000000001	2910.295	3489.99
david	DH	that	23.259999999999998	88.76	420.04	1576.28	2770.0	0.53232	82.28190000000001	442.231	1490.72	2598.23
david	AE1	that	23.345	84.29	653.61	1462.07	2301.48	0.36702	85.6847	633.445	1560.11	2382.36
david	AY1	time	23.65	83.01	603.57	1436.83	2416.7	0.16734	83.6724	613.227	1461.35	2501.21
david	M	time	23.78	82.62	223.47	1401.77	2256.9	0.28214	83.0356	393.795	1903.78	3179.27
david	UW1	you	24.205	83.05	272.27	1861.27	2586.24	0.33697	87.835	1666.41	2277.66	3501.28
david	EY1	saved	24.46	92.66	393.89	2016.49	2839.93	0.29611	92.7526	381.126	2036.64	2857.11
david	V	saved	24.57	82.53	328.03	1954.8	2414.1	0.44012	83.98035	326.4675	1928.56	3007.255
david	M	my	24.72	82.5	230.24	1022.28	2173.0	0.20213	85.5005	234.356	1633.01	2521.78
david	AY1	my	24.825		623.18	1458.58	2270.07	0.20895	74.8529	609.3015	1559.48	2778.8599999999997
david	L	life	24.93	100.73	360.36	1086.49	3029.72	0.23449	95.5197	333.7095	1304.9099999999999	2744.29
david	AY1	life	25.075000000000003	85.3	618.21	1554.84	2298.44	0.23944	120.887	616.3064999999999	1508.575	2873.0550000000003
david	N	and	25.975	80.86	252.75	1508.81	2577.57	0.27518	80.9357	261.012	1594.78	2669.37
david	D	and	26.04	78.57	1561.6	2074.3	3115.55	1.0	80.431	1080.261	2178.955	3176.44
david	ER0	from	26.185	93.46	541.23	917.45	1854.41	0.41446	92.9854	554.0625	1958.94	2512.585
david	M	from	26.259999999999998	81.62	243.25	1144.19	2289.96	0.0	83.2995	242.131	1701.49	3044.57
david	AH0	a	26.365000000000002		536.16	1597.69	2646.36	0.63633	80.5016	514.615	1545.16	2962.99
david	IH1	fearful	26.57	121.02	365.0	1977.14	2435.05	0.26551	123.855	388.7715	1924.54	2675.615
david	L	fearful	26.86		425.28	1659.17	3155.23	0.49698	69.12944999999999	418.5075	2377.65	3184.86
david	D	death	26.95		485.38	1818.99	2505.23	0.62713	78.624	389.90700000000004	1571.845	2856.96
david	EH1	death	27.1		590.75	1775.16	2616.83	0.53817	108.8415	584.928	1717.21	2692.09
david	AA1	ah	27.955	92.21	539.21	1036.06	2943.87	0.16442	91.53245	601.3115	1082.725	2810.38
david	N	no	28.23	82.74	262.78	1734.36	2514.88	0.33763	85.87955	263.3865	1537.17	2645.81
david	OW1	no	28.535	79.47	376.67	1359.52	2354.26	0.17873	89.5501	447.845	1477.185	2567.5
fern	AE1	that	0.5349999999999999	167.39	721.44	1607.84	2826.81	0.50461	174.746	634.4695	1605.33	2860.815
fern	K	quick	0.815		884.43	1693.18	2444.57	0.56012	161.079	371.589	1568.39	2582.97
fern	EY1	beige	0.9850000000000001	152.34	453.77	2219.16	2689.4	0.47894	155.835	437.97299999999996	2209.05	2702.7200000000003
fern	AA1	fox	1.335	144.28	679.89	1172.38	2632.05	0.47629	149.731	663.389	1252.29	2734.285
fern	K	fox	1.46		937.65	1511.11	2608.89	0.54359	148.105	393.396	1499.65	2724.08
fern	AH1	jumps	1.705	153.92	472.08	1536.91	2817.38	0.4155	156.21300000000002	476.737	1732.48	2836.27
fern	M	jumps	1.75	166.83	261.85	1470.79	2544.11	0.36316	154.635	324.65200000000004	1495.46	2677.4300000000003
fern	P	jumps	1.79	150.45	166.97	1680.46	2598.76	0.23037	156.597	891.7049999999999	2093.76	3121.715
fern	S	jumps	1.855		1414.27	2459.93	3147.48	0.77545	148.5765	527.2	1677.05	2686.32
fern	N	in	1.96	151.0	286.58	1863.29	2877.9	0.40063	149.074	261.245	1772.15	2664.44
fern	DH	the	2.01	160.85	262.52	2063.09	2882.88	0.44491	151.239	261.245	1840.18	3007.23
fern	IY0	the	2.0949999999999998	142.15	365.86	2432.05	2881.21	0.56304	153.301	318.469	2351.985	2806.815
fern	EH1	air	2.21	133.51	643.65	1759.81	2371.45	0.64037	138.52949999999998	592.2015	1947.6399999999999	2544.005
fern	OW1	over	2.56	157.17	536.25	1358.24	2546.96	0.56761	139.881	487.888	1381.6799999999998	2682.645
fern	V	over	2.645	147.18	195.11	1374.29	2567.79	0.22331	142.03300000000002	389.715	1300.23	2643.34
fern	IY1	each	2.8	145.54	352.04	2335.11	2676.15	0.49975	145.59	358.126	2355.97	2700.04
fern	IH1	thin	3.115	161.54	440.34	1933.48	2926.33	0.44094	169.3825	361.032	1865.715	2992.26
fern	N	thin	3.215	140.98	279.87	1777.42	2708.3	0.37249	144.972	265.1635	1712.4499999999998	2760.2799999999997
fern	D	dog	3.31	141.79	300.34	1789.79	2596.39	0.4129	141.65800000000002	247.88	1603.12	2723.365
fern	AO1	dog	3.4699999999999998		682.84	1200.14	2699.26	0.65183	138.2865	631.2835	1195.5	2737.8450000000003
fern	G	dog	3.6399999999999997		425.78	1721.35	2995.34	0.50017	159.7825	411.263	1308.36	2717.56
fern	K	look	4.075		1434.79	2076.43	2779.91	0.95401	145.267	461.6905	1528.025	2755.8199999999997
fern	AY1	i	4.375	177.88	673.46	1719.41	2523.19	0.39834	131.8771	629.379	1593.2150000000001	2622.1000000000004
fern	SH	shout	4.51		1542.54	2497.67	2893.3	0.50375	165.323	1041.085	2535.8	3293.4
fern	HH	he's	5.095000000000001	145.19	182.95	2285.09	2707.92	0.38212	160.749	344.99	2048.02	2435.03
fern	IY1	he's	5.15	162.76	327.42	2290.78	2782.43	0.44654	146.121	302.6845	2255.0600000000004	2737.4849999999997
fern	Z	he's	5.23		805.08	2094.89	3083.3	0.58689	151.294	473.6335	2007.635	2937.62
fern	OY1	foiled	5.465	148.98	503.06	1185.02	2626.93	0.39952	149.55	492.482	1099.86	2682.16
fern	L	foiled	5.585	172.89	460.53	1231.5	2903.44	0.43654	163.19400000000002	460.6865	1310.8600000000001	2845.4750000000004
fern	D	foiled	5.655	156.75	894.2	2145.72	2984.53	1.0	165.24599999999998	973.983	2057.0150000000003	3278.76
fern	UW1	you	5.79	152.24	364.99	1654.35	2553.2	0.45579	152.391	316.3135	1980.4450000000002	2597.1949999999997
fern	AH0	again	5.845000000000001	155.41	402.33	1768.75	2512.12	0.47046	153.373	403.322	1700.45	2588.81
fern	G	again	5.92		391.56	2143.3	2463.36	0.55388	150.2785	333.845	1703.61	2519.67
fern	EH1	again	6.025		658.24	1821.78	2663.0	0.68975	124.7475	608.442	1884.825	2702.8199999999997
fern	N	again	6.21	162.84	211.67	1722.86	2651.1	0.25801	96.4836	224.348	1613.05	2733.535
fern	IY0	creating	6.67	149.32	407.58	2351.64	2711.43	0.67148	155.8955	394.468	2358.185	2551.475
fern	EY1	creating	6.74	149.71	439.86	2254.63	2787.54	0.45514	147.1805	422.953	2288.06	2723.15
fern	T	creating	6.779999999999999		435.25	2059.2	2787.73	0.49145	149.2515	347.902	2266.78	2778.38
fern	NG	creating	6.885	158.64	274.84	1508.28	2455.46	0.32721	158.198	271.01	1699.33	2588.53
fern	K	chaos	6.994999999999999		621.26	2219.2	2636.68	0.54855	158.015	422.7315	1966.22	2687.91
fern	EY1	chaos	7.105	162.68	657.01	1947.98	2531.48	0.88258	166.039	612.718	1976.84	2563.84
jenn	ER0	rearrange	0.595	180.2	466.9	1367.79	2338.05	0.45351	183.26850000000002	440.792	1411.34	2511.52
jenn	EY1	rearrange	0.6950000000000001		568.52	2467.76	3059.37	0.79769	125.09345	507.016	2265.23	2808.88
jenn	AH0	a	0.9650000000000001	166.06	602.96	1296.29	2963.29	0.67086	169.206	506.50149999999996	1371.8000000000002	2856.095
jenn	AY1	wife's	1.105	164.16	706.99	1967.07	2962.43	0.55436	162.459	601.451	1711.75	2919.1099999999997
jenn	EH1	affection	1.4449999999999998		643.52	1983.06	2866.76	0.71158	140.48399999999998	596.175	1789.17	2772.76
jenn	K	affection	1.5150000000000001		315.39	2243.38	2695.98	0.38875	150.677	331.011	1976.27	2647.1
jenn	N	affection	1.7850000000000001	168.35	265.48	1906.18	3394.96	0.37775	119.26765	237.428	1670.21	2762.51
jenn	EH1	when	2.325	151.94	606.61	1862.69	2970.22	0.59831	163.0335	551.2345	1425.18	2923.815
jenn	EY1	they	2.4699999999999998	131.1	470.81	2513.59	3226.62	0.5845	146.582	486.968	2522.74	3356.78
jenn	D	dislocate	2.54		400.58	2194.44	2915.03	0.60699	154.43200000000002	1147.803	2322.14	3093.005
jenn	IH1	dislocate	2.6100000000000003	169.07	475.85	2026.06	3088.86	0.55197	168.482	405.278	2090.45	3128.22
jenn	S	dislocate	2.6950000000000003		669.03	2109.39	2884.26	0.38902	160.017	589.852	1762.2	2935.26
jenn	OW0	dislocate	2.815	164.23	488.85	1518.36	3106.43	0.51691	169.36599999999999	446.918	1476.62	3126.71
jenn	K	dislocate	2.9		653.58	2473.53	2783.97	0.62946	163.128	513.695	2324.065	3175.9700000000003
jenn	T	dislocate	3.0549999999999997		287.59	1679.11	2849.79	0.30888	92.86185	482.908	2410.41	2828.49
jenn	M	my	3.1		243.62	1631.64	2563.44	0.37129	84.0608	189.029	1681.4050000000002	2417.415
jenn	AY1	my	3.16		437.15	1949.15	2719.3	0.09517	97.03565	386.1025	1819.195	2661.73
jenn	B	brain	3.265		185.21	1955.47	2571.57	0.3395	148.509	864.568	2123.895	3085.73
jenn	EY1	brain	3.505		587.25	2669.24	3079.32	0.8861	112.8803	497.024	2634.46	3399.435
jenn	AE1	amputate	4.285	172.29	673.76	2682.31	3143.22	0.73742	177.132	630.879	2769.59	3344.92
jenn	M	amputate	4.365	171.14	253.74	1638.93	2673.35	0.39004	173.757	440.9525	2640.1499999999996	3749.705
jenn	P	amputate	4.42		713.26	2189.49	3067.16	0.70403	177.862	875.471	2075.585	3109.8
jenn	AH0	amputate	4.52	163.37	358.76	2460.56	3105.98	0.55858	169.0	329.2835	2581.55	3188.455
jenn	EY2	amputate	4.67	139.61	381.96	2610.8	3134.36	0.40331	149.764	345.061	2504.65	3103.86
jenn	AY1	my	4.855	158.09	719.96	2264.36	3028.44	0.69597	144.737	388.355	1802.68	2729.7
jenn	EH1	freckled	5.025	157.9	720.93	1867.51	2535.35	0.83133	157.255	617.8835	1729.92	2326.5699999999997
jenn	D	freckled	5.225		186.39	1030.33	2903.15	0.13216	174.075	339.901	1575.56	3037.01
jenn	AH0	bosom	5.535		489.35	1524.43	3235.28	0.54857	77.2328	355.71000000000004	1535.95	2779.3900000000003
jenn	M	bosom	5.665	173.06	194.73	1834.16	2384.96	0.338	174.6705	312.34950000000003	1639.185	2637.73
jenn	M	make	6.12		290.66	1601.96	2538.53	0.44309	173.10649999999998	230.0975	1576.8049999999998	2550.005
jenn	EY1	make	6.234999999999999	168.65	416.96	2649.53	3305.33	0.49205	172.3865	366.048	2594.55	3390.5249999999996
jenn	K	make	6.305		345.97	2101.27	2793.95	0.36991	161.78449999999998	440.27	1641.6550000000002	2982.2650000000003
jenn	IY1	me	6.425	168.02	308.1	2849.68	3204.02	0.51653	168.337	206.598	2913.12	3396.67
jenn	B	bearded	6.525	151.74	190.6	1564.1	2895.69	0.25693	151.861	187.817	1708.425	2793.275
jenn	IH1	bearded	6.625	163.26	368.78	2456.4	2914.98	0.39492	163.249	338.58	2172.76	2675.51
jenn	D	bearded	6.765000000000001	169.14	240.46	2034.82	2938.16	0.39464	166.142	372.227	1922.64	2797.83
jenn	AH0	bearded	6.845000000000001		579.0	2041.51	3087.81	0.80082	73.1159	447.44899999999996	1963.67	3054.435
jenn	D	bearded	6.955		368.61	1838.47	3056.86	0.49954	175.489	252.1	1924.33	3061.27
jenn	AY1	like	7.2	156.32	763.74	1848.49	3178.6	0.6016	151.6415	644.2550000000001	1776.71	3128.075
jenn	AH0	a	7.35	135.58	654.1	1693.35	2989.76	0.83757	141.136	1080.302	2078.05	3276.56
jenn	M	man	7.445		269.04	1772.57	2437.47	0.44788	93.85230000000001	250.4355	1706.62	2612.375
jenn	AE1	man	7.59		911.6	2201.05	2974.2	0.94203	109.52250000000001	610.707	2161.01	2798.86
jenn	N	man	7.79	172.98	269.43	1839.38	3062.62	0.36971	115.9171	265.21500000000003	1654.1999999999998	2878.525
jenn	L	blush	8.42	185.59	377.26	979.46	3314.52	0.23244	185.794	361.086	1148.63	2770.56
jenn	AH1	blush	8.515	181.67	857.15	1680.96	3171.34	1.0	182.616	637.578	1498.54	3251.05
jenn	M	my	8.765	197.9	237.26	1766.87	2343.21	0.39318	182.9035	340.567	1665.65	2625.585
jenn	AY1	my	8.835	175.63	696.32	2374.28	2979.74	0.70069	176.264	426.709	2308.07	2831.92
jenn	S	spirit	8.935		936.28	2236.76	2806.71	0.52785	168.788	669.599	2221.175	3004.52
jenn	IH1	spirit	9.095	161.66	438.29	2421.73	2887.48	0.55818	163.3945	365.709	2418.5950000000003	2948.2799999999997
jenn	R	spirit	9.17	156.27	600.43	1857.64	2207.68	0.82287	157.715	558.928	1927.82	3871.05
jenn	IH0	spirit	9.245	152.5	593.08	2206.26	2850.91	0.85911	152.152	580.375	2056.605	2560.255
jenn	N	in	9.440000000000001	164.48	263.32	1839.57	2898.93	0.36051	165.228	1192.038	2643.745	3197.5150000000003
jenn	DH	thy	9.495000000000001	173.18	477.41	2090.33	2634.34	0.72638	161.907	218.662	1661.81	2694.72
jenn	AY1	thy	9.585		808.96	1922.16	2895.13	0.70704	154.122	760.362	2100.65	2905.34
jenn	AE1	fastness	9.84	163.73	935.38	1723.85	2875.66	0.84234	164.85449999999997	843.6865	1670.9499999999998	2866.3
jenn	S	fastness	9.95		914.69	2073.76	3045.73	0.49333	157.119	1409.62	2698.4	3727.19
jenn	AH0	fastness	10.21		686.07	1854.21	3087.81	0.92227	80.37379999999999	368.2205	1763.5	3270.745
jenn	L	blush	10.91	168.33	454.5	1035.92	3235.3	0.37303	174.409	474.323	1405.17	2690.2799999999997
jenn	AH1	blush	10.989999999999998	164.86	812.66	1783.76	3007.16	1.0	167.16	715.0495000000001	1593.9499999999998	3111.05
jenn	AY1	my	11.34		676.23	2237.64	2998.72	0.61195	159.916	484.5345	2211.0150000000003	3222.425
jenn	EY1	clay	12.43		489.77	2483.34	3062.16	0.62105	82.82130000000001	614.827	2400.61	3275.32
jenn	EH1	seven	13.235	192.28	697.03	1891.93	3105.77	0.79075	195.89600000000002	596.1220000000001	1847.0900000000001	3196.07
jenn	V	seven	13.295	169.76	528.33	2199.3	3143.57	0.63265	190.039	592.7325	1787.01	3027.95
jenn	IH1	years	13.5	187.14	514.6	2195.85	2599.65	0.69036	187.3225	385.2235	2401.365	3100.695
jenn	R	years	13.555	182.85	607.0	1916.94	2415.98	0.85314	183.00850000000003	521.772	1829.85	2313.94
jenn	Z	years	13.629999999999999		701.59	2130.57	3443.1	0.54637	174.7265	492.3	1801.97	3049.91
jenn	V	of	13.735	171.64	669.13	2251.16	3014.91	0.74242	177.837	889.433	2093.45	3086.335
jenn	AO1	troth	14.02	173.56	804.46	1230.79	3031.27	1.0	174.30200000000002	767.6175000000001	1239.565	2962.875
jenn	TH	troth	14.129999999999999		730.95	1146.22	2420.68	0.42022	77.357	406.673	1605.79	3153.15
jenn	AO1	taught	14.645	176.71	706.39	1215.1	2974.41	0.69404	176.41	598.051	1218.15	2932.96
jenn	T	taught	14.745000000000001		819.77	1460.68	3038.64	0.61837	165.119	829.7815	2091.9900000000002	3308.0
jenn	R	more	15.309999999999999	181.44	535.88	1517.24	2372.64	0.60647	182.328	485.502	1522.97	2566.11
jenn	DH	than	15.370000000000001	171.05	218.75	1604.94	2975.35	0.28137	173.18650000000002	299.927	1472.88	2927.64
jenn	AH0	than	15.41	171.97	549.91	1742.8	3034.79	0.29765	176.40300000000002	458.238	1640.85	2948.79
jenn	N	than	15.465	168.29	399.38	1549.63	2885.9	0.50524	168.053	186.73250000000002	1637.075	3033.215
jenn	W	wifehood	15.545	171.72	216.34	1367.93	2933.23	0.21394	166.636	282.5485	2023.5300000000002	3074.6800000000003
jenn	AY1	wifehood	15.65		634.23	2156.33	2944.49	0.50881	168.428	568.087	1952.31	2763.08
jenn	F	wifehood	15.735		191.13	1870.71	2652.56	0.19768	366.4555	2478.46	3076.51	4092.3450000000003
jenn	HH	wifehood	15.82		264.73	1700.37	2889.28	0.28532	149.766	181.633	2018.21	3313.39
jenn	EH1	every	16.145		669.03	2164.94	2909.52	0.82146	107.5156	507.392	2095.875	3124.505
jenn	V	every	16.245	172.14	1344.36	2171.12	3175.1	1.0	167.418	1528.67	2565.06	3574.79
jenn	IY0	every	16.36		336.75	2528.85	2883.92	0.44276	91.3546	293.935	1876.865	2595.285
jenn	M	may	16.425		245.93	1846.31	2775.29	0.42684	93.50435	247.188	1603.6	2733.34
jenn	EY1	may	16.6		652.12	2419.26	3053.23	0.97797	163.588	481.789	2020.0	2850.19
kristen	AH0	apothecary	0.45499999999999996	249.24	356.25	1669.65	2826.47	0.37804	300.735	394.177	1602.68	2568.76
kristen	AA1	apothecary	0.6599999999999999	165.86	946.07	1264.67	1993.99	0.98197	176.279	996.823	2821.64	3465.39
kristen	TH	apothecary	0.75		968.56	1793.23	2913.97	0.74438	145.554	1380.79	2766.865	3647.08
kristen	R	apothecary	1.04	75.77	606.78	1729.2	2254.62	0.79003	75.78685	536.979	1507.21	2250.45
kristen	IY0	apothecary	1.13	151.74	385.7	2178.84	2696.21	0.55736	81.2323	323.7125	1972.815	2566.05
kristen	AH0	appeared	1.255	220.22	595.36	1650.52	2875.91	0.73843	394.7725	931.296	2070.51	3264.205
kristen	IH1	appeared	1.4649999999999999	316.63	417.65	1963.52	2437.0	0.39234	318.0715	394.217	2248.81	3009.4
kristen	R	appeared	1.52	283.13	383.03	1992.42	2586.28	0.52236	288.1205	391.791	2042.25	2965.075
kristen	L	little	1.7	209.92	261.74	1442.09	2814.92	0.17253	221.57299999999998	292.145	1481.29	2702.6850000000004
kristen	L	little	1.84	183.63	363.83	1005.25	2497.96	0.2178	193.332	362.712	1424.88	2682.7
kristen	P	puzzled	1.935		563.07	1135.58	2667.64	0.39389	66.98345	1280.803	2509.975	3499.55
kristen	AH1	puzzled	2.04	171.5	758.14	1248.09	3121.1	0.84188	175.598	725.31	1152.11	3160.96
kristen	L	puzzled	2.23		550.7	1000.92	3180.56	0.51917	81.5017	411.4355	1001.072	2571.6049999999996
kristen	D	puzzled	2.38		997.45	1690.48	3380.46	1.0	387.76200000000006	1378.6100000000001	2514.2749999999996	3793.505
kristen	W	was	3.0149999999999997	257.81	410.93	1179.16	2548.91	0.49891	260.781	434.982	1778.3049999999998	2919.385
kristen	AH0	was	3.075	261.96	382.31	1881.76	3021.76	0.32502	263.359	314.90250000000003	1653.79	2939.91
kristen	AE1	standing	3.3449999999999998	306.48	462.45	1181.59	2150.81	0.01573	302.73199999999997	667.021	2076.02	3495.85
kristen	N	standing	3.415	324.6	327.26	1358.83	2515.69	0.35629	327.021	346.89099999999996	1738.275	2738.1400000000003
kristen	D	standing	3.465	331.3	340.49	2074.6	3031.72	0.51527	332.062	336.991	1718.905	2630.4049999999997
kristen	IH0	standing	3.495	325.89	348.27	926.5	2642.49	0.19869	324.75800000000004	336.39	1660.935	2652.185
kristen	NG	standing	3.53	297.35	331.03	2550.56	3357.16	0.60919	319.0595	902.2015	2275.085	3128.76
kristen	AO1	before	3.865	161.66	581.08	1001.25	2807.15	0.42017	167.96	629.8544999999999	1060.76	2783.895
kristen	R	before	3.935		728.07	1453.93	2091.89	0.8908	140.561	603.717	1339.495	2243.315
kristen	HH	him	4.0200000000000005		698.91	1944.2	2358.0	0.699	125.822	965.424	2394.01	3276.29
kristen	IH1	him	4.1	147.89	720.38	2048.19	3003.02	1.0	154.1395	710.913	2062.27	3073.6
kristen	M	him	4.22		181.26	1807.87	2665.31	0.30906	137.61	221.0025	1653.785	2652.13
kristen	IY1	he	4.76	220.95	247.75	2294.04	2757.4	0.30197	225.4365	256.895	2138.55	2664.02
kristen	Z	his	5.29		754.18	1958.35	2827.36	0.54353	318.1995	414.0425	1788.85	3105.0299999999997
kristen	AY1	eyes	5.48	192.73	359.35	1252.03	2012.35	0.0	168.209	803.349	1723.22	3079.0
kristen	Z	eyes	5.675000000000001	154.33	1120.31	1867.16	2816.97	0.69224	163.418	493.6575	2109.785	3239.415
kristen	AA1	on	5.745	149.92	598.35	1491.5	2778.87	0.4984	158.2885	372.574	1442.44	3315.575
kristen	N	on	5.795	152.77	276.84	1490.91	2909.15	0.30781	150.308	267.1335	1706.23	2972.39
kristen	M	me	5.85	162.69	302.95	1626.44	2711.78	0.4696	164.981	301.7065	1596.13	2643.63
kristen	IY1	me	5.895	166.85	342.35	954.36	2797.49	0.22222	166.477	318.913	2560.4	3413.38
kristen	EH1	very	6.225	261.7	767.0	2118.35	2854.8	1.0	256.97	712.135	2180.835	3066.745
kristen	R	very	6.3100000000000005	250.06	603.83	1817.37	2509.51	0.81481	254.72	481.5885	2105.15	3427.335
kristen	IY0	very	6.375	193.68	355.54	2448.27	2899.51	0.49702	197.1665	326.0525	2163.34	2826.05
kristen	S	steadily	6.475		1002.29	2168.28	2480.35	0.54689	169.228	917.5435	2306.745	3458.2700000000004
kristen	EH1	steadily	6.665	155.13	725.5	2109.26	3244.22	0.91798	159.877	633.486	2128.9700000000003	3232.48
kristen	D	steadily	6.71		1103.6	2261.97	2789.17	1.0	152.56900000000002	668.3254999999999	2042.825	3156.005
kristen	IY0	steadily	6.995		327.33	2643.1	3069.63	0.42969	135.562	1042.698	2805.835	3232.7349999999997
kristen	IH0	his	7.875	255.49	478.1	2335.36	3099.29	0.63501	242.872	347.856	2334.1000000000004	3363.295
kristen	Z	his	7.965		711.3	1899.23	2672.18	0.5155	223.74650000000003	701.679	1959.97	3317.91
kristen	AY1	eyes	8.11	296.42	912.28	1713.48	3039.04	0.79595	292.7845	1099.1799999999998	1787.255	3149.31
kristen	Z	eyes	8.24		1010.63	2563.0	3352.41	0.74934	289.732	1549.69	2931.25	3671.04
kristen	ER0	were	8.365	241.47	283.08	1877.01	2753.0	0.10526	242.503	1122.363	2428.8199999999997	3193.465
kristen	M	small	8.600000000000001	291.85	294.49	1401.9	2551.21	0.40135	293.449	310.27	1640.6	2580.53
kristen	AO1	small	8.745000000000001	255.67	805.78	1054.43	3495.99	0.79012	293.539	481.509	1073.82	3544.06
kristen	D	and	9.07	183.35	212.77	1232.12	2566.71	0.20235	177.17149999999998	230.159	1640.29	2698.5950000000003
kristen	G	grey	9.135		975.74	1574.41	2988.25	0.97073	178.268	1413.35	2397.78	3596.87
kristen	EY1	grey	9.46		450.96	2564.41	2938.58	0.55058	160.264	637.1669999999999	2482.935	3242.87
kristen	T	not	10.295		784.1	1418.95	2969.15	0.58526	187.875	615.497	1536.9	2687.55
kristen	V	very	10.355		681.21	1832.91	2767.48	0.66183	151.375	1700.175	2620.34	3730.5699999999997
kristen	EH1	very	10.42	167.28	580.2	2027.78	2833.25	0.59769	172.49650000000003	512.271	2017.91	2881.63
kristen	R	very	10.489999999999998	154.21	524.46	1865.58	2435.57	0.70477	156.02749999999997	404.6495	1761.28	2338.39
kristen	IY0	very	10.565	145.6	410.51	2153.57	2524.01	0.64449	145.7175	390.182	1990.16	3069.54
kristen	B	bright	10.649999999999999		448.84	1731.19	2519.8	0.56854	145.256	1468.15	2323.41	3537.55
kristen	R	bright	10.739999999999998	144.72	406.43	1315.55	1972.81	0.33327	145.095	354.17650000000003	1346.935	2225.455
kristen	AY1	bright	10.85	152.51	874.74	1867.63	2946.63	0.79524	146.265	611.489	1896.765	2867.51
kristen	T	but	11.655000000000001	357.21	727.23	1312.88	2732.77	0.52379	357.71000000000004	695.366	2336.96	3516.43
kristen	AY1	i	11.715	311.32	504.01	849.48	2332.64	0.0	316.429	813.0225	2259.045	3404.5699999999997
kristen	D	dare	11.825	294.61	440.52	902.95	2668.93	0.39277	266.882	359.63	1729.35	2720.0
kristen	EH1	dare	11.93	267.42	568.6	908.84	2619.03	0.21595	268.263	618.7235000000001	2601.26	3565.725
kristen	R	dare	12.004999999999999	208.05	575.82	2005.64	2569.53	0.83323	219.264	450.175	2196.63	3393.765
kristen	EY1	say	12.215	179.01	547.33	2405.63	3123.79	0.73516	179.315	518.0540000000001	2363.6850000000004	3417.675
kristen	AY1	i	12.305	148.73	785.62	2016.47	2741.56	0.70599	151.659	749.63	2122.2	2995.13
kristen	SH	should	12.41		717.34	2293.11	3104.24	0.20969	151.65800000000002	594.598	2297.9300000000003	3134.955
kristen	D	should	12.54		311.46	2021.76	3114.24	0.47197	168.704	1600.72	2863.2	3642.52
kristen	NG	think	12.71	190.3	247.88	845.13	2798.07	0.16298	189.916	271.837	2448.43	3050.58
kristen	M	them	12.885	146.11	282.06	1492.11	2587.86	0.40222	146.004	280.6	1486.64	2678.09
kristen	SH	shrewd	13.025		511.97	1916.12	2707.12	0.05979	138.709	1832.69	2620.25	3673.28
kristen	R	shrewd	13.17	202.58	351.54	1407.83	2091.39	0.27686	208.3245	349.15	1567.19	2494.73
kristen	UW1	shrewd	13.27	179.71	349.33	1476.42	2519.78	0.38829	186.496	353.2235	1624.625	2658.95
kristen	D	shrewd	13.375	152.32	326.84	1789.37	2804.24	0.44265	143.9325	238.464	1633.9099999999999	2818.89
kristen	N	now	13.445	149.36	294.95	1908.83	2752.82	0.42282	152.3955	334.933	1896.545	3102.645
leonard	DH	the	0.74		337.77	1537.03	3363.72	0.4178	158.30450000000002	239.235	1741.27	3162.115
leonard	IY0	the	0.8400000000000001	138.01	402.45	1862.2	2804.89	0.49152	138.09	365.111	1846.06	2783.2
leonard	B	beige	0.9	115.13	223.5	1846.36	2711.2	0.3555	118.097	330.573	1857.37	2807.27
leonard	EY1	beige	1.0250000000000001		430.41	2361.76	2841.85	0.45776	150.0695	407.2785	2334.3450000000003	2833.245
leonard	UW1	hue	1.52	113.82	394.23	1261.12	2574.5	0.42017	115.889	358.6815	1444.925	2679.29
leonard	AA1	on	1.645	130.35	643.47	1146.53	2728.69	0.40037	128.6585	577.613	1116.525	2845.21
leonard	N	on	1.72	110.88	318.65	1471.14	2425.62	0.36683	114.045	530.27	1392.3	2874.92
leonard	AH1	the	1.8050000000000002	111.96	476.11	1197.77	2583.18	0.45541	110.3905	466.839	1397.475	2748.825
leonard	W	waters	1.8599999999999999	114.17	317.68	987.9	2717.9	0.29686	107.411	377.217	1475.96	2689.03
leonard	AO1	waters	1.935	118.57	673.73	1168.89	2581.38	0.62616	119.446	685.383	2436.27	2674.74
leonard	T	waters	2.005	122.66	169.2	1452.62	2496.4	0.17967	120.377	1073.809	2024.63	2998.355
leonard	ER0	waters	2.0599999999999996	129.05	501.66	1559.78	2450.09	0.59102	129.442	484.1	1697.97	2595.41
leonard	Z	waters	2.13		556.85	1769.98	2935.51	0.42726	122.104	514.924	1781.25	3075.66
leonard	V	of	2.23	113.53	414.81	1392.76	2797.39	0.3813	122.57900000000001	933.364	2156.48	3271.825
leonard	L	loch	2.3899999999999997	117.05	393.54	1083.66	2933.31	0.28745	120.397	192.937	1237.42	2613.72
leonard	AA1	loch	2.525	105.15	760.67	1180.68	2694.16	0.6197	104.65	731.488	1189.92	2812.84
leonard	M	impressed	2.8499999999999996	111.44	256.62	1459.57	2256.1	0.35169	124.6	205.997	1566.7	2335.65
leonard	EH1	impressed	3.035	116.23	658.91	1536.37	2721.07	0.59973	118.964	689.588	1578.74	2689.72
leonard	L	all	3.5		574.33	910.2	2767.63	0.5325	122.9695	653.75	2714.88	3476.27
leonard	N	including	3.87	126.36	331.5	1389.69	2492.45	0.36916	127.591	229.952	1628.71	2501.5
leonard	K	including	3.955		1033.64	1286.09	3187.19	0.53955	126.953	951.571	2678.85	3698.23
leonard	UW1	including	4.08	141.25	402.77	1761.95	2647.0	0.54697	141.79000000000002	381.20349999999996	1803.5	2777.505
leonard	IH0	including	4.15		370.43	2274.03	2666.02	0.52866	151.77949999999998	278.62	2130.975	2726.495
leonard	NG	including	4.2	144.63	286.15	1719.83	2527.54	0.38428	145.675	274.638	2230.76	2584.41
leonard	DH	the	4.25	142.82	288.93	1642.5	2616.0	0.38002	144.489	264.2825	1632.915	2601.17
leonard	AH0	the	4.295	126.42	388.0	1756.33	2669.08	0.44582	138.9725	319.025	1750.47	2724.69
leonard	EH1	french	4.46	118.89	598.13	1679.88	2669.69	0.5226	129.974	593.87	1704.35	2584.78
leonard	N	french	4.515000000000001	126.26	300.94	1713.65	2893.7	0.39093	120.42949999999999	276.049	1793.41	2834.82
leonard	IY1	queen	4.92	125.81	446.14	2512.93	2895.0	0.70472	125.205	387.89549999999997	2446.2200000000003	2812.1499999999996
leonard	N	queen	5.115	139.66	235.47	1188.08	2763.52	0.18181	114.07	268.358	1650.435	2670.3199999999997
leonard	AO1	before	5.48	126.18	513.29	880.09	2643.81	0.27003	132.6425	578.247	1741.99	2742.18
leonard	IY1	she	5.695	136.64	351.52	2295.18	2603.39	0.4913	133.154	336.748	2347.32	3536.92
leonard	D	heard	5.95	107.17	288.61	1816.14	2785.32	0.40498	109.816	230.478	1791.43	2668.23
leonard	DH	that	6.0		614.07	1833.93	2745.54	0.84115	104.11850000000001	1098.8125	2179.885	3200.745
leonard	AE1	that	6.07		760.0	1627.69	2729.73	0.56518	116.0025	737.671	1676.84	2796.44
leonard	M	symphony	6.33	116.24	311.9	1786.34	2568.76	0.52313	117.6455	317.65650000000005	1604.94	2678.5299999999997
leonard	F	symphony	6.385		738.55	1905.08	2800.47	0.49006	82.37405	762.7615000000001	1903.995	2835.8050000000003
leonard	AH0	symphony	6.4399999999999995	135.37	454.71	1965.28	2734.53	0.59425	157.243	388.4845	1906.9099999999999	2767.615
leonard	N	symphony	6.484999999999999	117.5	301.71	1803.42	2816.27	0.41092	128.243	329.098	1910.96	2822.9300000000003
leonard	IY0	symphony	6.5649999999999995	122.23	339.79	2647.68	2986.73	0.47676	121.35849999999999	312.81600000000003	2420.1099999999997	2967.865
leonard	AH0	again	6.65	116.57	360.15	2333.38	2671.27	0.53228	117.494	348.329	2380.05	2785.41
leonard	G	again	6.725		480.72	2318.66	2812.97	0.67022	107.562	330.9465	2418.27	3089.92
leonard	N	again	6.98		292.09	1175.02	2732.25	0.26461	84.3796	246.362	1577.09	2732.8
leonard	AH1	just	7.425	117.84	603.39	1530.78	2769.54	0.66398	118.614	599.0385	1622.67	2785.865
leonard	Z	as	7.675	110.65	299.28	1998.48	2847.55	0.34764	116.80199999999999	301.83299999999997	1961.575	2885.8500000000004
leonard	AH1	young	7.795	112.57	711.08	1432.86	2654.36	0.82899	120.793	622.06	1590.41	2732.8
leonard	NG	young	7.875	106.51	505.64	1557.6	2674.96	0.73416	109.87549999999999	313.563	1409.9	2626.58
leonard	R	arthur	8.030000000000001		649.38	1591.63	2175.12	0.81176	112.4945	665.4259999999999	1399.805	1692.7649999999999
leonard	W	wanted	8.27	115.67	484.1	855.23	2700.75	0.54727	115.033	475.548	1087.265	2586.94
leonard	N	wanted	8.39	118.21	350.89	1680.7	2842.59	0.45949	116.491	308.659	1569.13	2815.29
leonard	T	wanted	8.46		1241.39	2503.86	3302.29	1.0	130.6575	1038.6385	2386.02	3254.55
leonard	D	wanted	8.649999999999999		655.06	997.34	2981.99	0.65331	100.55	514.159	1762.06	2837.11
lesley	M	moon	0.625	245.37	249.11	1854.11	2657.94	0.43406	246.8	252.333	1615.59	2644.92
lesley	UW1	moon	0.7450000000000001	255.15	390.94	1327.53	2469.9	0.42911	255.767	328.779	1517.65	2595.34
lesley	IH1	is	0.88	259.52	398.91	1939.73	2970.17	0.34001	259.476	299.265	1770.83	2609.04
lesley	Z	is	0.95	238.45	267.11	1918.09	2976.72	0.32113	246.2475	282.41499999999996	1789.665	2813.515
lesley	IH0	in	1.0150000000000001	269.73	450.01	1890.62	3018.69	0.60227	268.632	363.2165	1882.31	3197.9300000000003
lesley	D	doubt	1.1600000000000001		727.21	2050.18	3180.09	0.94586	249.714	281.3275	1765.57	2784.1800000000003
lesley	T	doubt	1.47		568.86	1536.34	2736.53	0.46645	229.1505	458.5135	1617.26	2680.965
lesley	OW1	over	1.6099999999999999	249.55	462.05	1185.31	2683.55	0.34136	247.41250000000002	456.422	1195.49	2600.255
lesley	V	over	1.72		1245.99	2562.28	3492.82	1.0	229.146	399.995	1814.1100000000001	2812.325
lesley	ER0	over	1.795	248.52	474.16	1493.0	2405.65	0.51128	251.653	1211.1425	2438.77	3485.245
lesley	W	whether	1.855	228.87	359.78	1131.73	2534.5	0.40145	236.48	366.60249999999996	2021.1599999999999	3245.365
lesley	EH1	whether	1.915	229.35	441.19	1390.05	2892.27	0.11203	234.582	360.754	1482.35	2679.875
lesley	DH	whether	1.9849999999999999		543.95	2002.15	2554.36	0.79087	204.343	300.479	1595.5	2611.14
lesley	ER0	whether	2.05	235.03	425.26	1921.77	2602.67	0.55636	235.35	400.366	1988.9	3249.87
lesley	T	to	2.1	210.82	238.02	2327.12	2656.56	0.41777	214.5245	967.898	2188.65	3078.925
lesley	B	be	2.1950000000000003		360.31	1894.94	2930.64	0.51158	232.067	255.474	1634.97	2712.38
lesley	IY0	be	2.26	238.36	273.34	2548.15	2979.14	0.39643	239.2865	269.388	1829.4450000000002	2715.77
lesley	AH0	a	2.33	229.66	326.16	1829.94	2770.85	0.36797	230.651	283.448	1636.76	2737.83
lesley	M	man	2.42	218.27	227.23	1757.91	2597.69	0.37419	219.3315	236.69299999999998	1640.3	2669.465
lesley	AE1	man	2.5949999999999998	216.46	655.37	1863.27	2740.99	0.48186	216.522	499.56100000000004	1679.1100000000001	2777.87
lesley	N	man	2.745	206.27	265.89	1774.02	2860.05	0.35066	205.807	233.374	1773.77	2964.69
lesley	AO1	or	2.86	239.83	468.44	955.43	2559.45	0.22771	235.726	389.273	1321.1100000000001	2551.915
lesley	W	woman	3.1100000000000003	201.82	323.43	748.12	2561.88	0.25084	204.531	325.954	1596.47	2641.21
lesley	M	woman	3.25	198.25	275.06	1624.19	2816.33	0.42226	198.412	239.73	1609.94	2524.83
lesley	AH0	woman	3.325	196.03	552.99	1747.56	2746.64	0.69548	198.5615	416.092	1750.44	2828.01
lesley	EH1	there've	4.415	234.87	457.41	2115.99	2866.52	0.37729	235.948	429.51	2100.57	3052.75
lesley	R	there've	4.49	234.96	458.62	1876.22	2720.35	0.60367	236.563	418.026	1905.83	3487.54
lesley	R	rumors	4.865	215.98	188.54	1314.97	2425.25	0.0	219.699	232.551	1627.73	2678.31
lesley	UW1	rumors	4.984999999999999	233.02	405.21	1433.22	2517.74	0.47805	233.929	330.172	1591.49	2625.62
lesley	M	rumors	5.09	206.86	223.78	1173.43	2236.89	0.22768	209.17950000000002	246.9995	1561.77	2658.3900000000003
lesley	ER0	rumors	5.215	198.88	412.48	1606.85	2211.13	0.42242	199.668	259.64	1587.93	2350.72
lesley	Z	rumors	5.4		1057.32	2066.17	2778.37	0.69453	200.58	663.6424999999999	1937.38	2842.245
lesley	L	all	5.734999999999999	240.08	505.73	847.55	2939.92	0.40421	235.565	427.7205	1196.125	2797.36
lesley	M	manner	5.82	240.28	250.46	1768.93	2757.08	0.41582	239.001	253.781	1565.57	2717.89
lesley	AE1	manner	5.89	234.32	635.02	1896.55	2784.38	0.46213	237.5975	396.7255	1882.5900000000001	2833.375
lesley	N	manner	5.955	229.87	247.48	1913.24	2739.28	0.35204	236.862	295.131	1821.25	2746.52
lesley	ER0	manner	6.015000000000001	241.2	552.07	1784.98	2262.08	0.77227	241.11450000000002	327.10900000000004	2822.5550000000003	4034.605
lesley	V	of	6.109999999999999	230.63	268.45	1454.97	2863.97	0.29191	232.556	375.05100000000004	1362.5900000000001	2643.455
lesley	L	allegations	6.244999999999999	220.57	503.38	1231.03	3079.0	0.50578	219.213	498.92	1365.27	2670.74
lesley	AH0	allegations	6.305	225.89	546.01	1816.38	3059.92	0.70021	222.9755	367.197	1802.49	3135.52
lesley	G	allegations	6.385		1023.46	2532.75	2878.07	1.0	216.707	603.875	2391.94	2812.82
lesley	EY1	allegations	6.494999999999999	214.28	389.95	2391.63	2978.25	0.37194	216.394	348.86249999999995	1713.865	2686.3900000000003
lesley	AH0	allegations	6.73	204.24	563.85	1739.8	3100.97	0.71031	208.589	319.74800000000005	1745.675	3166.65
lesley	OW1	bold	7.56	258.25	499.37	853.03	3179.46	0.34542	259.113	494.9895	2916.55	3483.565
lesley	L	bold	7.64	261.47	475.64	774.49	3269.48	0.33542	259.6295	478.1965	2472.24	3545.5
lesley	D	bold	7.715	245.24	420.45	2085.84	3445.07	0.60756	261.8385	349.8145	1554.1	2835.02
lesley	EY1	claims	8.055	216.09	594.69	2290.01	2996.68	0.81735	216.554	503.022	2230.19	3111.98
lesley	M	claims	8.175	212.98	229.27	1715.85	2736.77	0.36749	210.1945	228.625	1650.545	2687.455
lesley	Z	claims	8.24	192.57	231.99	1945.23	2972.23	0.30966	200.154	222.804	1910.52	2908.37
lesley	AH0	and	8.29	215.25	327.05	1782.73	3031.5	0.35877	216.2135	248.1245	1776.105	2839.42
lesley	P	public	8.440000000000001		813.52	1344.6	2918.5	0.60625	164.67899999999997	503.093	1491.79	2903.94
lesley	AH1	public	8.525	240.38	653.13	1256.21	3061.16	0.64453	240.602	393.978	1146.14	3017.29
lesley	B	public	8.58	208.92	224.85	1186.84	2843.67	0.20815	206.898	249.358	1617.54	2662.9
lesley	L	public	8.625	228.9	322.94	1238.88	2595.75	0.21579	220.609	309.003	1589.96	2676.8050000000003
lesley	IH0	public	8.675	231.33	377.98	1411.16	2973.45	0.35976	232.992	344.24699999999996	1509.6750000000002	2701.725
lesley	K	public	8.755		510.2	1442.02	3056.09	0.29464	229.262	606.507	2037.01	3321.91
lesley	L	lies	8.855	231.81	433.81	904.69	3063.49	0.30347	228.437	391.837	1236.03	2608.21
lesley	AY1	lies	9.05	194.12	549.17	1755.38	2934.81	0.20468	197.8785	511.3755	1617.165	2946.645
lesley	Z	lies	9.285		701.94	1963.81	2709.4	0.52116	200.797	397.9105	1784.78	2702.885
lesley	IY1	he's	9.985	263.88	297.43	2551.82	2990.66	0.44103	264.3515	1248.473	2158.71	2952.93
lesley	Z	he's	10.085	238.35	255.25	2060.72	3090.32	0.33756	244.666	278.87	1861.04	3017.75
lesley	L	belligerent	10.255	220.89	309.23	1092.13	3143.34	0.15326	239.443	302.923	1562.74	2826.1
lesley	IH1	belligerent	10.34	219.54	458.57	1742.91	3094.45	0.43828	223.928	358.388	1654.82	2826.1
lesley	ER0	belligerent	10.525	204.5	338.65	1762.24	2217.35	0.32257	204.738	306.114	1860.14	2242.65
lesley	AH0	belligerent	10.595	195.79	554.22	1868.47	2878.21	0.72437	198.593	386.057	1628.91	3046.56
lesley	IY1	she's	11.27	251.64	281.17	2519.91	3017.42	0.4054	251.4525	1423.7825	2719.81	3140.44
lesley	Z	she's	11.375	200.03	457.09	1909.89	2956.36	0.40424	226.383	357.6055	2011.22	2845.2349999999997
lesley	IH0	in	11.440000000000001	235.15	514.22	1894.58	3038.92	0.72835	235.75799999999998	311.213	1932.1	3116.46
lesley	N	in	11.485	220.69	239.25	1832.09	2927.62	0.32258	224.655	237.794	1677.57	2866.01
lesley	AH0	a	11.555	217.14	502.9	1616.97	2760.19	0.58992	217.692	309.288	1538.94	2606.0
lesley	AH1	funk	11.775	204.72	617.35	1502.7	3076.81	0.67893	208.959	475.543	1376.88	2765.5
lesley	NG	funk	11.885	204.32	218.45	736.58	2845.88	0.09293	190.37349999999998	232.546	1557.85	2617.52
lesley	IH1	when	12.495000000000001	225.7	429.83	1775.9	2772.56	0.21256	227.743	297.159	1513.92	2595.0
lesley	HH	he	12.62		659.26	2646.51	3357.53	0.86198	145.94875	451.744	2419.05	3377.63
lesley	IY1	he	12.77	251.64	272.29	740.79	2749.32	0.05434	253.2595	273.5335	1958.59	2898.5
lesley	EY1	fades	13.004999999999999	228.49	430.65	2319.45	2603.55	0.44872	227.9365	385.7405	2031.085	2849.44
lesley	D	fades	13.11	188.0	260.91	2298.07	2850.23	0.4705	194.226	456.793	1952.8449999999998	2759.6099999999997
lesley	AH0	the	13.280000000000001	227.03	438.47	1680.02	2772.36	0.50575	232.124	349.867	1500.55	2880.34
lesley	W	world	13.345	193.49	206.18	872.77	2540.68	0.08166	196.6865	209.045	1614.94	2657.09
lesley	ER1	world	13.41	214.91	514.39	1007.47	2597.66	0.30928	216.692	485.4825	1076.555	2483.0950000000003
lesley	L	world	13.48	213.25	558.9	866.25	3003.2	0.49543	213.207	436.312	1340.94	2593.29
lesley	D	world	13.55	179.8	241.31	1489.2	2703.24	0.28609	168.041	320.20799999999997	1684.53	2767.105
lesley	IY1	teeters	13.754999999999999	230.28	312.4	2502.22	2990.77	0.45898	233.486	326.526	1793.7	2575.03
lesley	T	teeters	13.82	186.4	224.77	2173.53	2777.27	0.37517	216.6145	368.429	1820.55	2767.58
lesley	ER0	teeters	13.95	198.59	503.82	1719.5	2249.54	0.65	199.344	324.7525	1553.405	2302.315
lesley	Z	teeters	14.13		710.96	2053.34	2753.38	0.53878	207.47699999999998	632.524	2137.0	3069.015
lesley	EH1	when	14.695	229.43	379.73	1762.21	2956.36	0.10674	236.7135	253.21699999999998	1709.545	2493.2
lesley	N	when	14.73	228.45	235.73	1422.94	2747.17	0.23146	228.829	240.977	1665.405	2703.285
lesley	IY1	she	14.91	240.52	265.53	2556.27	2719.23	0.38373	243.178	402.751	2046.2199999999998	2815.135
lesley	AY1	crime	16.125	200.87	475.27	1704.66	2783.46	0.06044	208.53050000000002	385.414	1638.965	2769.6899999999996
lesley	M	crime	16.22	202.9	244.18	1642.96	2569.03	0.37495	197.914	222.575	1578.01	2620.84
lesley	B	blossoms	16.295		292.06	1933.43	2572.67	0.44787	180.435	917.0625	2097.075	3134.635
lesley	L	blossoms	16.35	200.83	484.81	970.03	3074.76	0.40399	198.8605	229.71550000000002	1083.698	2628.5950000000003
lesley	AA1	blossoms	16.425	217.73	624.24	1086.94	2833.17	0.33686	202.5525	469.26750000000004	988.7465	2698.41
lesley	S	blossoms	16.555		1007.85	1973.87	2784.89	0.5197	195.018	1091.841	2283.285	3289.635
lesley	AH0	blossoms	16.665	209.49	621.46	1597.92	3298.67	0.76647	210.777	533.217	1642.585	3229.2200000000003
lesley	M	blossoms	16.785	197.58	239.64	1876.7	3032.67	0.42361	198.097	217.8	1631.92	2644.48
lesley	Z	blossoms	16.93		1357.84	1899.04	2805.28	0.80256	203.833	432.539	1882.22	2817.93
lesley	OW1	o	17.67	227.92	607.7	1008.69	3137.59	0.65037	237.425	382.38300000000004	1074.835	3075.29
lesley	HH	how	17.895		969.7	1782.84	2660.17	0.87017	210.99	1194.79	2596.045	3513.365
lesley	DH	the	18.055		728.44	1719.78	3033.94	0.96076	390.459	842.7835	2053.98	3288.21
lesley	IY0	the	18.134999999999998	237.69	394.1	2399.63	2793.07	0.59886	239.788	459.621	1921.5	2957.94
lesley	P	operatic	18.380000000000003		1369.85	2491.1	3282.68	1.0	574.941	727.207	1504.4	2657.65
lesley	ER0	operatic	18.48	221.81	547.04	1504.78	2353.35	0.66622	219.4715	401.241	1494.13	2594.85
lesley	AE1	operatic	18.549999999999997	213.78	733.53	1283.81	2799.64	0.43114	214.284	662.92	1444.07	2702.98
lesley	IH0	operatic	18.66	213.99	498.24	2264.96	2986.13	0.77601	213.342	366.016	2361.56	3087.07
lesley	K	operatic	18.740000000000002		545.13	2063.97	2795.43	0.46859	205.2615	291.68	2410.28	2805.86
lesley	IH0	impulse	18.835	220.96	537.01	2181.79	2824.41	0.74227	236.407	314.6395	2142.21	2645.8199999999997
lesley	M	impulse	18.915	206.75	244.05	1628.15	2730.28	0.37117	208.2735	228.5195	1586.74	2663.715
lesley	P	impulse	19.009999999999998		1126.35	2843.38	3439.25	1.0	197.989	1276.17	2446.865	3546.98
lesley	AH1	impulse	19.1	214.16	518.91	863.2	2331.63	0.44592	155.9785	448.353	867.053	2702.68
lesley	L	impulse	19.174999999999997	200.26	425.97	835.77	2712.3	0.27184	209.19	553.6255	1648.9140000000002	3132.425
lesley	IH1	dip	20.915	229.93	454.54	2211.48	3017.53	0.54571	227.01	393.73	1831.27	2877.84
lesley	P	dip	20.97		462.01	1924.89	2926.67	0.48018	218.257	416.2745	1798.505	2766.71
lesley	IY1	deep	21.52	227.19	284.98	2738.78	3111.7	0.45353	229.123	298.722	1653.31	2671.6800000000003
lesley	P	deep	21.68		172.78	1768.11	2835.92	0.2516	240.89100000000002	444.4175	1674.755	2829.505
lesley	AY1	my	21.98	204.73	639.2	2016.91	2834.92	0.46091	203.65449999999998	436.62	1938.56	2980.94
lesley	D	darling	22.075000000000003		989.94	2267.74	3186.79	1.0	194.4725	364.69	1954.8	2874.34
lesley	AA1	darling	22.175	200.58	618.99	1549.07	2474.26	0.56331	201.3125	497.062	1425.77	2434.05
lesley	R	darling	22.25	194.31	570.3	1534.55	2967.82	0.66697	195.855	502.7185	1484.87	3019.525
lesley	L	darling	22.295	190.41	399.44	1443.27	3014.4	0.39581	193.827	303.892	1444.19	3079.37
lesley	IH0	darling	22.36	196.85	528.43	2297.69	2982.49	0.84185	195.4715	330.698	2024.975	3060.88
lesley	NG	darling	22.54	201.33	221.88	1057.47	2726.24	0.15582	196.201	214.72500000000002	1632.895	2672.6000000000004
lesley	IH0	into	22.765	249.85	414.51	2101.16	3015.44	0.41905	233.121	320.602	2166.12	3030.68
lesley	N	into	22.845	204.48	215.02	713.09	2418.27	0.05131	210.188	227.808	1622.15	2693.91
lesley	T	into	22.9		638.56	1696.4	3047.85	0.54839	186.368	592.409	1643.65	3040.48
lesley	AH1	the	23.05	214.62	508.52	1468.14	2911.84	0.56524	213.50650000000002	386.2735	1387.1550000000002	2912.265
lesley	B	blank	23.130000000000003		225.38	1493.87	2813.87	0.27798	169.508	919.7529999999999	2061.87	3224.755
lesley	L	blank	23.215	196.39	546.02	1141.9	2956.85	0.55033	126.501	298.39300000000003	1006.5264999999999	2746.6949999999997
lesley	AE1	blank	23.275	189.8	722.83	1751.53	2980.82	0.54683	190.683	459.5895	2078.825	3609.485
lesley	NG	blank	23.354999999999997	190.9	253.22	1694.23	2503.19	0.32293	189.663	256.7975	1707.0749999999998	2603.8100000000004
lesley	K	blank	23.46		1103.01	2323.81	3270.45	0.8358	176.469	1407.97	2540.125	3581.13
lesley	P	pool	23.585		1187.3	2308.6	3269.24	1.0	87.5094	1278.925	2406.45	3488.815
lesley	UW1	pool	23.77	196.23	427.31	821.17	2988.12	0.38098	200.40949999999998	381.878	861.649	2953.11
lesley	L	pool	23.97		308.7	973.28	3060.17	0.11974	201.07	258.108	1526.0500000000002	2687.815
lucy	AY1	i	0.73	285.59	939.92	1639.08	3103.31	0.81224	271.964	813.8810000000001	1724.7800000000002	3204.325
lucy	AE1	am	0.875	271.18	788.56	2202.0	3126.04	0.76673	271.496	739.9770000000001	2209.38	3155.7749999999996
lucy	M	am	0.97	289.74	299.68	1488.24	2637.19	0.43084	284.8835	333.48850000000004	1577.405	2686.5299999999997
lucy	AH0	afraid	1.06	276.27	343.38	1614.06	2872.25	0.34599	281.276	311.167	1640.11	2909.29
lucy	R	afraid	1.23	323.97	355.94	1940.1	2375.51	0.46181	311.849	480.33849999999995	2276.1899999999996	3455.16
lucy	EY1	afraid	1.33	283.64	507.37	2513.94	2972.67	0.66823	282.679	455.557	2522.99	3112.07
lucy	AH0	to	1.5699999999999998	295.65	691.69	1637.28	2996.32	1.0	274.165	572.064	1508.11	3028.39
lucy	OW1	own	1.705	248.79	714.39	1527.72	2986.24	1.0	249.1095	546.52	1641.06	3002.72
lucy	N	own	1.77	242.98	249.85	1697.64	3056.69	0.31041	247.286	453.486	1789.27	2997.3450000000003
lucy	AH0	a	1.835	258.49	673.06	1760.28	2895.34	0.88143	255.109	575.4915	1665.5149999999999	2792.3450000000003
lucy	B	body	1.935		496.24	1957.46	3234.39	0.66987	248.678	505.012	1611.03	2887.05
lucy	AA1	body	2.065	227.76	1240.94	1259.36	2961.44	1.0	227.8815	519.3299999999999	1487.435	3031.49
lucy	IY0	body	2.355	237.24	311.3	2669.37	3034.59	0.37526	235.959	279.286	1647.18	2808.99
lucy	AY1	i	2.835	237.13	999.82	1575.51	3021.06	0.88693	248.707	931.567	1599.81	3136.43
lucy	AE1	am	2.985	253.08	773.4	2152.11	3076.67	0.73114	253.85250000000002	726.564	2207.35	3100.04
lucy	M	am	3.08	245.68	249.77	1653.56	2755.68	0.38688	246.334	265.063	1625.17	2728.36
lucy	AH0	afraid	3.15	257.31	331.24	1515.86	2509.75	0.30553	258.451	470.091	1933.9	2944.925
lucy	R	afraid	3.3499999999999996	305.55	373.33	2097.83	2463.48	0.54218	301.667	1342.4005	3281.29	4430.59
lucy	EY1	afraid	3.465	257.59	463.0	2606.91	2951.7	0.58775	257.49649999999997	354.282	2452.19	3061.14
lucy	OW1	own	3.735	256.17	641.89	1505.49	2939.67	0.8638	249.452	478.68449999999996	1420.3449999999998	2963.87
lucy	N	own	3.86	233.41	238.31	897.22	2331.41	0.1251	237.844	263.16949999999997	1592.275	2635.505
lucy	AH0	a	3.94	244.68	266.03	1923.03	2431.11	0.29706	245.8365	1218.2925	2091.395	3396.355
lucy	OW1	soul	4.255000000000001	234.36	577.38	1147.88	3263.76	0.61287	231.832	309.14250000000004	1094.5149999999999	2599.95
lucy	R	profound	5.165		689.38	1784.48	2485.11	0.93981	299.9915	487.7945	1462.4099999999999	3503.62
lucy	OW0	profound	5.26	299.38	572.15	1294.01	3012.34	0.61557	296.2115	381.24350000000004	1194.9450000000002	2970.59
lucy	N	profound	5.82	259.51	262.03	835.64	1972.59	0.14802	260.543	274.66949999999997	1616.535	2674.41
lucy	D	profound	5.93		770.26	1971.49	2995.98	0.97854	242.462	606.582	1937.61	2950.14
lucy	EH1	precarious	6.35	245.57	744.75	2129.19	2558.04	0.96335	245.868	558.15	1551.955	2241.01
lucy	R	precarious	6.425	241.68	643.45	1920.98	2221.73	0.91243	242.1465	483.4365	1882.375	2431.475
lucy	IY0	precarious	6.5	240.08	348.31	2446.1	2778.32	0.46982	242.2135	352.3725	2506.265	3671.4700000000003
lucy	AH0	precarious	6.585	245.92	316.05	1134.31	2527.09	0.19713	246.02	542.66	2094.98	3158.07
lucy	R	property	6.92	251.56	284.98	1124.51	2861.78	0.07635	246.911	288.471	1025.68	2763.75
lucy	AA1	property	6.99	232.37	406.96	1010.82	2811.73	0.0	232.798	287.329	1279.954	2740.04
lucy	P	property	7.0649999999999995		915.49	2360.32	2825.55	0.8759	243.929	1360.48	2489.15	3579.78
lucy	ER0	property	7.14	224.35	422.69	1845.04	2263.62	0.52484	222.19150000000002	287.9095	1861.545	2564.38
lucy	IY0	property	7.38	222.2	327.96	2587.37	2931.75	0.42135	220.052	270.7075	1665.07	2727.28
lucy	AH0	possession	8.035	251.73	565.87	1759.46	3068.18	0.71778	250.059	316.6415	1709.0349999999999	3112.66
lucy	Z	possession	8.115	236.5	247.6	2025.02	2987.77	0.32873	243.259	442.5075	1889.775	3141.215
lucy	EH1	possession	8.21	254.4	840.17	1742.38	3060.38	1.0	253.9195	613.36	1749.81	3093.925
lucy	AH0	possession	8.425	221.33	673.99	1833.55	3117.48	0.89923	218.25	369.395	1740.7	3068.66
lucy	AA1	not	8.934999999999999	221.86	900.93	1170.1	2966.39	0.856	221.642	460.856	1241.0349999999999	2919.955
lucy	T	not	9.030000000000001	234.0	366.42	1079.46	2950.39	0.23024	235.454	533.05	1206.9650000000001	2974.855
lucy	AA1	optional	9.120000000000001	207.58	641.25	1087.13	2795.42	0.36627	207.0	618.32	1086.27	2747.84
lucy	AH0	optional	9.399999999999999		619.81	1770.6	3035.98	0.80254	214.289	268.735	1627.87	2821.67
lucy	N	optional	9.45		245.54	1824.62	2428.01	0.33053	212.98649999999998	283.901	1387.955	2667.7
lucy	AH0	optional	9.504999999999999		533.35	1054.49	2977.65	0.51067	110.313	292.126	969.45	2572.81
lucy	D	double	10.7		693.49	1884.95	2296.79	0.87472	297.2155	543.845	1542.305	3254.08
lucy	AH1	double	10.77	273.78	790.26	1575.09	3335.45	1.0	272.643	734.271	1464.57	3405.57
lucy	AH0	double	10.875	306.76	348.46	1027.21	2212.1	0.22261	298.019	455.1615	1068.19	3158.475
lucy	EY1	estate	11.399999999999999	230.88	385.67	2532.01	2976.82	0.3939	234.56	372.15	2434.8	3077.35
lucy	T	estate	11.6		493.67	2043.27	3110.75	0.52719	241.3695	494.978	2018.75	3188.86
lucy	IH0	entailed	11.75		711.61	2086.04	3157.81	1.0	237.3875	278.452	1860.755	2946.315
lucy	N	entailed	11.84	237.35	241.81	784.35	2104.82	0.10672	232.849	256.1115	1545.22	2626.33
lucy	T	entailed	11.97		697.59	2326.4	3128.85	0.72627	247.8765	717.751	2316.415	3292.6800000000003
lucy	L	entailed	12.145	242.83	691.02	1179.11	3021.21	0.79532	242.3265	531.353	1665.59	3104.68
lucy	D	entailed	12.225	229.44	635.71	1943.04	3250.47	0.82132	242.3005	322.647	1385.16	3200.48
lucy	AE1	at	12.27	254.09	594.84	1407.4	3328.1	0.26785	251.78449999999998	371.1245	940.7455	2548.49
lucy	T	at	12.32		475.5	1951.21	2859.05	0.49478	235.532	414.239	1708.55	2671.87
lucy	EH1	pleasure	12.545	223.07	678.86	1893.62	3131.14	0.7545	220.824	483.239	1523.49	3025.88
lucy	ER0	pleasure	12.8	202.9	588.25	1679.23	2106.31	0.81109	212.0895	372.508	1576.35	2646.81
lucy	AH0	upon	13.379999999999999	271.5	584.01	1474.42	3308.25	0.68177	263.745	715.281	2471.37	3521.73
lucy	AA1	upon	13.594999999999999	249.0	787.86	1413.62	2967.96	0.78527	247.633	534.8205	1212.5900000000001	2891.465
lucy	N	upon	13.645	242.79	256.57	1564.6	3127.19	0.29265	241.85250000000002	262.986	1654.52	2969.06
lucy	AH0	an	13.7	230.62	580.75	1900.13	3197.14	0.3857	229.265	240.666	1656.69	2929.97
lucy	AH0	unsuspecting	14.170000000000002	302.59	322.27	1062.91	1916.65	0.19065	308.319	350.95950000000005	1725.65	2844.1400000000003
lucy	EH1	unsuspecting	14.399999999999999	251.14	739.68	2047.33	2931.28	0.92688	247.445	662.1125	2093.915	3083.965
lucy	IH0	unsuspecting	14.595	247.04	271.96	764.61	2730.05	0.0154	244.619	309.394	1578.53	2814.05
lucy	EH1	heir	14.925	216.3	731.39	2218.92	2821.1	0.96502	201.782	617.257	2197.11	2887.52
lucy	R	heir	15.16	213.72	614.56	1666.36	2201.59	0.78139	208.2105	380.9045	1586.935	2484.365
lucy	UW1	duke	16.134999999999998	295.45	311.83	1540.75	2838.6	0.33592	289.529	322.5075	1573.785	2675.625
lucy	IH1	in	16.560000000000002		358.51	2308.64	3067.06	0.51277	254.428	598.94	2199.39	3214.85
lucy	N	in	16.65	255.72	260.23	1071.56	2138.47	0.19478	256.97	273.593	1675.97	3175.12
lucy	AH0	a	16.715	261.37	569.49	1844.16	3172.29	0.74223	257.356	282.667	1590.245	2722.105
lucy	M	moment	16.78	239.54	243.43	1215.25	2629.54	0.27073	237.379	280.436	1266.65	2695.02
lucy	M	moment	16.92	225.12	229.22	1136.59	2350.96	0.22795	225.52100000000002	250.74200000000002	1528.4699999999998	2646.705
lucy	AH0	moment	17.005000000000003	222.43	664.55	2045.41	3051.69	0.93217	220.9485	402.5	1676.07	2916.06
lucy	N	moment	17.09	218.55	235.97	1007.88	1882.17	0.14478	223.4385	223.149	1563.9699999999998	2661.775
lucy	AH1	of	17.33	225.33	684.34	1530.88	3238.67	0.81875	226.539	579.1315	1843.8600000000001	3321.62
lucy	V	of	17.43		1123.66	2177.84	3195.45	1.0	377.10299999999995	1407.8000000000002	2609.84	3823.825
lucy	AE1	and	18.835		730.79	2140.42	3003.7	1.0	244.155	713.171	2127.38	3172.08
lucy	N	and	18.935	232.67	240.74	1154.61	2584.16	0.18275	231.051	234.8615	1593.825	2676.16
lucy	AA1	god	19.36	211.25	873.05	1404.81	3091.72	0.92755	209.63299999999998	744.903	1346.2	3097.54
lucy	R	for	19.924999999999997		641.21	1809.06	2302.78	0.81018	402.4935	368.5005	966.9275	2147.635
lucy	ER0	for	19.985	233.09	659.88	1720.16	2210.55	0.87141	231.446	468.764	1536.22	2295.08
lucy	AH0	a	20.060000000000002	223.85	615.82	1699.33	2339.87	0.78052	220.827	1308.002	2543.395	3620.06
lucy	R	frontier	20.21	234.4	288.31	1831.82	2367.75	0.3181	174.144	347.604	1523.0749999999998	2421.515
lucy	AH0	frontier	20.255000000000003	226.33	576.89	1991.14	3232.38	0.78635	226.845	258.129	1695.3049999999998	2948.0950000000003
lucy	IH1	frontier	20.564999999999998	242.25	481.59	2241.36	2611.37	0.6201	239.865	409.024	2004.75	2372.0
lucy	R	frontier	20.744999999999997	228.44	597.39	1756.1	2151.37	0.78409	226.954	370.76599999999996	1735.2150000000001	2207.84
luna	IY1	please	1.6	284.92	358.49	2513.98	2948.94	0.54519	285.7455	366.2115	2658.575	3058.91
luna	AO1	call	1.855	286.12	635.31	1115.45	2881.46	0.54663	299.9085	483.901	1091.3400000000001	2894.47
luna	L	call	1.92	265.95	395.99	1206.64	3063.73	0.32521	274.569	455.8465	1272.1799999999998	2802.535
luna	L	stella	2.2649999999999997	178.77	508.43	1271.8	3130.28	0.52516	182.494	535.194	1268.36	3114.16
luna	AH0	stella	2.42	196.67	513.4	1577.01	3040.2	0.597	195.54	301.261	1498.97	3086.11
luna	AE1	ask	2.755	243.21	898.6	1674.18	2824.52	0.77597	224.021	676.525	1416.61	4197.73
luna	AH0	to	3.08	268.15	449.7	1449.99	2164.9	0.56092	268.794	390.0265	1773.85	2491.4
luna	IH1	bring	3.19	239.32	650.84	2154.82	2605.43	1.0	253.179	469.434	1982.935	3108.325
luna	NG	bring	3.25	224.37	249.79	1002.26	2295.59	0.19417	229.1075	253.952	1617.6149999999998	2645.685
luna	DH	these	3.3200000000000003		578.26	1809.64	2529.79	0.78961	201.902	366.116	1796.22	2640.63
luna	IY1	these	3.39	228.41	399.17	2539.8	2988.66	0.62418	228.976	321.3845	1851.4850000000001	2939.49
luna	Z	these	3.46		806.42	2063.43	2502.41	0.5827	213.79199999999997	581.948	1894.71	2879.72
luna	Z	things	3.815		778.71	1882.82	2763.43	0.54294	191.2665	538.7574999999999	1724.38	2798.96
luna	IH1	with	3.94	205.67	490.36	1778.77	2529.94	0.52591	215.26999999999998	397.70849999999996	1357.85	2503.995
luna	HH	her	4.02	189.59	248.51	1750.31	2561.42	0.28621	177.6395	320.367	1802.93	2651.7
luna	M	from	4.295	197.62	253.51	1703.56	2735.83	0.06719	197.89	252.0795	1423.4099999999999	2514.49
luna	DH	the	4.34	186.61	230.09	1015.24	2417.38	0.15752	190.59750000000003	225.829	1226.025	2672.425
luna	AH0	the	4.395	191.53	237.83	1698.77	2276.44	0.20395	197.955	271.26800000000003	1682.865	2893.37
luna	AO1	store	4.64	192.01	577.02	1284.46	2623.59	0.5177	195.62	418.6135	1203.38	2435.145
luna	R	store	4.8100000000000005		478.26	1700.92	2089.93	0.57629	100.852	466.462	1577.9099999999999	2160.6899999999996
luna	IH1	six	5.38	311.63	524.65	1953.43	2680.25	0.65446	312.05600000000004	459.308	1834.21	2755.2
luna	K	six	5.4399999999999995		630.85	1729.18	2577.04	0.43162	290.034	526.252	1591.45	2626.73
luna	UW1	spoons	5.67	227.23	556.26	1548.61	2986.01	0.77246	228.385	332.2005	1631.9299999999998	2798.255
luna	N	spoons	5.765000000000001	216.34	278.73	1698.68	2741.3	0.35425	217.543	259.411	1617.19	2691.77
luna	Z	spoons	5.825		876.65	2029.95	2758.72	0.6088	209.21300000000002	537.55	1636.89	2631.94
luna	EH1	fresh	6.0649999999999995	230.99	706.75	2055.98	2589.7	0.86295	241.373	657.2815	2493.425	3606.14
luna	N	snow	6.31	212.0	260.29	1808.78	2989.96	0.34948	220.912	301.425	1734.965	3043.545
luna	OW1	snow	6.395	202.05	565.2	1636.13	2815.37	0.71096	202.954	359.709	1703.815	2882.385
luna	P	peas	6.51		767.28	1949.44	2749.02	0.69371	190.442	1425.4699999999998	2520.79	3623.1499999999996
luna	IY1	peas	6.68	175.02	298.69	2551.34	2897.44	0.44324	175.802	325.4035	2469.225	2920.7250000000004
luna	Z	peas	6.880000000000001		1205.61	1921.09	2712.11	0.73831	170.136	532.524	1782.24	2651.28
luna	AY1	five	7.285	262.33	847.38	1037.49	2790.24	0.41466	255.7625	724.746	1267.51	2937.43
luna	V	five	7.365	263.0	462.35	1528.78	2468.84	0.44361	274.935	500.579	1628.85	2687.67
luna	TH	thick	7.43		970.52	2193.57	3135.89	0.84724	567.327	789.619	2010.17	2896.99
luna	IH1	thick	7.484999999999999	280.82	530.6	2242.53	2960.96	0.74162	312.04499999999996	491.534	2180.84	2987.94
luna	K	thick	7.54		664.71	1698.15	2402.82	0.44224	277.218	548.471	1695.33	2686.57
luna	V	of	7.970000000000001		204.67	2224.53	3111.83	0.41106	203.0695	180.94400000000002	1691.845	2884.83
luna	L	blue	8.075	202.1	330.95	1490.12	3030.15	0.29779	203.397	333.112	1578.88	3065.75
luna	UW1	blue	8.14	195.29	351.61	1936.03	2807.44	0.49477	198.793	326.706	1683.93	2733.03
luna	IY1	cheese	8.415	186.06	339.3	2488.92	2952.85	0.50549	186.099	321.733	2137.64	2811.94
luna	M	maybe	8.815	190.23	346.48	1879.02	2512.85	0.60346	185.925	282.9	1620.85	2627.965
luna	EY1	maybe	8.875	200.41	551.43	2508.99	2845.78	0.76791	192.298	414.6395	2495.175	3149.855
luna	B	maybe	8.940000000000001		359.75	1481.98	2620.65	0.41783	202.962	288.638	1903.92	2646.31
luna	IY0	maybe	9.0	229.55	366.34	2573.64	2975.01	0.56103	231.14600000000002	1179.86	2532.59	3385.29
luna	AH0	a	9.065	226.89	354.56	1785.6	2830.66	0.40136	231.55	337.004	1723.62	2771.46
luna	AE1	snack	9.325	183.11	807.27	1784.26	2645.35	0.67647	183.54149999999998	496.397	1360.31	2560.28
luna	K	snack	9.425		589.97	1771.41	2636.35	0.41998	182.027	960.095	1600.47	2936.82
luna	B	brother	9.74	148.16	194.76	1627.73	2285.0	0.2757	160.559	1576.61	2628.55	3656.02
luna	AH1	brother	9.84	182.46	634.2	1217.01	2728.88	0.592	182.204	620.049	1280.88	2746.53
luna	DH	brother	9.905	168.35	522.83	1531.55	2764.16	0.6534	163.52	420.556	1520.52	2867.05
luna	ER0	brother	9.965	185.11	480.12	1690.53	2239.0	0.59104	183.59550000000002	458.48	1534.31	2433.55
luna	B	bob	10.035		556.26	1610.11	2663.35	0.65517	167.762	412.2885	1521.04	2608.7
luna	AA1	bob	10.18		702.93	1161.03	2840.88	0.5102	126.78649999999999	623.6755	1114.295	2787.685
luna	B	bob	10.370000000000001		1008.28	1806.81	2951.27	1.0	162.983	513.0475	1660.745	2687.085
luna	IY1	we	10.969999999999999	183.41	331.21	2223.01	2691.92	0.44069	184.349	310.681	2020.225	2635.085
luna	L	also	11.07	213.98	534.1	1081.42	2754.22	0.5144	215.11	465.899	1172.05	2586.99
luna	N	need	11.25	255.1	275.23	1107.05	2060.85	0.22489	277.4715	291.64	1648.705	2672.15
luna	IY1	need	11.3	237.04	311.99	2688.1	3056.82	0.49322	248.13	282.382	2772.36	3344.33
luna	D	need	11.36		761.41	2049.88	2926.7	0.98431	230.7535	347.677	2106.78	3025.89
luna	AH0	a	11.42	199.81	291.06	1745.04	2978.31	0.29546	219.6935	296.833	1805.09	2915.85
luna	AO1	small	11.649999999999999	198.08	604.54	1028.03	2743.68	0.46659	198.668	538.993	987.224	2707.12
luna	P	plastic	11.765		923.94	2304.24	2963.15	0.87064	135.63075	663.162	1762.73	2778.22
luna	L	plastic	11.83	254.96	472.71	1011.41	2272.85	0.39577	558.2094999999999	923.951	2797.175	3573.76
luna	S	plastic	11.955		745.11	1901.63	2465.34	0.3913	221.38350000000003	388.212	1652.2399999999998	2658.485
luna	IH0	plastic	12.07	285.17	515.41	2070.1	2862.71	0.76802	284.272	450.064	1787.48	2847.62
luna	K	plastic	12.125		601.94	1533.21	2667.03	0.3671	256.96000000000004	531.128	1631.21	2620.6
luna	EY1	snake	12.36	205.52	601.84	2459.66	3042.51	0.87208	207.0355	551.5195	2452.0699999999997	3102.88
luna	AH0	a	12.795	178.32	544.61	1830.39	2863.93	0.7012	183.235	395.951	1851.245	2960.185
luna	B	big	12.855	165.67	229.9	1808.17	2770.66	0.35368	167.112	347.3565	1828.06	2793.34
luna	IH1	big	12.935	210.9	440.08	2121.67	2869.52	0.48743	207.877	380.3925	2119.99	2815.185
luna	G	big	13.02		583.98	2056.67	2437.6	0.71144	138.97019999999998	417.613	2004.0149999999999	2499.175
luna	OY1	toy	13.235	205.4	621.1	1270.69	2657.28	0.7203	205.321	532.3354999999999	1497.57	2596.9049999999997
luna	AA1	frog	13.530000000000001	166.99	620.01	1167.03	2703.94	0.37038	170.7595	573.514	1173.115	2665.865
luna	G	frog	13.645		443.22	1390.62	2490.6	0.44953	165.57549999999998	406.426	1532.45	2614.69
luna	ER0	for	13.780000000000001	187.24	473.27	1715.18	2808.28	0.51383	382.22249999999997	367.60699999999997	1655.67	2724.1499999999996
luna	DH	the	13.835	169.07	216.99	1900.71	2789.84	0.34853	171.454	870.3159999999999	2078.115	3173.565
luna	K	kids	13.955		544.53	2064.67	2892.23	0.46843	168.1	454.6405	1779.7150000000001	2805.235
luna	IH1	kids	14.065		536.9	2033.75	2778.28	0.70489	158.637	445.748	2052.83	2883.18
luna	IY1	she	14.895	197.02	324.35	2460.55	3141.63	0.4729	204.1975	245.339	2308.12	3164.26
luna	K	can	14.940000000000001		834.36	2466.27	3136.7	0.72566	174.3055	2102.315	2893.255	4012.96
luna	N	can	15.045	180.94	257.02	1568.78	2896.58	0.29421	185.886	243.635	1619.08	2654.52
luna	UW1	scoop	15.245000000000001	238.98	430.38	1888.31	2761.13	0.62423	239.926	352.014	2341.13	2784.59
luna	P	scoop	15.315		292.24	1538.44	2512.64	0.28806	239.243	351.635	1533.425	2632.5600000000004
luna	IY1	these	15.435	278.16	314.05	1911.53	2478.94	0.35079	279.681	314.4155	2485.835	3037.61
luna	IH1	things	15.665	203.54	621.64	2036.14	2968.83	0.9151	153.93165	556.518	2059.615	2951.09
luna	NG	things	15.765	213.71	244.18	1185.69	2192.0	0.21706	194.50650000000002	278.761	1438.68	2643.13
luna	Z	things	15.86		1005.84	1880.26	2984.84	0.6434	186.6945	303.6035	1605.27	2671.925
luna	N	into	15.965	186.04	294.25	2098.27	3254.21	0.4615	153.6955	318.388	2058.39	3152.62
luna	T	into	16.025		1460.69	2463.42	3280.07	1.0	173.49	567.551	2035.76	3072.84
luna	AH0	into	16.08	182.41	239.24	1740.96	2753.56	0.0	189.224	235.496	1948.07	2970.22
luna	TH	three	16.17		1058.23	2367.65	3143.82	0.95048	168.517	1482.94	2554.98	3607.6
luna	IY1	three	16.315	217.89	374.89	2379.42	2844.82	0.54974	219.415	358.02	1922.915	2530.375
luna	R	red	16.385	220.95	355.99	1467.44	2196.6	0.30388	216.964	356.438	1648.72	2402.95
luna	EH1	red	16.455	226.25	717.4	1797.52	2847.34	0.80178	223.319	549.749	1638.83	2761.91
luna	D	red	16.52		877.04	2230.43	2804.82	1.0	210.0515	380.419	1808.73	2715.53
luna	AE1	bags	16.73	169.16	763.11	1724.94	2722.52	0.59685	171.466	664.556	1767.25	2693.17
luna	G	bags	16.884999999999998	175.76	187.86	1571.48	2037.28	0.25368	179.869	258.43	1626.1	2644.33
luna	W	will	17.27	157.65	179.34	1477.82	2524.83	0.17695	161.66	274.766	1614.48	2643.01
luna	L	will	17.365	170.12	288.16	933.77	2745.47	0.07563	172.14499999999998	348.541	1252.22	2668.56
luna	G	go	17.439999999999998		915.14	1362.0	2648.56	0.87292	161.582	628.6365000000001	1520.38	2781.96
luna	OW1	go	17.53	200.43	461.4	1233.34	2633.39	0.35235	198.156	382.78	1136.64	2593.24
luna	M	meet	17.61	213.76	232.34	1269.17	2463.04	0.26509	210.143	237.15	1239.38	2623.36
luna	IY1	meet	17.68	221.49	273.09	1213.2	2603.78	0.14472	218.441	292.75350000000003	1731.855	2771.585
luna	EH1	wednesday	17.98	180.38	697.59	1733.64	2679.54	0.7412	187.336	559.4755	883.6645000000001	2503.16
luna	N	wednesday	18.045	180.42	313.46	1505.0	2755.87	0.36609	178.8945	260.209	1626.85	2657.97
luna	EY2	wednesday	18.325	168.03	451.22	2178.42	2935.37	0.80017	132.17849999999999	391.104	1909.94	2913.69
luna	AE1	at	18.465	180.94	529.39	1947.8	2757.35	0.32577	172.781	953.7995000000001	1886.8400000000001	2850.355
luna	T	at	18.55		452.12	1553.54	2784.99	0.39182	165.804	366.554	1567.905	2590.4700000000003
luna	DH	the	18.59		864.0	1825.56	2814.12	1.0	184.6175	914.6675	2212.625	3236.825
luna	EY1	train	18.810000000000002	175.34	442.49	2403.09	2755.2	0.49473	174.722	304.488	2292.9	2467.31
luna	N	train	18.880000000000003	165.53	316.66	1832.27	2549.68	0.43956	165.3535	262.1015	1918.075	3016.2749999999996
luna	EY1	station	19.11	192.84	390.02	2358.67	2777.32	0.36465	79.84465	307.519	2153.4750000000004	2685.035
luna	AH0	station	19.275	110.99	570.68	1645.42	2801.25	0.69965	161.5255	339.7925	1593.195	2607.705
luna	N	station	19.4	172.55	192.64	1301.57	2922.19	0.14092	144.60250000000002	210.546	1576.36	2670.87
morgan	M	my	0.3		288.73	1326.4	2718.73	0.37351	196.72549999999998	270.092	1287.895	2554.075
morgan	AY1	my	0.4	227.87	753.57	1345.86	1815.01	0.3819	229.34750000000003	730.601	1622.48	3072.02
morgan	V	advisor	0.5700000000000001		510.35	1989.97	2753.75	0.57547	218.691	325.117	1959.64	2795.8
morgan	AY1	advisor	0.6499999999999999	229.78	691.69	1781.3	2730.34	0.45383	232.822	681.0429999999999	1605.8200000000002	2667.82
morgan	Z	advisor	0.73	223.66	442.94	1860.11	2968.95	0.39039	224.575	441.211	1864.395	2990.16
morgan	ER0	advisor	0.775	230.41	431.25	1881.61	2731.46	0.55505	222.8795	363.3145	1887.055	2979.995
morgan	IH0	is	0.8200000000000001	228.42	429.02	1853.87	2600.52	0.39299	231.49	444.935	1979.22	2952.41
morgan	Z	is	0.87	225.61	289.7	1785.76	3203.99	0.31104	225.76749999999998	322.57050000000004	1820.005	3255.88
morgan	AY1	like	0.9750000000000001	229.53	647.99	1891.84	2285.36	0.4252	233.34	535.911	1734.0	3037.03
morgan	K	like	1.05		462.78	1842.48	2431.31	0.36874	220.706	406.494	1823.41	2414.87
morgan	T	but	1.165	221.91	470.03	2036.71	2629.75	0.50987	378.234	500.719	1909.37	2595.22
morgan	UW1	you	1.25	258.22	441.52	2277.53	2667.77	0.7308	252.102	418.747	2300.495	2560.12
morgan	D	don't	1.295	257.0	368.96	2042.41	2769.51	0.54087	242.59949999999998	416.504	2094.78	2748.04
morgan	OW1	don't	1.365	298.98	774.88	1386.81	2018.71	1.0	297.3435	662.254	1502.28	2826.33
morgan	N	don't	1.455	275.21	496.93	1501.31	1927.85	0.64246	280.363	658.531	1688.03	2651.82
morgan	AE1	actually	1.54	259.11	777.04	1823.01	2749.17	0.64418	270.35450000000003	765.975	1824.16	2723.51
morgan	K	actually	1.605	259.36	786.2	1844.78	2806.3	0.54465	256.1075	714.103	1840.87	2685.08
morgan	L	actually	1.73	224.83	465.74	1504.26	3174.06	0.50806	236.8295	475.9415	1421.045	3004.65
morgan	IY0	actually	1.775	213.54	454.4	2152.27	2914.95	0.67961	217.344	441.35	1767.46	2882.54
morgan	M	make	1.8399999999999999	201.85	345.83	1939.05	2781.98	0.61683	203.14999999999998	319.2	2056.34	3410.55
morgan	EY1	make	1.9249999999999998	206.14	527.59	2473.99	2948.88	0.70546	207.959	535.251	2292.3	2861.11
morgan	K	make	1.995		443.14	2416.82	2875.47	0.50124	202.129	415.521	2409.55	3005.52
morgan	R	your	2.115		470.21	1670.09	1901.67	0.55318	364.972	494.36	1468.13	1985.48
morgan	L	clothes	2.2249999999999996	218.34	513.2	1137.07	2829.96	0.49586	247.715	579.974	1277.025	2761.38
morgan	OW1	clothes	2.3449999999999998		599.64	1410.28	2998.83	0.73583	595.3895	600.311	1441.78	2842.93
morgan	N	and	2.535	220.04	454.12	1497.34	3074.62	0.57697	235.12650000000002	457.558	1481.825	3067.275
morgan	D	and	2.565	222.33	590.58	1467.22	2370.82	0.67499	221.5655	534.9555	1546.3200000000002	2907.1099999999997
morgan	AH0	i'm	2.6	220.73	648.93	1334.52	2999.38	0.20205	222.529	626.278	1423.24	2807.84
morgan	M	i'm	2.64	220.22	403.53	1304.42	2092.83	0.56089	217.614	432.867	1317.61	2679.12
morgan	AY1	like	2.755	216.28	652.77	1680.97	1805.06	0.34819	223.795	652.539	1662.46	3216.86
morgan	W	well	2.885		564.45	1301.45	2425.62	0.7868	269.1355	569.01	1837.49	2407.28
morgan	EH1	well	2.98	240.68	750.01	1188.66	2848.52	0.67286	233.963	763.083	1210.25	2979.88
morgan	L	well	3.09	354.62	673.79	1108.5	2419.29	0.74802	269.538	687.0975000000001	1093.225	3128.25
morgan	AY1	i	3.17	225.96	692.58	1840.3	2476.49	0.47911	176.185	738.217	1659.475	3458.1899999999996
morgan	M	made	3.26	216.0	304.0	1109.81	1852.96	0.347	221.709	364.971	1725.0	2651.39
morgan	EY1	made	3.38	244.64	521.08	1068.64	2454.86	0.37273	234.8725	522.321	2257.87	3113.0
morgan	D	made	3.48		418.5	1550.34	2311.0	0.49789	253.84550000000002	433.989	2199.88	2999.76
morgan	DH	this	3.525		744.61	2171.75	3057.58	1.0	254.815	626.7529999999999	2163.355	3013.3050000000003
morgan	IH1	this	3.575	271.63	539.36	1750.84	2103.9	0.64012	264.804	510.155	1836.42	3089.335
morgan	OW1	coat	3.95	255.97	507.67	1072.19	2698.44	0.42303	225.859	507.497	1282.7	2650.26
morgan	DH	that	4.09		351.74	1603.62	2888.69	0.4513	386.987	378.99	1349.54	2657.135
morgan	AH0	that	4.135	232.97	552.57	1655.75	2962.06	0.27707	411.475	512.562	1660.27	3113.89
morgan	T	that	4.195	197.7	560.86	1549.47	2340.66	0.46397	205.2015	593.2860000000001	1666.865	3058.745
morgan	AY1	i'm	4.26	194.67	765.02	1444.39	2861.16	0.4408	196.6	729.767	1561.85	2717.8
morgan	M	i'm	4.3149999999999995		831.13	1421.61	3026.71	1.0	194.096	699.759	1298.97	2819.77
morgan	W	wearing	4.38		511.87	966.35	2993.19	0.62004	193.668	582.611	1168.37	2611.97
morgan	EH1	wearing	4.47	195.94	683.11	1795.05	2346.15	0.73154	195.219	650.303	1532.25	2499.6
morgan	R	wearing	4.56	201.36	645.76	1691.41	1992.78	0.83936	200.2015	663.9	1805.31	2429.97
morgan	IH0	wearing	4.66	204.59	622.54	2065.78	2220.81	0.97605	203.23149999999998	625.894	2031.17	2483.45
morgan	NG	wearing	4.84		356.5	1052.66	2341.16	0.38721	229.05450000000002	354.228	1422.595	2489.665
morgan	N	and	5.095000000000001	213.25	625.28	1143.1	1906.45	0.76122	226.576	660.251	1868.38	3283.26
morgan	D	and	5.140000000000001	221.13	352.67	1768.32	2686.95	0.46752	217.1905	457.751	1792.37	3338.04
morgan	AY1	i	5.195	210.04	652.98	1538.14	1898.71	0.29094	214.948	637.925	1819.935	3209.71
morgan	M	made	5.28	208.34	353.76	1850.98	2636.07	0.60893	208.38150000000002	322.493	1900.0	2597.78
morgan	EY1	made	5.385	260.28	522.82	1798.58	2333.35	0.54179	240.6125	493.56449999999995	2193.245	2769.46
morgan	D	made	5.465		483.49	2186.36	2745.7	0.69873	255.25400000000002	416.775	2162.12	2863.26
morgan	M	my	5.51	243.34	396.5	1210.68	2013.95	0.52651	260.464	1383.636	2805.09	3906.545
morgan	AY1	my	5.575	205.56	688.61	1875.55	2236.02	0.48667	209.781	665.487	1754.79	2728.18
morgan	P	purse	5.6899999999999995		811.73	1675.8	2314.66	0.67022	202.468	614.969	1763.395	2513.445
morgan	ER1	purse	5.87	205.55	613.6	1675.52	1947.69	0.72933	214.345	555.075	1718.27	2746.79
morgan	HH	he's	6.115	213.83	427.33	2221.93	2986.8	0.55945	215.015	402.615	2053.145	3028.92
morgan	IY1	he's	6.145	212.15	427.5	2193.59	2934.69	0.61064	213.92000000000002	412.72950000000003	2218.125	2960.1899999999996
morgan	Z	he's	6.195		386.1	2112.74	2995.9	0.40357	213.857	423.4525	1901.8799999999999	2877.73
morgan	AY1	like	6.295	218.08	599.45	1804.62	1960.11	0.30873	219.024	573.477	1555.6	3026.455
morgan	K	like	6.355		554.9	2083.91	2680.42	0.47885	210.139	533.978	2026.22	2576.14
morgan	OW1	ok	6.42	227.17	618.18	1203.68	2690.17	0.72697	198.8705	572.78	1370.38	2700.36
morgan	K	ok	6.495		613.73	1678.09	2664.46	0.4096	223.40699999999998	560.9065	1587.205	2651.52
morgan	EY1	ok	6.57	202.08	482.06	2195.93	2749.05	0.53841	206.90699999999998	484.9595	2246.59	2726.34
morgan	AH1	but	6.654999999999999	196.74	485.4	1816.55	2682.23	0.55761	147.09625	408.582	1918.135	2713.495
morgan	T	but	6.695	188.45	389.82	2201.4	2713.86	0.49214	190.121	424.068	2097.61	2712.44
morgan	UW1	you	6.779999999999999	233.21	426.94	2378.44	2799.02	0.72734	224.2635	418.675	2318.94	2800.67
morgan	D	didn't	6.83	216.79	287.62	2206.64	2848.13	0.48223	228.034	378.27750000000003	2332.36	2833.36
morgan	IH1	didn't	6.915	269.78	540.58	1974.37	2716.76	0.69913	264.6645	507.29550000000006	2056.095	3059.69
morgan	D	didn't	7.05		1126.53	2249.58	3152.44	1.0	279.4175	573.127	1807.755	3174.35
morgan	AH0	didn't	7.154999999999999	216.08	635.81	1728.55	2481.68	0.81754	229.397	656.6220000000001	1494.22	3148.52
morgan	N	didn't	7.21		502.23	1966.34	2512.36	0.748	211.96949999999998	547.239	1977.0	2763.42
morgan	M	make	7.43		320.72	1801.15	2657.19	0.54149	201.0935	321.927	1666.87	2585.68
morgan	EY1	make	7.5649999999999995	200.36	529.78	2510.85	2940.97	0.7188	198.82	530.7035	2421.495	2771.1000000000004
morgan	K	make	7.67		615.57	1152.12	2467.44	0.27951	199.605	834.4185	2499.9449999999997	2994.8599999999997
morgan	AH0	the	7.8		567.35	1691.23	3036.28	0.7048	216.707	527.7555	1690.0749999999998	2980.525
morgan	AE1	fabric	7.985	247.57	855.1	1482.83	2507.75	0.66032	230.086	803.783	1546.94	2901.95
morgan	IH0	fabric	8.24		616.66	1723.46	2169.34	0.89173	111.536	574.022	1764.44	2334.4
morgan	R	right	8.445		523.17	1336.44	1788.71	0.52582	186.5125	519.509	1555.68	2204.38
morgan	AY1	right	8.6	218.35	463.44	2310.42	2646.19	0.28489	225.893	527.0405	2055.125	2525.0
morgan	T	right	8.75		434.24	2407.64	2809.1	0.56723	428.91	448.84000000000003	2188.005	2739.8599999999997
morgan	IH1	which	9.54	216.81	437.88	2018.64	2638.13	0.45618	220.583	446.417	1813.09	2576.25
morgan	IY0	the	10.010000000000002	217.56	431.23	2429.11	2528.06	0.66206	229.5635	444.502	2415.3199999999997	2972.705
morgan	AE1	answer	10.08	209.47	701.15	1929.26	2391.28	0.56566	216.986	666.171	2063.94	3048.23
morgan	N	answer	10.145	212.18	375.87	1694.73	2492.3	0.50016	209.175	670.888	1715.93	3146.87
morgan	W	was	10.295	205.0	436.86	1241.5	2069.31	0.55724	212.3195	473.46	1397.22	1935.8649999999998
morgan	AH0	was	10.34	208.41	446.77	1557.42	2834.38	0.27081	205.897	444.602	1527.19	2483.34
morgan	Z	was	10.399999999999999		412.76	1592.1	3141.29	0.33623	206.5375	395.848	1721.81	3235.58
morgan	N	no	10.469999999999999	210.7	402.13	1718.28	3144.31	0.54476	215.127	338.7985	1721.61	2997.5299999999997
morgan	OW1	no	10.555	190.61	738.05	1446.46	2503.02	1.0	192.953	722.632	1525.57	2867.27
morgan	AY1	i	10.649999999999999	199.35	793.67	1562.26	3019.77	0.53631	189.962	777.532	1333.29	2851.94
morgan	HH	hadn't	10.739999999999998	203.6	954.67	1814.18	2589.2	0.86687	101.31450000000001	865.028	1850.12	2985.57
morgan	AE1	hadn't	10.825	205.64	821.2	1649.63	2947.25	0.65865	204.1725	844.634	1675.87	2922.38
morgan	N	hadn't	10.95		434.56	1317.48	1792.2	0.50969	97.1003	384.416	1716.475	3101.535
morgan	EY1	made	11.11		544.1	2207.97	2825.74	0.68306	527.438	557.701	2113.18	2927.06
morgan	DH	that	11.219999999999999		571.51	1863.59	2017.98	0.79363	179.855	382.859	2032.41	2899.14
morgan	AE1	that	11.305		865.07	1666.26	2422.84	0.72591	424.375	830.6220000000001	1691.605	3042.83
morgan	AE1	fabric	11.505		774.82	1614.52	2351.55	0.58265	269.3485	782.2535	1641.25	2664.3
morgan	B	fabric	11.57		622.34	1582.51	2214.73	0.71902	490.9045	570.2635	1649.73	2276.01
morgan	OW1	so	12.59	222.16	495.9	981.55	2847.66	0.37059	252.387	624.634	1421.325	2783.3450000000003
morgan	M	my	13.21	227.72	366.35	1165.08	1910.79	0.46494	229.289	533.8620000000001	1377.788	2722.3450000000003
morgan	AY1	my	13.285	222.12	689.74	1767.33	2482.96	0.44493	224.855	667.5475	1579.17	2396.765
morgan	P	prospectus	13.36		1094.06	1921.8	2961.37	0.91166	223.9625	306.552	1668.09	2396.26
morgan	AH0	prospectus	13.435	255.91	477.33	1852.81	2477.55	0.60361	263.147	476.904	1773.9	2493.15
morgan	EH1	prospectus	13.595	314.38	672.29	1604.25	2262.17	0.64856	312.115	655.214	1648.2	2611.34
morgan	K	prospectus	13.665		664.39	1700.58	2490.95	0.44267	315.031	608.801	1748.15	2404.27
morgan	T	prospectus	13.71		669.89	1796.73	2650.81	0.59144	314.93899999999996	544.1795	1732.925	3069.775
morgan	AH0	prospectus	13.765	264.74	538.91	1806.09	2652.58	0.68708	265.39599999999996	508.283	1806.095	3169.2200000000003
morgan	IH0	defense	13.940000000000001	226.82	599.86	1745.55	3143.67	0.86367	232.4035	526.023	1735.94	3095.68
morgan	EH1	defense	14.12	207.41	815.93	1730.6	3231.38	0.97986	208.707	737.417	1699.43	3218.89
morgan	N	defense	14.25	228.83	339.38	1792.67	3359.15	0.46558	207.352	311.3655	1685.235	3239.615
morgan	AY1	i	15.18	224.42	629.54	2268.85	3125.63	0.54633	223.281	554.2215	2017.43	3120.91
morgan	AH1	spun	16.365	251.74	769.19	1496.16	2375.5	0.96646	257.52	751.165	1375.32	3286.29
morgan	N	spun	16.68	274.56	421.08	1660.11	1987.53	0.5612	258.146	469.103	1782.89	3323.03
morgan	AA1	yarn	17.295	215.19	783.22	1258.33	2848.5	0.69812	219.914	782.681	1401.1	2855.99
morgan	R	yarn	17.515	211.13	563.44	1666.02	1901.25	0.70002	210.373	604.4780000000001	1664.54	2344.125
morgan	AH0	that	17.845	231.2	574.93	1837.85	2570.87	0.35997	239.689	519.59	1779.57	3134.5
morgan	T	that	17.905	204.12	431.48	1700.18	3021.67	0.41014	217.0855	461.623	1805.6	3135.74
morgan	AY1	i	18.005	211.15	624.81	1938.34	3041.66	0.40514	216.73899999999998	625.223	1894.38	3092.65
morgan	DH	then	18.125		366.82	1353.59	2158.93	0.41194	207.347	431.35	1991.14	2953.23
morgan	EH1	then	18.325000000000003	215.68	755.81	1754.62	2373.05	0.86582	215.537	686.3995	1783.1100000000001	3147.8
morgan	N	then	18.655	224.96	517.46	1731.35	2914.96	0.72173	215.008	525.5575	1804.5149999999999	3211.395
morgan	IH1	knit	19.28	248.69	661.67	1772.02	2414.27	0.94794	248.47899999999998	571.19	2379.97	3290.81
morgan	T	knit	19.415		487.11	2205.88	2662.21	0.55846	352.9395	503.635	2179.12	3110.06
morgan	IH0	into	19.545	242.82	486.15	2387.68	3023.53	0.66803	329.762	500.038	2231.98	3056.9700000000003
morgan	N	into	19.66	216.23	347.45	1321.73	2424.11	0.37901	219.335	322.577	1895.565	2825.5299999999997
morgan	T	into	19.785		764.1	2193.99	3018.34	0.74188	221.274	608.872	2092.72	3067.15
morgan	UW1	into	20.075000000000003	212.9	425.97	1855.46	2569.87	0.68848	214.018	433.634	1783.16	2690.04
morgan	EY1	a	20.43	209.38	438.97	2257.36	2477.26	0.6355	224.918	465.808	2231.93	2766.605
morgan	EH1	sweater	20.725	216.08	712.61	1382.21	2937.09	0.65911	223.111	678.5475	1385.665	2851.115
morgan	T	sweater	20.795	211.76	472.4	1677.72	1996.97	0.43269	214.666	576.8615	1652.4650000000001	2942.16
morgan	ER0	sweater	20.869999999999997	209.66	586.05	1676.58	1904.1	0.80563	212.261	565.4535	1726.7	2810.35
morgan	V	vest	20.939999999999998		399.06	1453.6	1799.33	0.38321	201.265	467.061	1709.59	3358.96
morgan	EH1	vest	21.085	198.28	801.13	1612.78	2455.78	0.91218	198.923	796.3175	1647.815	2818.5550000000003
morgan	AY1	i	22.119999999999997	210.67	654.24	1761.18	2597.47	0.38299	214.785	653.03	1684.28	2867.39
morgan	W	wore	22.255	209.68	592.83	1596.02	2664.4	0.90324	210.498	481.342	1631.5349999999999	2565.23
morgan	R	wore	22.46	222.61	539.75	1300.56	1867.13	0.54018	222.061	537.011	1390.34	1998.91
morgan	T	to	22.555		616.82	1766.79	3145.22	0.54923	221.2235	487.07500000000005	1653.915	2888.725
morgan	M	my	22.665	222.31	322.31	1307.15	2041.82	0.42523	235.386	316.559	1423.2	2601.54
morgan	AY1	my	22.735	208.11	770.22	1626.18	1889.04	0.52282	210.9595	707.445	1727.36	2830.39
morgan	D	defense	22.815		433.82	1733.19	2390.11	0.55184	204.7945	555.5685000000001	2062.2650000000003	2911.5649999999996
morgan	IH0	defense	22.875	207.25	551.59	1864.53	2889.05	0.79484	218.909	484.9685	1940.155	2930.59
morgan	N	defense	23.225		487.88	1661.95	3300.67	0.66248	199.281	357.458	1704.28	3271.9
morgan	OW1	so	23.485	214.51	501.08	1471.33	2334.23	0.51144	217.829	490.499	1481.54	3175.9300000000003
morgan	DH	that	23.535	205.23	458.21	1423.42	2015.77	0.54531	206.139	472.6995	1478.505	3124.225
morgan	T	that	23.6	206.51	592.18	1493.01	2668.05	0.47261	211.3775	567.913	1552.37	3156.3
morgan	AY1	i	23.655	204.38	720.68	1870.21	2732.01	0.53823	205.7515	650.8205	1698.535	2950.9399999999996
morgan	K	could	23.72		574.42	1924.65	2770.3	0.44974	206.416	584.121	1918.0	2806.04
morgan	D	could	23.835		463.11	1980.08	2770.98	0.63438	228.7875	431.6085	1968.8899999999999	2821.185
morgan	AH0	specifically	24.025	232.98	463.55	1628.77	3006.91	0.53255	235.414	458.663	1639.11	2931.73
morgan	IH1	specifically	24.17	246.36	543.22	1910.02	2999.61	0.68953	248.027	523.5335	1830.22	2964.915
morgan	F	specifically	24.235		495.43	1748.13	2770.72	0.32931	243.48899999999998	521.751	1860.74	2928.96
morgan	K	specifically	24.33		498.97	1894.66	2622.07	0.40136	257.442	526.3935	1897.9650000000001	2668.13
morgan	L	specifically	24.385	232.04	467.05	1188.72	2515.83	0.43534	247.7575	467.916	1448.7350000000001	2868.51
morgan	IY0	specifically	24.46	226.87	418.54	1854.33	2441.84	0.61705	214.774	430.022	1891.18	2846.89
morgan	EY1	say	24.7	211.36	623.59	2208.38	2530.11	0.86501	212.7	611.265	2140.25	2919.81
morgan	DH	that	24.795		441.88	1980.78	2309.36	0.65519	206.4135	433.217	2007.2	2875.23
morgan	AH0	that	24.845	212.39	628.79	1725.49	2304.42	0.40535	212.85	560.283	1731.5	2973.18
morgan	T	that	24.89	205.94	531.2	1670.97	2110.77	0.4707	206.776	594.2950000000001	1710.115	3040.415
morgan	AY1	i	24.95		729.17	1806.98	2409.9	0.52696	152.8305	680.0029999999999	1760.7849999999999	2677.54
morgan	W	was	25.009999999999998		559.2	1661.62	2581.67	0.86166	387.37350000000004	587.691	1725.57	2679.745
morgan	AH0	was	25.065	204.89	436.7	1811.46	2890.01	0.38292	154.20850000000002	463.6605	1715.395	2807.5299999999997
morgan	EH1	wearing	25.375	227.61	645.33	1947.5	2457.18	0.70386	224.524	584.851	1717.4	2488.4399999999996
morgan	R	wearing	25.465	223.48	644.14	1622.34	1959.32	0.81369	224.204	643.663	1528.9850000000001	2073.955
morgan	IH0	wearing	25.535	222.07	644.35	1998.5	2311.38	1.0	223.0445	646.5385	1828.01	3006.5699999999997
morgan	NG	wearing	25.615000000000002	212.07	513.2	1973.92	2924.79	0.8211	215.78	394.587	1919.14	2559.47
morgan	K	clothing	25.71		863.69	1613.37	2525.92	0.52898	206.92649999999998	608.172	1598.0349999999999	2584.505
morgan	OW1	clothing	25.854999999999997	211.53	609.23	1280.28	2968.15	0.72518	212.727	608.6815	1287.165	2960.495
morgan	DH	clothing	25.924999999999997		404.92	1373.1	3120.27	0.46529	201.6855	419.848	1373.63	2996.77
morgan	IH0	clothing	25.98	207.7	600.58	1944.77	2211.5	0.90747	204.2355	517.94	1837.58	2981.87
morgan	NG	clothing	26.05	202.27	398.68	1529.12	2306.57	0.54456	199.098	471.52750000000003	2119.63	2844.205
morgan	DH	that	26.115000000000002	197.8	418.87	1458.65	1879.03	0.50323	197.406	483.21	1714.1	2934.2
morgan	AH0	that	26.155	202.38	616.43	1688.16	2389.1	0.37727	201.23649999999998	547.026	1631.01	3457.47
morgan	T	that	26.185000000000002	203.44	609.0	1646.76	2815.94	0.51765	201.53300000000002	607.8205	1679.31	2750.87
morgan	AY1	i	26.25	196.37	639.75	1987.02	2416.03	0.44978	197.555	621.3715	1891.995	2952.5150000000003
morgan	IH1	did	26.555	209.92	573.58	2107.55	2633.81	0.81413	210.987	524.8720000000001	2140.825	3025.4049999999997
morgan	D	did	26.765	226.72	457.12	2016.13	2959.14	0.63487	209.086	474.222	2016.795	3084.505
morgan	IH1	spin	27.615000000000002	205.7	633.96	2092.91	2288.38	0.9598	206.405	633.598	2051.2400000000002	3039.36
morgan	N	spin	27.759999999999998	200.23	353.32	1845.72	2724.53	0.49777	197.567	357.086	1893.37	3027.13
morgan	M	myself	27.854999999999997	204.3	303.49	1332.62	1999.7	0.39978	201.455	288.149	1394.71	2701.7
morgan	S	myself	28.07		667.2	1931.35	2959.28	0.36103	205.2665	618.5885	1942.13	3087.165
morgan	EH1	myself	28.25		910.95	1524.04	2612.22	1.0	230.6605	752.0665	1552.5	2780.795
quinn	AE1	that	0.52	296.31	574.13	1472.41	2622.23	0.25651	298.408	417.032	1364.13	2580.27
quinn	T	that	0.625		382.29	1450.31	2372.37	0.32228	286.952	424.5085	1600.6550000000002	2629.005
quinn	IH1	quick	0.825	288.98	293.76	1529.58	2312.18	0.0	292.714	308.4325	1540.6399999999999	2574.95
quinn	K	quick	0.9099999999999999		334.46	1840.0	2255.75	0.29855	288.8835	283.664	1684.35	2616.545
quinn	EY1	beige	1.1	339.66	351.69	2121.35	2651.96	0.22328	341.1205	349.9395	1730.8	2562.8199999999997
quinn	AA1	fox	1.555	240.62	622.69	1142.95	2600.89	0.36273	244.536	405.07000000000005	1063.2350000000001	2516.33
quinn	K	fox	1.71		380.62	1376.26	2197.87	0.208	248.062	334.507	1552.88	2693.19
quinn	AH1	jumps	1.975	286.9	339.95	747.21	2219.93	0.0	228.2095	320.25649999999996	1467.915	2587.12
quinn	M	jumps	2.02	273.14	278.4	974.8	2359.32	0.27153	280.733	322.291	1598.21	2659.3
quinn	P	jumps	2.075	267.17	288.08	1491.79	2666.12	0.27603	274.401	312.682	1653.34	2695.64
quinn	N	in	2.25	287.39	288.69	1153.85	2504.64	0.25503	289.976	301.221	1539.01	2640.05
quinn	DH	the	2.295	297.73	301.11	1132.12	2286.39	0.27585	289.592	307.403	1596.37	2641.22
quinn	IY0	the	2.385	298.45	304.16	2079.12	2372.65	0.39009	299.797	309.305	2140.31	2706.0
quinn	EH1	air	2.54	259.83	424.57	1856.68	2541.49	0.22777	269.521	350.922	1690.75	2520.42
quinn	OW1	over	2.89	331.18	347.26	1016.09	2201.98	0.0171	329.9735	388.199	1518.07	2611.66
quinn	V	over	2.975	275.04	282.8	1112.67	1958.46	0.22909	295.04	331.355	1610.88	2659.7
quinn	IY1	each	3.205	272.67	280.17	2133.32	2406.91	0.33081	272.136	294.039	1820.49	2539.525
quinn	IH1	thin	3.575	273.02	328.88	1668.21	2756.81	0.09878	278.579	310.61199999999997	1590.63	2741.215
quinn	N	thin	3.6950000000000003	250.54	255.5	1143.23	2311.41	0.20266	250.6405	256.2585	1403.0700000000002	2723.02
quinn	D	dog	3.81		711.13	1710.08	2811.55	0.85949	237.435	298.036	1650.15	2795.7
quinn	AO1	dog	3.995	218.47	344.16	852.89	2632.29	0.0	225.732	329.014	1014.07	2637.25
quinn	G	dog	4.199999999999999		249.71	1115.78	3093.46	0.21831	231.365	281.1735	1441.63	2823.37
quinn	L	look	4.49	326.67	327.93	1393.99	2732.92	0.26649	314.1935	321.312	1189.65	2610.42
quinn	K	look	4.645		685.19	1737.6	2821.54	0.46317	306.242	401.465	1640.34	2784.22
quinn	T	out	4.865	334.04	368.88	1391.63	2800.65	0.3004	349.023	432.0435	1284.37	2649.865
quinn	AY1	i	4.98		717.62	1644.07	2734.1	0.44192	314.249	534.9965	1424.2350000000001	2677.58
quinn	T	shout	5.51		474.82	1587.09	2915.12	0.41444	267.992	347.38599999999997	1598.23	2625.54
quinn	HH	he's	5.6850000000000005	292.05	305.12	1834.73	2267.92	0.35474	294.34	308.07	1674.4	2280.8999999999996
quinn	IY1	he's	5.75	294.91	306.7	1859.85	2648.87	0.32768	290.7825	308.961	1855.08	2496.1
quinn	Z	he's	5.865		803.82	1956.53	2746.83	0.56529	300.286	423.4045	1861.8000000000002	2857.215
quinn	OY1	foiled	6.09	296.55	322.54	893.81	2543.1	0.0	297.297	335.20050000000003	1074.435	2695.155
quinn	L	foiled	6.220000000000001	320.62	341.09	865.51	2888.99	0.14257	312.69100000000003	354.1075	1202.72	2767.745
quinn	D	foiled	6.33		1149.39	1995.02	2936.71	1.0	292.9675	410.883	1660.39	2692.29
quinn	UW1	you	6.47	323.16	328.9	1576.57	2259.42	0.37426	323.62649999999996	345.9	1782.25	2535.47
quinn	AH0	again	6.56	320.19	348.91	1755.09	2271.53	0.38594	323.742	349.9375	1714.08	2649.29
quinn	G	again	6.65		922.16	2171.07	2783.68	1.0	315.567	345.002	1895.85	2791.73
quinn	EH1	again	6.77	268.94	362.02	1602.32	2472.96	0.01967	272.3865	343.762	1608.86	2626.13
quinn	IY0	creating	7.404999999999999	276.16	300.06	2215.48	2473.9	0.24684	277.343	301.951	2040.92	2930.69
quinn	EY1	creating	7.51	279.8	427.1	2216.65	2787.84	0.41735	279.90049999999997	433.696	1744.88	2565.57
quinn	T	creating	7.57	253.19	254.89	1755.4	2731.12	0.30366	198.356	335.18	1797.19	2630.72
quinn	IH0	creating	7.62	269.08	293.35	2367.42	2973.45	0.39819	269.634	341.6785	2019.725	2747.375
quinn	NG	creating	7.71	260.65	268.55	789.7	2138.15	0.1888	262.805	279.717	1627.12	2596.69
quinn	K	chaos	7.84		1246.38	2329.24	2878.73	0.91487	249.34699999999998	803.2539999999999	2560.835	3719.605
quinn	S	chaos	8.434999999999999		1043.78	1806.2	2911.69	0.51017	240.645	1216.93	2386.81	3493.67
steve	M	from	0.5900000000000001	211.53	217.05	1212.5	2435.69	0.22579	220.847	210.28	1622.71	2669.77
steve	R	hour	1.375	180.5	455.62	1272.74	2338.59	0.39772	178.3345	387.194	1278.34	2497.44
steve	AY1	i	1.505	193.74	531.23	1500.97	2753.69	0.07204	184.099	417.1895	1207.915	2581.875
steve	HH	have	1.62	159.89	643.04	1465.92	2732.64	0.52195	154.427	458.74	1621.58	2807.18
steve	AE1	have	1.7	183.63	401.02	1449.52	2774.53	0.00309	182.547	314.909	1420.96	2805.29
steve	N	not	1.79	169.03	187.24	1545.45	2847.01	0.18391	160.798	186.009	1610.22	2679.8
steve	AA1	not	1.855	170.36	222.77	993.15	2890.38	0.0	170.782	1279.05	2490.45	3600.1
steve	T	not	1.9249999999999998		472.71	1602.03	2973.98	0.4163	172.204	850.3589999999999	2000.97	3095.18
steve	B	been	1.9949999999999999		476.9	1365.4	2521.34	0.51578	175.327	1393.18	2585.56	3618.69
steve	IH1	been	2.085	179.03	366.77	1823.7	2761.2	0.23145	185.2245	304.617	1651.29	2644.96
steve	N	been	2.285	166.25	190.97	1147.53	2507.97	0.10608	167.892	194.64100000000002	1611.17	2660.49
steve	EH1	as	2.6550000000000002	174.21	434.01	1375.67	2738.55	0.02949	172.632	371.465	1367.6	2630.78
steve	Z	as	2.7350000000000003	145.31	927.58	2304.19	3140.8	0.67311	158.471	1538.55	2667.93	3704.61
steve	DH	others	2.88		316.14	1542.08	2783.32	0.3913	161.74599999999998	424.141	1619.455	2722.475
steve	ER0	others	2.95	179.6	330.85	1456.84	2557.65	0.20219	181.15800000000002	301.869	1537.67	2668.3
steve	Z	others	3.0300000000000002	146.52	128.12	1599.42	2772.16	0.21096	168.7105	1537.72	2692.09	3927.8
steve	AY1	i	3.525	187.83	347.09	1150.79	2711.77	0.0	188.368	258.00849999999997	1330.15	2597.275
steve	HH	have	3.61		907.87	1646.39	2660.67	0.78307	166.684	754.412	1650.695	2679.37
steve	AE1	have	3.6950000000000003	173.61	312.53	1227.51	2583.38	0.0	174.695	253.058	1343.16	2593.74
steve	N	not	3.79	180.15	195.52	1176.48	2730.89	0.11903	168.79899999999998	942.9209999999999	2677.77	3451.965
steve	AA1	not	3.8600000000000003	175.97	337.15	943.29	2271.01	0.0	176.829	311.358	1548.73	2613.59
steve	T	not	3.9450000000000003	198.45	262.34	1699.83	2815.85	0.29647	202.084	325.6195	1485.1	2626.8
steve	IY1	seen	4.25	171.56	262.07	2395.22	2951.24	0.34712	170.897	249.6005	1669.2800000000002	2667.3050000000003
steve	N	seen	4.46	172.93	183.88	1381.18	2992.05	0.14438	170.938	179.038	1622.14	2672.63
steve	Z	as	4.89		323.23	1702.26	2724.85	0.31323	184.7505	812.841	2044.3000000000002	3386.87
steve	AH1	others	4.96	194.62	546.31	607.54	2738.03	0.1698	198.0435	435.758	1037.03	2726.11
steve	DH	others	5.025	170.94	253.28	1220.96	2877.5	0.23548	170.456	421.7985	1412.92	2791.505
steve	ER0	others	5.095	201.11	294.62	1514.81	2520.13	0.14694	201.626	271.771	1428.3	2600.28
steve	AO1	saw	5.455	195.39	535.22	915.38	2704.47	0.31717	195.305	518.967	1094.08	2709.51
steve	AY1	i	5.640000000000001	186.26	430.22	1421.67	2643.16	0.0	192.761	403.201	1261.7	2666.21
steve	K	could	5.725		266.47	1516.32	2519.0	0.18102	178.031	950.7955	2000.7350000000001	3149.475
steve	N	not	5.869999999999999	188.61	236.7	1299.5	2813.39	0.20704	189.458	197.83800000000002	1587.525	2651.1800000000003
steve	AA1	not	5.9350000000000005	177.08	271.25	789.96	2600.59	0.0	179.10700000000003	355.596	1282.06	2594.28
steve	T	not	6.015000000000001		238.91	1074.62	2655.0	0.14354	177.344	470.74	1511.25	2578.42
steve	IH1	bring	6.195	173.67	427.97	1661.67	2255.26	0.34224	179.815	310.204	1667.95	2334.79
steve	NG	bring	6.37	173.82	199.22	1691.64	2504.7	0.22931	170.21749999999997	208.741	2275.94	3341.86
steve	AY1	my	6.82	175.45	520.92	1702.73	2653.85	0.13612	178.10899999999998	318.41200000000003	1548.545	2610.635
steve	P	passions	6.9350000000000005		551.36	1562.1	2644.06	0.46985	175.61	637.5219999999999	1567.9850000000001	2813.635
steve	AE1	passions	7.0649999999999995	185.51	590.64	1673.31	2961.78	0.33631	188.453	355.874	1415.89	2588.825
steve	AH0	passions	7.265000000000001	181.91	357.66	1639.99	2878.62	0.37356	185.2765	256.70550000000003	2475.075	3453.57
steve	N	passions	7.35	172.83	274.91	1064.49	2761.41	0.21547	171.594	212.379	1618.65	2658.09
steve	Z	passions	7.445		823.84	1987.68	2694.11	0.57892	173.539	936.2929999999999	1888.975	2979.685
steve	M	from	7.609999999999999	184.5	213.42	1277.38	2292.26	0.0	191.381	212.361	1407.48	2526.51
steve	AH0	a	7.675	177.48	416.98	1512.48	2578.27	0.43554	181.49349999999998	287.343	1573.33	2635.665
steve	K	common	7.77		466.03	1369.22	2313.25	0.25255	182.331	1336.2150000000001	2577.965	3646.545
steve	AA1	common	7.875	182.1	442.51	1016.21	2761.96	0.0	184.421	334.923	1041.855	2706.3500000000004
steve	M	common	7.95	165.01	208.22	1106.48	2622.91	0.18546	163.63	203.775	1441.21	2562.01
steve	AH0	common	8.0	173.96	368.4	1456.53	3359.87	0.34896	172.985	247.6475	1302.4450000000002	2206.8
steve	N	common	8.065	171.67	235.48	1078.6	2707.93	0.15887	172.495	194.885	1388.875	2465.25
steve	IH1	spring	8.385	170.6	455.4	1868.97	2436.39	0.46203	173.613	290.777	1538.9250000000002	2408.285
steve	NG	spring	8.535	173.31	211.61	1143.9	2299.7	0.15345	171.556	230.272	1691.41	2649.08
steve	DH	the	9.52		454.07	1689.87	2772.52	0.60253	183.838	315.058	1568.54	2708.35
steve	AH0	the	9.585	195.96	327.12	1600.44	2830.15	0.31816	199.834	278.672	1683.1	2838.29
steve	S	same	9.695		530.36	1816.2	2870.86	0.28232	180.2445	512.696	1722.17	2883.23
steve	EY1	same	9.775	185.29	418.94	2290.8	2600.84	0.41546	188.029	300.222	1585.42	2602.63
steve	M	same	9.850000000000001	177.82	207.48	1160.47	2274.65	0.19721	178.52499999999998	193.53699999999998	1596.1	2630.425
steve	AO1	source	10.105	214.14	350.57	986.95	2401.17	0.05543	212.905	338.20950000000005	1158.575	2567.8
steve	R	source	10.175	210.96	315.77	1111.42	2453.63	0.12091	217.055	340.95	1431.04	2546.19
steve	AY1	i	10.355	218.58	364.57	1656.98	2771.42	0.0	233.708	349.061	1524.23	2682.97
steve	HH	have	10.42	186.19	231.09	1443.8	2508.38	0.18741	186.778	278.197	1512.63	2627.2
steve	AE1	have	10.485	206.48	676.97	1256.32	2759.43	0.34273	201.761	488.428	1210.21	2547.8450000000003
steve	N	not	10.585	189.02	213.25	1315.66	2843.45	0.17501	189.839	226.329	1424.12	2611.1549999999997
steve	AA1	not	10.665	190.02	517.39	1215.8	2781.0	0.21843	191.376	413.757	1250.15	2718.94
steve	T	not	10.745000000000001	201.33	237.45	2535.9	2728.52	0.4632	214.741	319.7955	1521.115	2646.915
steve	EY1	taken	10.955	173.85	282.67	2239.09	2839.41	0.09201	175.373	277.708	1657.59	2603.67
steve	AH0	taken	11.129999999999999	166.17	223.24	1864.44	2722.1	0.21871	165.797	364.762	2067.34	3247.09
steve	AY1	my	11.825	179.15	416.42	1755.58	2691.94	0.0	178.346	267.76300000000003	1507.395	2609.0299999999997
steve	S	sorrow	11.965		870.15	1955.51	2754.0	0.45539	159.369	682.8295	1898.37	2963.035
steve	AA1	sorrow	12.120000000000001	186.49	480.07	905.91	2616.32	0.0	189.134	476.4035	1794.96	3052.9049999999997
steve	R	sorrow	12.21	179.24	461.7	833.73	2127.89	0.26005	181.5605	505.854	2178.33	3527.88
steve	OW0	sorrow	12.3	175.61	442.2	849.88	2281.52	0.22538	176.5435	454.1545	972.3444999999999	2569.77
steve	AY1	i	12.425	178.42	389.72	1435.23	2555.74	0.0	179.356	321.368	1355.295	2646.035
steve	K	could	12.505		406.73	1609.46	2545.56	0.28027	175.232	528.783	1732.62	2714.6
steve	D	could	12.615	181.17	194.01	1480.12	2469.07	0.23101	186.1765	232.32799999999997	1666.455	2691.2250000000004
steve	N	not	12.655000000000001	173.96	234.39	1709.43	2964.89	0.28952	181.0925	186.254	1644.16	2713.86
steve	AA1	not	12.73	167.13	384.45	852.89	2799.57	0.0	169.33249999999998	273.123	1072.34	2668.22
steve	T	not	12.8	168.54	283.87	1078.51	2464.65	0.1746	169.409	285.0055	1494.72	2599.36
steve	AH0	awaken	12.850000000000001	172.68	323.83	841.32	2454.88	0.14353	166.299	302.967	1590.23	2582.92
steve	W	awaken	12.920000000000002	167.81	274.77	631.62	2230.23	0.14151	167.855	251.774	1625.395	2663.3500000000004
steve	EY1	awaken	13.005	165.48	265.11	2233.55	2483.85	0.05058	165.456	282.995	1943.62	3907.24
steve	K	awaken	13.105		397.43	2087.06	2427.38	0.39427	138.347	1396.49	2448.255	3644.8050000000003
steve	AH0	awaken	13.21	183.48	409.29	1790.97	2710.22	0.48604	183.481	280.41	1671.06	2502.05
steve	N	awaken	13.36	177.01	191.26	1269.43	2670.99	0.13208	173.31400000000002	191.867	1610.69	2661.5299999999997
steve	AY1	my	14.085	183.7	442.05	1512.64	2814.02	0.0	183.771	281.3365	1426.63	2636.5
steve	HH	heart	14.19	148.77	548.47	1307.94	2715.7	0.40278	170.934	1065.23	2613.32	3521.51
steve	AA1	heart	14.309999999999999	195.68	506.31	1037.2	2209.28	0.10831	192.926	504.141	1046.98	2549.43
steve	T	heart	14.46		389.17	1684.89	3015.18	0.37837	185.826	904.547	2101.3050000000003	3165.565
steve	AH0	to	14.57	198.63	299.17	1801.31	2969.94	0.37146	192.25549999999998	282.739	1831.55	2966.75
steve	OY1	joy	14.86	173.33	455.58	836.33	2587.18	0.17391	172.857	375.3105	1594.155	2582.6000000000004
steve	AE1	at	15.04	179.96	369.91	1715.51	2809.35	0.03319	178.783	300.058	1643.32	2711.63
steve	AH0	the	15.2	175.8	283.18	1740.3	2789.2	0.28239	179.833	240.0605	1607.935	2779.835
steve	EY1	same	15.39	172.85	405.28	2137.3	2770.63	0.3495	178.1125	311.324	1733.15	2627.02
steve	M	same	15.485	169.51	207.12	1726.51	2383.37	0.33288	170.578	195.891	1644.74	2619.17
steve	OW1	tone	15.81	160.64	391.07	1218.72	2414.92	0.17701	160.9685	341.1825	1245.4	2453.6800000000003
steve	N	tone	16.02	165.32	197.36	1814.88	2599.23	0.25571	154.982	196.586	1610.33	2644.97
steve	AO1	all	16.71	177.88	382.42	861.56	2853.59	0.05913	179.981	343.7735	1559.65	2745.285
steve	L	all	16.82	176.42	349.17	718.45	2994.11	0.11526	177.234	431.274	1567.4250000000002	2671.485
steve	AY1	i	16.9	169.79	548.88	1725.94	2808.28	0.1923	170.689	378.319	1336.0	2704.86
steve	AY1	i	17.735		168.62	1633.67	2699.94	0.0	165.795	316.918	1540.155	2644.74
steve	AH0	alone	18.145000000000003	162.36	361.94	1483.29	2899.68	0.34507	164.1	271.335	1540.51	2604.69
steve	L	alone	18.22	154.92	219.34	1527.21	2935.41	0.12728	153.399	271.335	1444.44	2656.13
steve	OW1	alone	18.36	153.53	463.62	1531.68	2662.32	0.43586	154.015	295.221	1311.62	2690.67
steve	N	alone	18.535	168.66	202.43	1614.23	2882.52	0.22127	165.232	180.969	1625.99	2703.36
wina	IY1	he	0.20500000000000002	258.54	453.09	2335.92	2966.41	0.68408	270.697	1362.911	2687.105	3756.59
wina	OW1	so	0.675		507.57	1528.89	3500.86	0.54232	385.0135	463.435	1549.17	3473.45
wina	IH1	still	1.0150000000000001	176.03	432.33	588.78	2256.67	0.08424	176.2805	459.733	2110.71	3001.51
wina	L	still	1.135	186.88	505.0	1039.2	2906.75	0.4557	179.99	456.405	1187.88	2883.65
wina	AE1	that	1.28	209.37	541.73	1296.92	2008.2	0.16114	210.132	516.3299999999999	1856.085	3001.05
wina	T	that	1.3250000000000002	202.16	359.6	1782.6	2630.14	0.37995	207.003	331.94550000000004	2004.395	3204.875
wina	EY1	a	1.38	207.97	418.22	2002.0	3165.9	0.5468	206.939	404.569	1919.59	3117.48
wina	L	squirrel	1.845	198.42	456.91	1019.97	3683.7	0.37254	199.07	444.69899999999996	1075.0149999999999	2928.625
wina	B	busy	1.935	184.1	259.48	1445.92	3429.93	0.30333	181.776	218.998	1619.15	2687.53
wina	IH1	busy	1.995	205.47	407.02	2264.04	3013.38	0.44132	205.628	398.19	2024.7	2809.68
wina	IY0	busy	2.175	261.67	475.27	2106.29	2659.51	0.87556	258.927	390.542	1926.48	2945.82
wina	W	with	2.23	239.2	397.23	809.37	2555.44	0.3898	236.872	292.1065	1577.3400000000001	2656.3450000000003
wina	IH1	with	2.27	232.59	465.32	1970.31	2987.68	0.51195	235.1975	430.661	1864.4	3014.715
wina	DH	with	2.31	207.48	419.27	2246.71	3170.09	0.68865	200.93	316.2845	1927.07	2618.245
wina	IH1	its	2.35	197.56	395.22	2186.53	3147.19	0.39272	198.15	382.269	2205.4300000000003	3157.63
wina	R	harvesting	2.665	282.1	608.56	1148.5	1997.49	0.59873	265.665	573.6324999999999	1619.17	2272.25
wina	AH0	harvesting	2.77	219.04	427.15	2155.58	3268.15	0.59473	225.7	429.584	2201.61	3478.38
wina	IH0	harvesting	3.02	172.27	479.21	2545.36	2913.2	0.79855	173.6	432.738	2638.325	3255.8999999999996
wina	R	ran	3.58	203.83	209.78	1042.21	1701.65	0.0	200.72500000000002	344.839	1454.975	2488.8500000000004
wina	AE1	ran	3.705	227.37	490.95	2253.91	3100.62	0.35663	222.413	503.16200000000003	2250.0150000000003	3220.6
wina	N	ran	3.7800000000000002	266.86	447.13	2271.02	3315.0	0.72867	265.768	366.822	2215.09	3439.92
wina	D	down	3.875		414.39	2184.69	3392.26	0.62058	248.981	524.628	2174.67	3240.43
wina	N	down	4.074999999999999	223.55	428.71	1804.38	3236.33	0.60298	224.336	417.473	1680.37	2868.23
wina	AH0	a	4.135	241.99	484.23	2191.39	2842.37	0.68978	239.821	451.319	2126.7	2874.41
wina	AY1	pine	4.385	186.14	521.65	1484.51	1955.1	0.04935	189.355	548.856	2046.6	3010.065
wina	N	pine	4.484999999999999	197.82	365.89	955.34	2514.19	0.33001	196.71	368.2335	2425.95	3463.755
wina	L	close	4.635	197.8	546.18	1401.03	3155.27	0.62178	228.7635	501.379	1381.74	2923.2
wina	OW1	close	4.6850000000000005	194.22	497.79	1249.51	2770.16	0.44534	191.45	452.094	1595.07	3036.2
wina	Z	close	4.76		365.24	1722.39	3876.5	0.19424	328.4095	419.594	1979.5	3765.27
wina	IH0	beside	4.895	266.08	272.45	1964.83	3734.25	0.27176	260.163	335.476	1946.29	3057.33
wina	AY1	beside	5.13	175.27	855.25	1835.65	2535.17	0.74969	175.876	684.877	2081.38	3049.85
wina	D	beside	5.234999999999999		392.62	2588.52	3533.37	0.67711	167.95	1066.89	1981.81	2995.33
wina	IH1	him	5.35	180.12	425.86	2660.62	3202.46	0.58728	179.75	386.663	2132.775	2995.44
wina	M	him	5.455		278.65	1399.13	3046.59	0.37411	181.602	327.89	1630.225	2677.41
wina	AO1	saw	6.105	272.85	770.15	1308.7	3674.8	0.82779	275.322	498.67150000000004	1250.27	2877.13
wina	M	him	6.23	216.59	402.03	1864.63	2708.75	0.32892	220.999	338.77	1708.75	2727.64
wina	S	suddenly	6.375		463.5	1679.05	4147.56	0.23152	174.04649999999998	589.205	1903.64	3014.06
wina	AH1	suddenly	6.53	291.45	740.34	1880.98	3500.12	1.0	285.488	715.9615	1852.835	3524.46
wina	AH0	suddenly	6.645	261.83	339.75	913.35	1848.36	0.1839	239.846	379.54150000000004	2619.11	3390.035
wina	N	suddenly	6.710000000000001	193.06	346.54	647.56	1870.55	0.23623	193.263	350.924	1778.8400000000001	2679.1099999999997
wina	L	suddenly	6.765000000000001	183.23	372.9	2623.23	3253.8	0.67707	182.707	381.772	2714.49	3271.51
wina	IY0	suddenly	6.82	183.54	492.52	2651.71	3223.57	1.0	183.264	1566.5055000000002	2845.435	3467.85
wina	D	and	6.925000000000001	169.8	382.87	2495.98	3158.37	0.64756	170.983	396.961	1758.365	2979.09
wina	IH1	skipped	7.13	272.19	532.36	2510.5	2875.04	0.8131	269.654	507.73449999999997	2114.395	2877.26
wina	P	skipped	7.215		526.95	2105.58	2732.97	0.56015	258.9855	519.798	1824.29	2695.08
wina	AE1	back	7.390000000000001	168.02	962.8	1998.25	3051.64	0.95829	177.648	950.593	2066.77	3078.17
wina	OW1	scolding	8.185		687.11	1273.96	3515.08	0.91349	335.752	581.7265	1148.44	3206.0299999999997
wina	L	scolding	8.280000000000001		653.63	1032.44	3600.59	0.69449	361.7985	628.855	1988.135	3186.545
wina	D	scolding	8.36	286.33	300.94	1199.84	3579.18	0.29517	293.0085	314.1095	1777.285	2738.5
wina	OW1	so	8.655	235.43	464.9	1031.7	3442.48	0.30812	226.26350000000002	467.46	1173.08	3150.05
wina	DH	that	9.21	187.15	349.22	2026.46	3116.26	0.5473	183.9425	358.832	1856.3600000000001	2802.16
wina	AH0	that	9.280000000000001	175.19	523.15	1927.49	3189.17	0.31118	174.132	519.833	1910.47	3069.7
wina	B	beth	9.465	235.12	477.92	1891.0	2676.92	0.63544	220.53	374.2605	1940.3600000000001	2836.135
wina	EH1	beth	9.57	233.2	905.65	1865.34	3022.18	1.0	226.687	715.6225	1747.31	3125.225
wina	L	looked	9.765	254.41	342.72	1066.83	3432.69	0.20054	254.718	323.304	1435.4	2917.58
wina	AH1	up	10.05	168.89	811.07	1633.13	3240.39	1.0	169.1985	729.3395	1636.715	3196.8500000000004
wina	AH1	the	11.025	197.92	421.51	1824.94	2733.86	0.51226	201.573	478.6365	1778.0500000000002	3067.23
wina	IH1	wistful	11.235	198.95	397.55	2005.96	2932.43	0.35325	197.6905	357.661	1909.48	2750.84
wina	L	wistful	11.465	248.06	255.48	1179.45	3184.07	0.09023	251.969	545.2764999999999	1936.2849999999999	3188.8900000000003
wina	EY1	face	11.675	186.27	551.33	2564.92	2887.46	0.78034	192.179	530.346	2454.67	2892.17
wina	HH	behind	11.95		1158.7	1647.26	2901.93	0.98328	213.218	1010.944	1538.645	2875.67
wina	AY1	behind	12.059999999999999	195.34	373.75	1249.96	1834.75	0.0	198.807	495.575	1698.46	2829.92
wina	AH0	the	12.219999999999999	227.4	374.78	1893.0	3019.5	0.45621	235.17149999999998	324.1535	1719.935	2702.165
wina	AH0	and	13.2	226.62	247.75	1600.54	2322.37	0.19713	221.5605	334.661	2248.56	3296.13
wina	B	beckoned	13.375	221.94	318.36	2121.07	3128.0	0.5181	223.2955	267.434	1645.67	2668.64
wina	EH1	beckoned	13.455	287.08	515.95	1493.52	2727.65	0.29654	294.251	679.451	2258.75	3145.28
wina	AH0	beckoned	13.649999999999999	300.6	396.93	1114.83	2412.6	0.31611	294.255	644.265	2261.49	3273.88
wina	IH1	with	13.825	200.71	392.49	2019.94	2877.13	0.34423	201.24	383.5465	1979.37	2855.255
wina	DH	with	13.89	199.81	326.83	2145.71	2938.24	0.54662	191.415	298.365	2072.76	3101.79
wina	EY1	a	13.965	176.97	531.35	2246.19	2802.39	0.7739	189.5515	516.1585	1868.165	2711.295
wina	R	reassuring	14.055	186.08	209.65	1659.47	2475.75	0.13545	184.65300000000002	304.265	1682.97	2531.02
wina	AH0	reassuring	14.24	273.67	359.17	2457.53	3085.62	0.55853	258.2735	1375.6395	2827.165	3527.325
wina	NG	reassuring	14.545	200.73	326.46	760.93	2284.08	0.28361	198.592	340.0845	1300.46	2561.33
wina	M	smile	14.75	231.07	294.61	1256.6	3403.97	0.36657	238.456	417.08	1351.22	2740.65
zoe	OW1	oh	1.6400000000000001	241.75	697.6	1252.86	3132.38	0.93356	242.035	615.343	1148.62	3129.01
zoe	B	but	1.84	215.54	278.51	1285.78	2929.92	0.28739	224.077	303.0235	1314.8200000000002	2777.6000000000004
zoe	AH1	but	1.895	247.89	672.5	1317.45	2833.28	0.7071	247.796	542.587	1384.42	2806.79
zoe	AE1	had	2.12	247.06	850.48	1577.53	2870.64	0.68025	244.1	757.384	1453.825	2863.105
zoe	D	had	2.18		736.53	1640.35	2890.88	0.8741	213.73700000000002	480.75	1668.9050000000002	2547.4049999999997
zoe	IY0	the	2.32	242.37	435.44	2429.86	2832.52	0.66866	243.1125	495.672	2222.6850000000004	2785.8050000000003
zoe	AA1	artisan	2.425	129.57	811.36	1450.89	2356.97	0.84474	127.91	763.322	1424.46	2240.4
zoe	T	artisan	2.565	265.36	386.06	1533.02	2360.53	0.34296	268.03	437.535	1464.91	2566.73
zoe	AH0	artisan	2.62	272.81	489.34	2097.13	3059.34	0.67652	275.697	430.206	1914.76	3110.61
zoe	AH0	artisan	2.835	282.76	493.97	1941.65	2976.33	0.64884	283.609	411.07000000000005	1980.1100000000001	3165.7250000000004
zoe	N	artisan	2.895	265.86	277.79	1471.54	2595.95	0.30519	265.663	278.538	1653.31	2716.295
zoe	HH	who	2.995		1019.02	2196.83	2945.48	1.0	262.955	544.428	1831.38	2645.61
zoe	UW1	who	3.11	253.64	330.76	1771.13	2743.48	0.42092	248.435	286.82050000000004	1694.325	2992.1
zoe	M	made	3.2249999999999996	225.58	232.98	1560.38	2325.35	0.33628	225.892	255.12	1666.67	2631.03
zoe	EY1	made	3.38	224.97	390.92	2507.84	2890.78	0.40045	225.48149999999998	386.194	2353.715	3111.245
zoe	M	me	3.57	217.73	242.78	1511.03	2468.04	0.34084	216.5875	238.37400000000002	1601.87	2610.5550000000003
zoe	IY1	me	3.69	214.81	643.37	2480.99	2929.17	1.0	215.91000000000003	538.2125000000001	2485.87	3872.42
zoe	EY1	created	4.035	215.86	617.02	2282.05	2924.84	0.86665	214.894	458.485	2296.06	2931.18
zoe	IH0	created	4.16	226.45	411.02	2139.89	2946.26	0.56664	227.121	370.352	2041.41	2900.44
zoe	M	me	4.295	210.78	242.26	1682.79	2467.72	0.38133	211.31	238.99900000000002	1614.04	2604.605
zoe	IY1	me	4.375	213.75	605.9	2590.38	3047.04	1.0	213.495	265.2025	2591.21	3337.16
zoe	N	instead	4.535	190.87	248.11	1789.28	2884.77	0.32699	192.60649999999998	231.02499999999998	1738.7150000000001	2714.55
zoe	EH1	instead	4.955	217.89	802.78	1963.08	2974.86	1.0	223.671	717.4780000000001	1815.67	2941.375
zoe	D	instead	5.105	203.87	550.76	1922.31	2980.48	0.7215	187.131	369.947	1821.53	3173.81
zoe	AH0	a	5.385	230.13	778.73	1526.63	3045.63	0.99039	219.6205	483.884	1445.655	2958.525
zoe	EH1	fair	5.775	213.74	731.69	1992.9	2681.86	0.89326	213.24	671.6034999999999	2154.605	3506.775
zoe	M	woman	6.18	187.62	259.15	1595.1	2641.96	0.38855	187.422	244.019	1649.8	2627.12
zoe	AH0	woman	6.265000000000001	179.29	452.41	1875.16	2881.56	0.5706	179.142	317.925	1742.34	2798.34
zoe	UW0	today	6.93	229.32	404.28	2089.6	2999.98	0.54512	223.64749999999998	294.4995	2005.8449999999998	3052.4300000000003
zoe	D	today	6.984999999999999		678.25	2146.96	2946.89	0.91014	213.6115	491.535	2118.84	3001.84
zoe	EY1	today	7.09	235.07	793.52	2023.89	2695.48	1.0	235.86	690.378	1866.57	2268.2
zoe	AY1	i	7.195	235.22	736.51	1882.46	2437.49	0.56969	235.282	562.607	1576.855	2354.4300000000003
zoe	W	would	7.25	231.51	408.11	1072.31	2655.59	0.4693	233.0735	404.95450000000005	1187.83	2635.09
zoe	D	would	7.380000000000001		251.06	1730.5	2586.3	0.3455	197.93	1057.0435	2319.51	3724.28
zoe	IY1	be	7.505	226.77	287.0	2506.95	2872.61	0.41357	225.368	328.234	2194.95	2738.42
zoe	W	wise	7.635	187.05	204.49	1060.28	2309.31	0.12238	201.776	272.178	1496.345	2653.565
zoe	AY1	wise	7.914999999999999	214.55	816.4	2022.88	2843.7	0.76012	214.71	693.921	2015.52	2868.21
zoe	Z	wise	8.184999999999999		961.93	2099.81	2936.54	0.65729	204.30450000000002	783.9615	2117.795	2968.045
zoe	AE1	and	8.344999999999999	212.69	701.27	1893.85	3051.92	0.95431	213.22500000000002	344.01599999999996	1684.8600000000001	2917.19
zoe	N	and	8.455	200.42	437.06	1864.11	2890.47	0.62811	202.019	1079.492	2412.5	3767.38
zoe	D	and	8.504999999999999	196.06	243.16	1937.55	2917.33	0.37816	191.0915	225.895	1535.97	2686.86
zoe	IY1	we	9.940000000000001	234.66	379.49	2341.5	2804.11	0.551	234.16250000000002	309.8215	1756.23	2732.67
zoe	W	would	10.0	217.41	300.64	1279.71	2745.46	0.33589	218.7375	294.45550000000003	1518.6950000000002	2639.84
zoe	D	would	10.120000000000001	220.37	301.13	1763.08	2665.96	0.40843	223.887	302.925	1237.26	2578.06
zoe	W	weave	10.195	195.56	221.37	1393.06	2509.36	0.22828	205.114	229.125	1576.91	2567.4049999999997
zoe	M	my	10.66	191.6	211.49	1605.99	2434.27	0.31119	188.983	286.826	1511.93	2516.49
zoe	AY1	my	10.75	205.8	673.18	2136.4	2850.13	0.56602	207.507	531.9715	2187.02	2800.215
zoe	EH1	friends	11.045	201.02	683.67	1853.41	2876.8	0.75137	201.082	564.606	1427.71	2758.78
zoe	AH0	and	11.42	207.34	587.91	1795.64	3020.33	0.75948	103.212	580.186	1760.11	3056.66
zoe	D	and	11.545		674.13	1760.92	2809.97	0.82803	198.44549999999998	474.187	1403.61	2879.58
zoe	AY1	i	11.795	183.59	839.93	1797.22	2835.76	0.70854	187.318	553.172	1892.325	2844.8450000000003
zoe	AE1	and	12.095		739.29	1777.06	2905.18	0.98619	199.6605	399.71	2070.39	3646.105
zoe	N	and	12.17	192.76	244.67	1995.94	3108.66	0.36515	196.122	225.057	1703.88	2809.8
zoe	IH0	in	12.265	211.53	569.71	2099.98	2983.5	0.88028	210.488	328.769	2164.09	3005.08
zoe	N	in	12.335	203.5	251.98	1827.33	2865.86	0.34082	203.158	1023.4775	2587.02	3754.955
zoe	DH	the	12.405000000000001	185.96	228.19	1419.87	2995.14	0.25004	186.317	249.181	1627.87	2805.85
zoe	AH0	the	12.455	208.82	605.67	1628.5	2996.46	0.74922	206.783	293.84749999999997	1460.375	2720.725
zoe	M	moonlight	12.55	207.5	232.97	1751.68	2680.68	0.38232	208.373	223.4245	1580.32	2661.62
zoe	UW1	moonlight	12.66	225.24	406.9	1543.14	2906.86	0.50556	224.56349999999998	248.51749999999998	1558.81	2617.425
zoe	N	moonlight	12.739999999999998	208.28	225.35	1851.33	2995.39	0.30563	206.541	224.372	1632.0900000000001	2688.415
zoe	L	moonlight	12.809999999999999	196.87	410.55	1334.8	2899.02	0.38399	195.161	490.81	1061.22	2848.82
zoe	IH1	spin	13.370000000000001	209.72	614.43	1994.15	2931.5	0.88676	209.484	465.325	1884.67	2936.35
zoe	N	spin	13.425	199.07	238.58	1044.54	2129.85	0.15641	199.791	234.44	1448.66	2946.17
zoe	R	yarn	13.94	170.87	612.11	1725.83	2262.08	0.79737	172.2	265.3025	1592.7150000000001	2412.49
zoe	N	yarn	14.09	176.21	284.09	2142.55	3012.72	0.45544	175.435	233.266	1630.07	2699.99
zoe	N	and	14.545	213.27	665.26	2017.47	2941.33	1.0	212.92149999999998	235.131	1562.41	2742.32
zoe	D	and	14.594999999999999	201.09	218.56	1437.3	2603.26	0.25005	201.87	772.4119999999999	1960.3400000000001	3127.34
zoe	EH1	tell	14.745000000000001	222.97	742.32	1365.25	2869.11	0.71384	223.2595	601.959	1229.41	2803.66
zoe	L	tell	14.805	211.69	603.88	1162.08	2928.07	0.64956	211.8265	580.275	1208.42	2709.05
zoe	R	our	14.935	207.84	561.83	1452.1	2278.55	0.67886	209.3315	383.195	1475.005	2707.7250000000004
zoe	IY0	stories	15.415	189.13	351.28	2271.2	2808.99	0.44738	188.496	319.2345	2117.525	2731.415
zoe	AH0	to	15.7	201.37	440.65	1035.45	2757.81	0.45245	197.56	336.453	934.416	2696.5
zoe	W	one	15.780000000000001	174.89	276.09	1322.93	2675.34	0.30446	180.421	372.856	1059.24	2649.03
zoe	AH1	one	15.845	182.27	734.9	1602.91	2836.62	0.94545	182.1205	496.549	1057.05	2691.03
zoe	N	one	15.905000000000001	176.0	311.09	1858.61	2827.98	0.43667	176.976	233.376	1609.51	2682.31
zoe	AH0	another	15.955	177.81	653.64	1804.03	3016.58	0.8616	177.687	323.7325	1477.995	2860.5
zoe	N	another	16.009999999999998	173.1	307.36	1882.48	2913.86	0.43604	174.893	233.886	1595.99	2703.78
zoe	AH1	another	16.09	170.41	622.28	1365.78	2929.49	0.63126	170.277	476.335	1275.82	2739.92
zoe	DH	another	16.18		832.99	2358.76	3330.58	1.0	164.09	520.1665	2111.99	3148.8
zoe	ER0	from	16.96	209.81	550.53	1522.16	2306.56	0.6314	215.314	310.036	1389.32	2352.07
zoe	M	from	17.03	195.88	292.16	1841.79	2918.91	0.19873	195.15300000000002	231.851	1632.04	2657.17
zoe	D	dusk	17.12		757.95	1857.56	3031.6	0.94182	179.0655	469.64	1586.88	2847.56
zoe	AH1	dusk	17.240000000000002	189.03	792.6	1292.91	2919.36	0.92646	187.521	693.955	1354.71	2873.23
zoe	IH1	till	17.765	183.69	961.99	1776.0	3040.87	1.0	179.439	365.71	1153.062	2950.56
zoe	L	till	17.835	187.03	462.71	1000.17	3011.34	0.37649	186.546	412.64750000000004	1248.525	2787.29
zoe	M	midnight	17.91	179.93	266.02	1610.14	2966.66	0.4037	179.459	265.158	1616.375	2639.64
zoe	IH1	midnight	17.98	177.79	510.67	2010.26	3074.69	0.63413	178.105	337.561	1819.59	2934.92
zoe	D	midnight	18.060000000000002	165.51	303.8	1993.68	2867.86	0.45771	165.753	267.799	1715.97	2854.84
