clip	phoneme	word	mid	site_f0	site_f1	site_f2	site_f3	site_res	trk_p	trk_f1	trk_f2	trk_f3
aiden	IH1	if	0.6599999999999999	146.88	462.43	2344.68	2959.66	0.59859	145.922	439.975	2325.67	2881.31
aiden	F	if	0.76		545.4	2238.02	2850.99	0.46215	123.25399999999999	397.331	2334.17	2839.21
aiden	UW1	you	0.865	133.46	328.54	2273.81	2672.27	0.529	138.669	314.579	2459.47	3176.37
aiden	K	can	0.915		414.08	2244.13	2645.21	0.44244	130.266	337.413	2139.0	2650.99
aiden	T	talk	1.105		723.1	1826.74	2862.75	0.63377	128.50050000000002	765.3599999999999	1796.685	2873.625
aiden	AO1	talk	1.2149999999999999	128.7	767.58	1199.08	2579.63	0.78359	130.373	804.4549999999999	1543.065	2784.52
aiden	TH	with	1.44		793.07	1694.05	2647.01	1.0	154.286	385.824	1587.16	2661.35
aiden	D	crowds	1.9100000000000001	115.73	260.72	1620.6	2684.07	0.33432	118.662	357.69100000000003	1631.76	2748.56
aiden	D	and	2.12	125.42	180.83	1131.83	2580.82	0.14626	142.485	1990.995	2852.77	4100.66
aiden	UW0	virtue	2.935	99.04	442.51	1453.62	2622.86	0.6057	129.488	377.9115	2078.65	2685.175
aiden	ER0	or	3.29		577.96	1272.6	2130.44	0.51481	138.5765	615.164	1371.33	2109.13
aiden	W	walk	3.385	125.01	390.39	1134.73	2251.78	0.45387	125.054	596.302	1315.9	2327.7
aiden	AO1	walk	3.465	121.43	734.52	1192.75	2600.19	0.72972	124.29499999999999	673.8145	1184.7849999999999	2649.7250000000004
aiden	TH	with	3.705		523.01	1671.18	2280.76	0.6864	127.9855	426.657	1702.25	2701.88
aiden	L	lose	4.58	121.57	544.49	1216.43	2222.8	0.56833	122.525	421.134	1313.0900000000001	2704.92
aiden	UW1	lose	4.795	134.29	348.89	1853.56	2748.59	0.47155	133.921	339.475	1804.45	2755.97
aiden	Z	lose	4.88		477.27	1871.28	2537.85	0.40733	128.4245	339.475	1810.7	2757.51
aiden	AA1	common	5.15	118.18	812.54	1447.48	2556.33	0.84505	128.412	760.159	1472.1399999999999	2804.23
aiden	M	common	5.225	118.87	276.71	1572.3	2483.33	0.41253	118.617	604.035	1414.67	2829.71
aiden	AH0	common	5.275	117.03	511.01	1723.28	2859.4	0.62604	119.069	313.302	1668.88	2642.13
aiden	N	common	5.324999999999999	117.64	306.97	1888.88	3083.76	0.4368	116.737	345.8095	1791.75	2952.84
aiden	T	touch	5.41		677.43	1946.83	2881.19	0.62944	116.64	646.5450000000001	2030.9499999999998	2958.735
aiden	AH1	touch	5.545		729.03	1465.96	1957.47	0.8771	125.884	729.755	1477.545	2826.77
aiden	F	if	6.404999999999999		494.93	2090.41	2829.72	0.4037	127.84	438.059	2174.77	2864.88
aiden	N	neither	6.475	124.1	288.27	1632.29	2131.67	0.35473	134.411	270.752	1884.35	2671.72
aiden	AY1	neither	6.574999999999999	115.19	801.99	1763.13	2587.89	1.0	115.4785	727.424	1825.135	2686.41
aiden	DH	neither	6.654999999999999		432.53	1904.32	2702.16	0.62528	108.25800000000001	568.595	1933.4	2646.78
aiden	ER0	neither	6.73	108.87	534.17	1634.96	1975.04	0.684	117.191	526.2715	1811.165	2402.1099999999997
aiden	OW1	foes	7.01	134.94	527.84	1472.49	2600.17	0.577	136.932	525.757	1545.03	2741.48
aiden	Z	foes	7.155	146.49	1149.79	2117.95	2950.2	0.74346	136.8605	390.283	1766.61	2808.26
aiden	AO1	nor	7.265000000000001	119.97	512.06	1763.61	2659.08	0.59209	142.75549999999998	273.02599999999995	1853.535	3104.285
aiden	R	nor	7.305	119.33	544.38	1537.71	2371.3	0.62683	119.316	441.4845	1741.63	2544.45
aiden	L	loving	7.37	120.52	315.73	1138.4	2664.89	0.17651	118.407	468.7395	1525.65	2710.2650000000003
aiden	AH1	loving	7.4399999999999995	120.67	711.0	1359.78	2800.18	0.79835	120.669	635.872	1230.43	2842.22
aiden	V	loving	7.484999999999999	117.19	488.42	1536.73	2796.48	0.46358	120.251	653.5235	1419.935	2844.105
aiden	IH0	loving	7.535	124.54	385.45	2369.03	2909.0	0.57816	124.909	403.793	1740.495	2796.9049999999997
aiden	NG	loving	7.605	119.98	279.41	1197.08	2479.82	0.27985	123.626	269.67900000000003	2312.46	2626.37
aiden	EH1	friends	7.8149999999999995	119.1	685.08	1727.49	2871.19	0.71392	121.454	641.302	1742.36	2561.71
aiden	N	friends	7.895	116.88	283.66	1804.49	2801.79	0.38389	118.378	256.817	1743.88	2773.09
aiden	Z	friends	7.98		480.16	1883.84	2575.65	0.63427	117.514	972.4870000000001	2088.6949999999997	3355.6499999999996
aiden	HH	hurt	8.190000000000001		767.29	1764.29	2239.74	0.70367	115.272	426.81899999999996	1767.5	2672.085
aiden	UW1	you	8.635	138.48	421.63	1385.9	2788.66	0.49672	135.408	384.9125	1719.04	2695.6800000000003
aiden	IH1	if	9.25	140.43	477.79	2316.2	2440.4	0.62945	130.74	514.8225	2192.015	2878.38
aiden	F	if	9.379999999999999		542.07	1995.75	2840.78	0.40758	116.3255	486.546	1951.68	2823.87
aiden	AO1	all	9.51		697.67	1053.73	2784.34	0.62127	368.287	670.387	1992.15	2750.0
aiden	L	all	9.635	141.75	509.95	1026.07	2891.08	0.4601	136.273	729.8335	1719.88	2860.3
aiden	M	men	9.705	140.65	246.41	1519.44	2478.72	0.34897	141.906	222.6515	1293.895	2643.465
aiden	EH1	men	9.765	131.55	543.35	1984.34	2960.86	0.50915	137.339	302.246	1665.54	2923.62
aiden	N	men	9.835	127.49	273.83	1384.82	2263.86	0.28102	128.144	259.449	1593.38	2707.76
aiden	K	count	9.935		584.7	2273.16	2667.65	0.54218	122.5745	773.109	2189.59	2730.33
aiden	N	count	10.145	114.91	385.99	1029.36	2229.15	0.3759	121.112	412.071	1151.89	2512.32
aiden	T	count	10.190000000000001		525.85	1321.92	2578.12	0.39052	126.85300000000001	332.588	1258.5149999999999	2426.2250000000004
aiden	IH1	with	10.275	135.56	356.96	1713.0	2728.73	0.17946	142.222	287.767	1312.51	2649.94
aiden	DH	with	10.325		190.75	1797.18	2634.65	0.29064	129.397	877.5600000000001	2163.965	3196.235
aiden	UW1	you	10.59	136.81	346.63	1226.88	2618.59	0.32787	116.945	360.312	1688.04	2643.68
aiden	N	none	11.07	126.71	264.08	1823.93	2907.63	0.35838	128.2245	245.24200000000002	1688.3	2741.83
aiden	AH1	none	11.149999999999999	121.06	659.18	1534.24	2901.86	0.77205	122.008	568.8595	1583.59	2855.035
aiden	N	none	11.235	118.55	282.93	1899.29	3005.87	0.40266	120.387	255.011	1739.46	2838.69
aiden	T	too	11.335		613.62	2153.6	3002.06	0.63196	118.388	575.8025	2255.38	3289.4449999999997
aiden	UW1	too	11.435	116.77	330.32	1736.62	2645.42	0.41246	122.3245	286.193	2107.11	2745.38
aiden	M	much	11.52	113.95	1330.72	2496.83	3336.85	1.0	114.42	286.193	1565.45	2700.07
aiden	AH1	much	11.65	115.42	731.04	1485.62	2714.1	0.88914	113.632	682.293	1441.46	2727.2
aiden	F	if	12.725		640.95	2320.27	3028.11	0.52982	126.756	368.183	2330.02	3559.91
aiden	UW1	you	12.844999999999999	113.58	322.26	2106.77	2587.38	0.4806	126.3995	287.431	2411.1	3138.55
aiden	K	can	12.89		516.28	2054.39	2338.41	0.45056	117.1815	419.16450000000003	1848.0149999999999	2645.045
aiden	N	can	13.0	108.91	302.58	1885.92	2746.02	0.42954	111.0355	276.908	1889.12	2762.1
aiden	IH1	fill	13.245000000000001	146.53	528.9	1575.2	2876.23	0.57022	147.629	466.0125	1594.1	2831.7200000000003
aiden	L	fill	13.395	142.27	515.98	984.18	2845.96	0.45836	143.732	537.8805	1076.105	2846.935
aiden	IY0	the	13.620000000000001		305.57	2541.44	2940.69	0.49554	93.88925	294.702	2423.62	3389.46
aiden	AH0	unforgiving	13.705	131.33	734.86	1647.29	2649.56	0.95044	127.0795	603.677	1947.585	2762.29
aiden	N	unforgiving	13.82	124.33	269.37	1388.01	1960.28	0.27496	123.606	261.795	1618.14	2716.28
aiden	F	unforgiving	13.915		1017.92	1751.57	2759.56	0.60197	120.7405	1635.15	2611.71	3608.34
aiden	G	unforgiving	14.05	115.88	300.42	1534.17	2710.37	0.34854	121.838	279.78	1806.3	2524.925
aiden	IH1	unforgiving	14.11	120.13	433.61	2220.13	2739.52	0.4961	120.836	370.6645	2335.485	2848.655
aiden	V	unforgiving	14.165		287.38	2020.82	2590.88	0.42568	118.5295	415.826	2117.35	2692.51
aiden	IH0	unforgiving	14.21	124.31	338.73	2385.26	2652.95	0.49049	120.754	214.247	1811.225	2543.8050000000003
aiden	NG	unforgiving	14.280000000000001	112.66	246.66	1305.29	2333.78	0.24256	115.71350000000001	270.396	1983.71	2613.45
aiden	M	minute	14.36	112.43	276.12	1852.12	2681.26	0.47891	112.4925	244.456	1512.76	2732.11
aiden	IH1	minute	14.425	112.89	576.84	2018.53	2864.34	0.79988	113.392	431.5345	1941.73	2903.5550000000003
aiden	N	minute	14.48	114.31	303.51	1838.8	2966.17	0.42107	113.202	557.265	1975.98	3010.26
aiden	AH0	minute	14.58	117.71	629.87	1882.16	2710.25	0.8428	115.508	563.031	1909.6	2973.04
aiden	IH1	with	15.030000000000001	123.37	408.87	1925.21	2714.1	0.36101	148.1685	361.10699999999997	1811.0349999999999	2711.19
aiden	TH	with	15.105		1173.37	2197.17	3236.99	1.0	123.592	379.736	1981.0149999999999	2895.715
aiden	K	sixty	15.315		513.74	1902.71	2539.69	0.41138	124.632	453.38800000000003	1872.9850000000001	2638.19
aiden	V	of	16.53	112.96	252.01	1608.46	2665.25	0.31307	133.954	396.619	1618.965	2743.965
aiden	D	distance	16.59		366.21	2287.6	2728.82	0.58697	113.093	174.678	1638.85	2653.605
aiden	IH1	distance	16.655	117.94	486.31	1864.63	2850.2	0.5374	120.9355	519.7645	2075.075	2953.69
aiden	S	distance	16.725		939.24	1918.91	3002.9	0.48067	116.587	628.1320000000001	1891.935	2985.475
aiden	S	distance	17.009999999999998		1166.0	2158.03	2981.89	0.61847	117.6365	662.8765	1822.375	2987.7700000000004
aiden	AH1	run	17.185		744.46	1471.81	2752.04	0.90903	118.87950000000001	711.6030000000001	1502.105	2691.425
aiden	Z	yours	18.23		871.77	1919.39	2750.97	0.58982	150.713	487.33299999999997	1818.0549999999998	2794.27
aiden	TH	earth	18.825000000000003		613.4	1862.28	2664.67	0.52268	122.45	334.398	1787.66	2746.78
aiden	AE1	and	19.0		579.45	1703.2	2817.28	0.72592	140.5475	514.7295	1807.57	2811.675
aiden	N	and	19.174999999999997	121.75	546.23	1945.3	2886.22	0.81006	146.59	614.292	2040.86	4319.28
aiden	D	and	19.225		282.79	1777.38	2760.43	0.39064	122.27	263.895	1805.8	2769.39
aiden	EH1	everything	19.29	129.44	644.57	1791.01	2342.62	0.65222	102.03120000000001	516.9535	1878.54	2740.84
aiden	V	everything	19.354999999999997	111.67	717.72	1587.04	2380.77	0.63509	124.49950000000001	575.875	1703.23	2397.89
aiden	R	everything	19.4		354.0	1452.15	2208.98	0.29559	116.501	383.293	1691.09	2680.43
aiden	IY0	everything	19.450000000000003	118.16	300.86	2594.66	2793.47	0.32228	127.828	290.198	1959.63	2507.07
aiden	NG	everything	19.630000000000003	126.51	261.93	1702.47	2545.65	0.33942	126.622	359.41999999999996	2186.3	2809.7749999999996
aiden	AE1	that's	19.715	119.47	407.78	1745.11	2699.22	0.09551	124.0695	177.302	1569.05	2568.3050000000003
aiden	T	that's	19.775		390.03	1747.37	2706.01	0.39266	120.596	352.659	1700.25	2704.28
aiden	IH1	in	19.915	121.24	604.63	1951.95	2741.77	0.9169	99.71799999999999	559.905	1916.37	2996.02
aiden	N	in	19.97	107.02	326.68	1822.9	2956.5	0.45274	118.79849999999999	544.0360000000001	1961.81	3016.37
aiden	IH0	it	20.04		557.85	1580.74	2887.15	0.64322	96.89920000000001	489.81	1860.59	2888.71
aiden	T	it	20.125		337.28	1677.39	2795.61	0.34187	87.33445	471.7845	1701.3600000000001	2763.88
aiden	B	be	22.475	112.03	300.14	1574.63	2692.05	0.37549	114.684	273.24	1548.55	2672.13
aiden	IY0	be	22.54	115.02	291.73	2521.59	3066.01	0.42494	115.888	277.196	2354.43	2800.08
aiden	M	man	22.67	112.45	299.96	1764.86	2451.26	0.49791	112.345	284.12149999999997	1728.06	2466.04
aiden	AE1	man	22.79	111.83	769.38	2014.21	2745.36	0.6868	112.012	702.619	2063.815	2784.725
aiden	AY1	my	23.310000000000002	126.17	674.36	1831.36	2710.17	0.44499	136.8895	631.486	1683.33	2696.51
aiden	S	son	23.42		1155.26	2023.59	3041.77	0.59315	121.987	935.119	2042.78	3104.11
all	IY0	the	1.405	155.33	478.83	1866.16	2994.79	0.60888	154.489	319.106	1783.4050000000002	2873.1000000000004
all	M	moon	1.49	156.64	299.85	1768.6	2666.24	0.49863	156.62	315.736	1760.73	2840.43
all	UW1	moon	1.635	170.12	401.26	1695.47	2811.02	0.52947	172.4025	354.156	1700.8	2794.01
all	IH1	is	1.905		505.31	1673.48	2869.49	0.53651	176.148	445.275	1892.145	2892.715
all	Z	is	2.025	154.24	170.32	1819.81	2506.11	0.26321	169.52	408.0365	1990.73	3324.5
all	IH0	in	2.0949999999999998	173.14	460.21	2039.16	3439.95	0.65377	171.5865	290.118	1634.78	2642.1
all	N	in	2.1550000000000002	171.07	275.99	905.06	2046.43	0.18366	165.372	260.157	1645.91	2668.66
all	D	doubt	2.2199999999999998		837.9	2377.84	3263.32	1.0	166.097	607.6575	1857.6399999999999	2957.585
all	OW1	over	3.0949999999999998	122.89	479.43	1118.76	2807.65	0.36635	114.809	448.96299999999997	1109.615	2746.875
all	V	over	3.21		454.21	1476.87	2852.26	0.42684	113.31	371.613	1489.2350000000001	2365.71
all	ER0	over	3.31	107.77	431.55	1414.78	2074.22	0.39636	105.20400000000001	362.487	1537.825	2476.0299999999997
all	W	whether	3.4050000000000002	110.86	278.95	1301.74	2583.39	0.30435	114.021	453.38	1227.2150000000001	2589.585
all	EH1	whether	3.48	110.82	497.15	1489.76	2611.78	0.25726	109.9175	310.1755	1563.8449999999998	2648.9399999999996
all	DH	whether	3.5549999999999997		477.51	1582.33	2813.02	0.6073	119.852	345.971	1778.44	2560.44
all	ER0	whether	3.645	117.12	361.91	1690.5	2060.38	0.34625	116.104	316.3575	1812.375	2555.42
all	T	to	3.72	123.26	227.24	2152.41	2773.96	0.3722	130.0635	291.77599999999995	2003.8400000000001	2725.65
all	AH0	to	3.7750000000000004	129.87	298.44	1901.28	2418.67	0.39244	114.0265	817.0835	2080.62	3115.87
all	B	be	3.84		190.55	1907.77	2806.0	0.33442	105.902	270.675	2144.82	2635.63
all	IY1	be	3.95	109.1	295.2	2205.02	3166.33	0.37169	109.281	288.39149999999995	1893.775	2911.5550000000003
all	AH0	a	4.055	106.11	365.23	1626.58	2471.78	0.38211	102.5292	197.092	1590.19	2507.44
all	M	man	4.145	103.73	237.68	1437.56	2396.56	0.3146	103.572	286.0435	1726.3600000000001	2488.35
all	AE1	man	4.37	99.56	720.24	1785.9	2717.76	0.55275	99.40035	531.891	1631.315	2734.675
all	N	man	4.65	120.27	238.07	1210.09	2916.67	0.19035	117.0075	302.511	1774.97	2917.79
all	AO1	or	5.51	251.33	335.13	967.13	3062.2	0.02408	225.553	549.912	1072.4	2471.88
all	R	or	5.63	227.77	713.7	1447.02	2105.91	0.86565	226.816	592.686	1378.63	2382.15
all	AH0	a	5.72	221.1	657.6	1236.02	2585.66	0.74073	216.863	376.83450000000005	1185.21	2522.9449999999997
all	W	woman	5.79	196.79	336.69	806.18	2836.79	0.28674	196.702	419.013	993.705	3147.37
all	M	woman	5.945	191.58	298.35	1543.17	2536.0	0.44184	188.528	310.375	1630.51	2696.215
all	AH0	woman	6.02	178.99	657.27	1833.96	2888.16	0.87383	181.618	293.8085	1652.455	2836.255
all	DH	there've	6.945		862.51	1891.34	2728.99	1.0	219.4665	536.105	1920.59	2946.795
all	EH1	there've	7.03	227.86	608.42	1840.85	2604.74	0.59498	231.65800000000002	513.325	1699.055	2378.8
all	B	been	7.2		597.35	2034.85	2713.05	0.79457	234.501	314.288	1761.475	2769.26
all	IH1	been	7.25	238.73	573.13	1946.72	2844.79	0.77272	168.1445	272.23400000000004	1682.655	2750.205
all	R	rumors	7.41	195.03	207.85	1317.04	2022.53	0.01811	203.465	299.245	1546.76	2572.13
all	UW1	rumors	7.515000000000001	203.24	439.84	1591.69	2575.12	0.57496	198.68	300.191	1418.51	2575.3
all	M	rumors	7.61	176.29	258.42	1327.57	2306.87	0.32292	177.9645	293.263	1610.76	2628.02
all	AO1	all	8.7		417.74	1003.87	3006.77	0.1664	319.871	382.478	981.041	2672.75
all	M	manner	8.905	270.51	272.57	1377.98	2295.94	0.35881	277.412	336.532	1608.2350000000001	2702.99
all	N	manner	9.115	263.27	293.56	1112.79	2978.03	0.25378	265.67	336.463	1604.91	2436.19
all	AH0	of	9.27	263.75	450.88	1381.54	2416.98	0.31018	236.687	382.2885	1601.71	2590.815
all	V	of	9.325		502.53	1521.36	2539.24	0.4702	304.275	384.656	1397.68	2654.3450000000003
all	L	allegations	9.535	256.6	480.53	1167.72	2844.01	0.45139	259.8425	373.755	1455.76	2649.1
all	AH0	allegations	9.620000000000001	265.91	485.11	1705.88	2739.04	0.58264	262.0585	290.803	1678.23	2541.615
all	G	allegations	9.705		228.67	2045.45	2597.59	0.38609	250.0995	333.5065	1998.96	2567.375
all	EY1	allegations	9.84	232.91	393.36	2122.23	2595.97	0.31881	233.72	343.767	2066.4	3554.15
all	AH0	allegations	10.09	235.32	280.29	1656.53	2772.73	0.25927	227.6895	255.044	1632.22	2711.86
all	N	allegations	10.22	228.67	234.17	1197.06	2943.26	0.18174	228.44150000000002	252.1335	1643.095	2677.7349999999997
all	OW1	bold	10.965		455.28	787.95	2571.07	0.22085	110.985	577.1455	1947.33	3024.545
all	D	bold	11.239999999999998		409.09	970.79	2869.6	0.37099	90.17845	564.602	1964.93	3059.77
all	L	claims	11.465	120.71	459.8	1222.45	2816.45	0.43286	109.8625	544.668	1672.66	2744.31
all	EY1	claims	11.59	102.75	476.31	2102.68	2684.82	0.50416	99.2025	467.553	2032.19	2683.9
all	M	claims	11.735	101.52	287.18	1532.96	2636.67	0.42064	101.159	264.632	1742.41	2700.97
all	AH0	and	11.885		318.68	1542.56	2778.42	0.29234	123.29849999999999	277.2045	1574.5900000000001	2585.6499999999996
all	N	and	11.915		299.24	1547.84	2536.19	0.3536	109.18799999999999	176.2058	1517.5149999999999	2607.11
all	D	and	11.969999999999999		254.25	1322.19	2572.53	0.26715	113.64975	963.624	2079.71	3140.415
all	AH1	public	12.14	109.46	667.67	1123.16	2742.1	0.61685	104.23849999999999	738.4845	2579.995	3100.79
all	B	public	12.205	99.46	249.8	1070.38	2677.64	0.20834	112.1105	289.2675	1200.81	2701.755
all	L	public	12.26	112.82	417.77	1140.62	2669.65	0.34232	104.5615	446.346	1259.8400000000001	2696.165
all	L	lies	12.48	114.54	349.69	902.91	2652.58	0.16678	104.565	496.553	1068.39	2703.78
all	AY1	lies	12.705	102.17	741.14	1503.92	2690.56	0.42481	103.509	648.951	1757.335	2756.65
all	HH	he's	13.934999999999999		351.87	2532.58	2972.79	0.58536	134.011	254.8105	1942.2150000000001	2906.495
all	IY1	he's	14.11	130.15	272.24	2113.74	2952.37	0.31266	129.5445	256.526	1899.54	2996.89
all	AH0	belligerent	14.365	125.71	370.39	1136.34	2490.21	0.28045	118.721	347.992	1237.33	2550.29
all	L	belligerent	14.445	111.79	325.15	1121.43	2615.99	0.18709	115.71799999999999	338.3805	1354.19	2621.54
all	IH1	belligerent	14.535	116.47	386.51	1542.43	2564.76	0.20982	110.4615	1107.076	2334.255	3106.93
all	AH0	belligerent	14.775	113.06	431.28	1624.34	2485.49	0.48233	120.637	246.7825	1648.775	2686.66
all	N	belligerent	14.855		223.08	1303.92	2695.36	0.18739	133.72	286.754	1584.29	2661.49
all	IH1	in	16.12	105.95	559.08	1850.49	3044.62	0.80647	100.045	341.391	1779.43	2966.2749999999996
all	N	in	16.17	104.98	304.61	1744.53	2131.4	0.40295	99.4741	503.589	1611.03	3043.45
all	AH0	a	16.244999999999997	113.77	615.97	1575.51	3063.74	0.75309	113.682	466.962	1731.5	2875.02
all	F	funk	16.355		990.38	2083.69	3170.16	0.66007	97.8981	563.1495	1594.19	2968.72
all	AH1	funk	16.47		689.11	1387.05	2979.03	0.76789	84.4628	588.274	1358.7	2940.91
all	NG	funk	16.58		335.47	1162.8	2467.65	0.37049	58.11805	254.943	1471.825	2790.605
all	IY1	he	17.335	136.6	296.98	2597.28	2909.49	0.44876	137.15	331.803	2406.58	3105.68
all	EY1	fades	17.595		473.73	2348.83	2891.9	0.55392	100.795	473.058	2225.91	2848.02
all	W	world	17.97		286.09	1035.65	2732.88	0.25457	88.9045	491.315	1218.42	2455.84
all	L	world	18.134999999999998		564.26	1045.06	2762.68	0.55325	327.67105	597.045	1302.8	2883.34
all	ER0	teeters	18.63		515.08	1651.29	2076.34	0.65003	129.95265	511.165	1786.82	2406.61
all	IH1	when	19.37	170.33	412.0	1774.73	2755.18	0.17608	167.506	234.3355	1598.76	2931.04
all	N	when	19.42	165.87	296.33	1517.35	2948.76	0.3428	159.0445	481.98	1583.78	3225.87
all	IY1	she	19.645	175.41	287.35	2610.76	2926.85	0.43375	173.581	269.5145	2296.5950000000003	2703.16
all	R	crime	20.445		618.71	1623.8	2541.9	0.77375	134.8995	724.061	1520.43	2858.85
all	AY1	crime	20.545	142.22	819.53	1686.73	2951.11	0.62981	141.281	644.1925	1689.155	2891.4049999999997
all	M	crime	20.66	128.92	277.69	1588.72	2700.68	0.41814	128.341	837.5665	2050.045	3135.915
all	L	blossoms	20.775	134.63	405.59	1166.12	2845.39	0.32961	129.013	598.713	1214.6	2758.01
all	AA1	blossoms	20.869999999999997		731.14	1241.32	2754.66	0.59972	131.8525	564.936	1253.49	2714.84
all	AH0	blossoms	21.09		539.28	1581.21	2956.38	0.63741	76.1662	288.8375	1530.87	2588.6099999999997
all	M	blossoms	21.195	86.05	290.61	1522.77	2277.07	0.42393	86.34105	226.771	1592.17	2670.07
all	OW1	o	21.814999999999998	133.72	595.93	1347.68	2825.81	0.71039	129.23149999999998	542.0395000000001	1281.5	2807.66
all	DH	the	22.165		544.25	1587.78	2813.48	0.69402	116.914	346.981	2446.65	2754.9
all	P	operatic	22.46		684.85	1390.7	2739.28	0.52736	123.7185	471.119	1500.99	2499.255
all	AE1	operatic	22.665	112.88	695.4	1626.81	2791.31	0.47277	112.28	578.9445000000001	1739.74	2798.34
all	IH0	operatic	22.77	111.1	473.35	2343.06	2881.55	0.74407	112.761	492.342	2354.66	2633.77
all	IH0	impulse	22.935000000000002	117.58	483.17	2005.77	2706.13	0.56498	118.493	309.166	1593.9	2634.3
all	M	impulse	23.025	119.09	285.06	1310.45	2613.7	0.36351	117.3395	247.852	1259.42	2608.13
all	P	impulse	23.115000000000002		596.75	1125.12	2725.49	0.41486	135.632	586.521	963.699	2679.98
all	L	impulse	23.265	124.19	563.62	903.5	2761.4	0.51332	122.942	730.552	1944.595	3724.63
all	IH1	dip	24.740000000000002	228.83	395.85	2272.11	3106.41	0.41573	147.3765	368.861	1843.21	2878.61
all	P	deep	25.155		853.39	1702.67	2737.86	0.70399	206.40550000000002	1118.8305	2191.5299999999997	3132.335
all	AY1	my	25.36	107.76	721.12	2018.74	2932.49	0.59886	109.215	413.643	1925.59	2935.3
all	D	darling	25.465		595.85	2051.55	3132.68	0.7982	213.274	591.0755	1629.0549999999998	2788.06
all	AA1	darling	25.564999999999998	201.68	653.7	1524.47	2698.52	0.61059	200.893	544.421	1387.08	2442.4
all	R	darling	25.66	192.51	571.27	1357.24	2643.83	0.60923	185.292	355.819	1319.605	2635.5299999999997
all	L	darling	25.73	175.61	244.13	1325.15	2945.17	0.11188	181.4375	318.841	1626.95	2633.36
all	IH0	darling	25.795	186.73	469.43	2175.67	2992.19	0.70081	183.689	289.251	1828.81	2896.46
all	NG	darling	25.925	175.56	201.45	820.06	2509.44	0.07843	181.374	232.763	1623.83	2666.48
all	IH1	into	26.095	227.01	341.5	2404.3	3010.66	0.3144	203.2525	318.2	2127.45	3002.855
all	N	into	26.18	196.61	249.65	1079.02	2761.9	0.18036	183.218	214.0075	1731.3	2625.14
all	DH	the	26.355		924.96	2015.82	3004.31	1.0	197.304	504.01	1441.8	2890.06
all	AH1	the	26.415	189.7	519.98	1336.62	2884.76	0.55332	182.382	497.057	1385.75	2811.84
all	B	blank	26.490000000000002		629.99	1173.89	2256.65	0.63495	184.26749999999998	425.375	1326.8400000000001	2626.83
all	L	blank	26.564999999999998	173.5	663.19	1288.45	2984.13	0.78032	171.282	903.4300000000001	2105.415	3200.335
all	AE1	blank	26.625	171.39	712.12	1717.99	2849.21	0.52215	171.324	711.8815000000001	1902.295	2817.7
all	NG	blank	26.705	164.49	236.1	1196.31	2533.84	0.205	164.676	1280.54	2588.83	3622.58
all	UW1	pool	27.08	169.87	248.67	853.52	2382.73	0.07043	173.672	336.806	1427.705	2546.89
all	L	pool	27.3	185.44	444.35	950.55	3024.11	0.33314	181.094	287.0135	1272.1	2543.03
ashley	DH	the	1.1949999999999998		240.2	1693.55	2616.34	0.32962	229.115	282.006	1728.1	2810.04
ashley	AH0	the	1.2650000000000001	220.51	307.23	1529.09	2775.43	0.27187	218.583	246.635	1562.7649999999999	2686.235
ashley	M	moon	1.345	221.56	226.22	1284.68	2649.29	0.25856	221.399	237.5885	1586.11	2646.52
ashley	UW1	moon	1.525	242.05	362.13	970.53	2243.87	0.29832	240.22050000000002	317.5335	1154.77	2563.21
ashley	N	moon	1.69	210.38	228.27	946.44	2091.39	0.12025	211.706	252.133	2078.2	2928.84
ashley	IH1	is	1.77	224.71	372.55	2064.22	2918.21	0.30602	211.93099999999998	327.853	1816.96	2987.15
ashley	Z	is	1.8599999999999999		807.84	1900.64	2721.61	0.55858	201.55849999999998	1163.5055	2378.17	3475.145
ashley	IH0	in	1.93	215.54	277.63	1976.68	3008.76	0.28438	211.11200000000002	225.814	1722.15	2744.91
ashley	N	in	1.9949999999999999	204.84	227.59	1154.49	2833.0	0.16287	204.075	222.518	1643.04	2618.89
ashley	D	doubt	2.085		1113.42	2321.53	3101.18	1.0	188.684	615.1110000000001	2022.98	3053.2700000000004
ashley	T	doubt	2.44		242.66	1814.4	2514.9	0.30839	209.354	455.69	1583.07	2636.98
ashley	OW1	over	2.54	206.41	356.3	948.85	2674.67	0.02157	204.8365	362.846	1048.26	2588.41
ashley	V	over	2.625		261.65	2110.8	2824.78	0.42679	180.447	371.501	1454.11	2560.52
ashley	ER0	over	2.715	203.23	381.53	1226.94	2157.17	0.22868	201.9605	361.034	1188.13	2446.1
ashley	W	whether	2.79	182.57	221.34	920.06	2580.92	0.11827	189.7115	346.976	1090.44	2574.83
ashley	EH1	whether	2.855	194.93	596.45	1580.98	2734.67	0.48754	193.63850000000002	487.29999999999995	1555.215	2827.74
ashley	DH	whether	2.915	184.34	220.81	1697.55	2966.51	0.30574	132.1538	348.179	1700.01	2817.33
ashley	ER0	whether	2.985	190.2	297.45	1792.65	2284.33	0.24763	191.161	397.994	1807.615	2986.48
ashley	IY0	be	3.2199999999999998	197.1	318.63	2489.19	3046.01	0.46788	196.5655	316.413	2507.215	3134.83
ashley	AH0	a	3.29	186.01	468.51	1915.6	2682.35	0.60419	179.84449999999998	363.099	1918.66	2617.17
ashley	M	man	3.3899999999999997	177.8	227.16	1843.88	2530.1	0.39476	176.893	176.309	1593.63	2633.55
ashley	AE1	man	3.58	180.54	781.36	1889.6	2774.79	0.66899	179.533	366.84450000000004	1638.81	2705.75
ashley	N	man	3.805	171.07	180.45	1657.09	3024.83	0.19707	174.597	199.805	1624.27	2657.08
ashley	W	woman	4.205	144.8	177.97	802.25	2276.78	0.01759	160.8005	200.33100000000002	1575.5149999999999	2632.1949999999997
ashley	M	woman	4.375	149.83	175.31	1018.29	2530.8	0.10899	154.0705	172.327	1477.51	2573.625
ashley	AH0	woman	4.4399999999999995	157.7	170.37	905.45	2533.78	0.0	156.54	148.3995	1438.47	2631.96
ashley	N	woman	4.615	166.24	169.1	947.73	2768.2	0.03115	163.622	258.82800000000003	1809.375	3267.44
ashley	EH1	there've	5.390000000000001	207.65	575.77	2055.32	2751.77	0.59754	210.675	424.064	1543.9	2625.52
ashley	R	there've	5.455	225.26	414.64	1587.0	2421.92	0.43706	221.752	383.4715	1597.76	2636.7799999999997
ashley	B	been	5.539999999999999		151.88	1631.4	2878.63	0.23105	193.1725	435.20500000000004	1804.625	2780.975
ashley	IH0	been	5.59	223.47	430.91	1969.39	2747.57	0.4266	220.839	298.837	1629.19	2676.29
ashley	R	rumors	5.720000000000001		176.0	1494.69	2437.13	0.02687	177.59449999999998	848.795	1897.375	3037.485
ashley	UW1	rumors	5.84	234.62	302.38	1123.63	2650.14	0.22615	233.902	276.8895	1529.205	2618.8450000000003
ashley	M	rumors	5.945	201.11	217.91	1412.17	2387.72	0.27531	199.633	257.442	1352.08	2257.28
ashley	ER0	rumors	6.075	204.18	351.27	1503.31	2134.21	0.26033	205.135	297.562	1601.17	2275.32
ashley	Z	rumors	6.255		686.0	2142.61	3080.21	0.54127	193.27550000000002	538.085	2206.92	3137.785
ashley	AO1	all	6.609999999999999	212.81	458.54	832.38	3052.21	0.16715	226.45850000000002	486.936	2475.83	3348.05
ashley	L	all	6.71	250.79	487.6	959.66	3040.42	0.40567	246.5265	388.2	1082.1	2692.19
ashley	M	manner	6.785	227.48	233.85	1387.96	2605.4	0.29623	229.551	337.515	1587.47	2683.95
ashley	AE1	manner	6.87	213.2	659.31	2095.1	3060.65	0.55239	212.33499999999998	575.715	2129.65	3204.66
ashley	N	manner	6.9399999999999995	192.55	251.97	1936.14	2989.47	0.36363	196.026	441.1685	2039.1499999999999	3432.19
ashley	ER0	manner	7.0	194.96	576.21	1734.95	2294.01	0.80517	193.959	366.303	1501.02	1967.38
ashley	AH0	of	7.045	191.69	475.13	1617.74	2229.36	0.45504	175.3585	934.6305	1963.2600000000002	2806.025
ashley	V	of	7.09		577.64	1811.89	2467.41	0.58473	180.5765	369.116	1198.4	2569.91
ashley	L	allegations	7.234999999999999	185.15	488.9	1141.67	2880.26	0.45778	186.067	427.922	1229.63	2735.58
ashley	AH0	allegations	7.29	189.69	441.87	1785.02	2685.07	0.53439	186.06349999999998	351.587	1818.07	2682.32
ashley	G	allegations	7.365		700.54	2183.47	2528.9	0.84293	165.43	261.579	2190.2	2526.6
ashley	EY1	allegations	7.465	174.48	269.83	2311.88	2671.35	0.07909	168.9145	285.494	1809.94	2487.34
ashley	AH0	allegations	7.68	177.82	339.17	1739.3	2894.03	0.36755	174.289	281.619	1597.11	2670.89
ashley	N	allegations	7.795	173.38	280.02	1255.15	2836.07	0.26317	172.561	201.431	1613.78	2659.35
ashley	OW1	bold	8.565000000000001	209.05	390.64	782.1	2456.84	0.06167	209.342	421.288	1310.06	2646.23
ashley	L	bold	8.655000000000001	220.6	411.61	808.6	2931.3	0.24112	220.305	399.017	1644.35	2638.4
ashley	D	bold	8.719999999999999		430.1	1947.87	3125.08	0.59075	192.4445	837.5854999999999	2216.42	3481.285
ashley	L	claims	8.935	218.78	300.99	1624.2	2864.26	0.28612	202.106	357.99649999999997	1586.79	2706.4399999999996
ashley	EY1	claims	9.055	183.36	453.29	2321.7	2716.44	0.50104	182.49099999999999	328.045	1724.29	2649.94
ashley	M	claims	9.205	177.14	301.55	1586.28	2459.35	0.45758	176.6	241.9835	1628.115	2646.31
ashley	Z	claims	9.309999999999999		566.94	1912.37	2889.89	0.4534	203.953	582.985	1968.76	2972.06
ashley	N	and	9.469999999999999	185.73	299.98	1614.54	2838.32	0.3687	188.03	243.548	1611.14	2626.23
ashley	D	and	9.504999999999999	179.14	266.79	1773.77	2941.63	0.37189	181.685	845.96	2017.9899999999998	3053.775
ashley	P	public	9.575		561.72	1498.16	2683.78	0.46435	186.408	486.3855	1521.4850000000001	2663.535
ashley	AH1	public	9.655000000000001	201.03	589.04	1063.93	2918.27	0.44182	196.84	565.164	1449.89	2623.07
ashley	B	public	9.715	168.63	218.52	1417.22	2802.82	0.25341	165.505	195.2375	1377.47	2674.77
ashley	L	public	9.77	181.65	307.12	1077.24	2820.65	0.14576	184.543	293.60799999999995	1101.705	2669.95
ashley	IH0	public	9.815	181.29	299.42	1267.05	2810.49	0.17588	179.378	276.333	1561.22	2637.12
ashley	K	public	9.879999999999999		272.14	925.71	3146.17	0.03689	118.85459999999999	938.7555	2519.295	3624.1
ashley	L	lies	9.969999999999999	199.15	392.98	873.19	2973.72	0.2287	187.5875	378.381	1611.79	2876.31
ashley	AY1	lies	10.18	156.95	677.25	1707.13	2781.7	0.39973	160.671	416.5675	1438.585	2694.36
ashley	Z	lies	10.42		581.16	1826.48	2599.78	0.44665	168.052	623.744	1861.4	2705.34
ashley	IY1	he's	11.205	244.6	270.22	2518.68	2802.46	0.38519	241.311	260.7365	1722.78	2683.9350000000004
ashley	Z	he's	11.32		1379.72	2305.62	3429.9	0.87409	389.923	1611.875	2776.7650000000003	3798.005
ashley	AH0	belligerent	11.43	224.2	398.85	894.83	2874.88	0.26988	220.3265	406.16049999999996	1376.145	2664.81
ashley	L	belligerent	11.5	195.67	306.42	1011.0	3096.4	0.12642	203.509	327.48900000000003	1480.8449999999998	2652.565
ashley	IH1	belligerent	11.58	202.67	419.28	1661.12	2921.61	0.32061	200.148	320.2725	1473.235	2856.915
ashley	ER0	belligerent	11.76	184.08	339.67	1855.52	2321.26	0.3565	181.917	318.4645	1723.325	2322.285
ashley	AH0	belligerent	11.829999999999998	157.49	374.83	1760.03	2602.74	0.42657	157.27800000000002	239.118	1636.36	2672.68
ashley	IY1	she's	12.48	208.77	246.36	2459.36	2797.0	0.33055	211.043	251.866	1658.41	2648.39
ashley	Z	she's	12.605	173.05	188.51	2011.6	2953.03	0.30045	176.797	271.946	1801.73	2897.57
ashley	IH0	in	12.675	186.86	395.12	1837.37	2978.86	0.48388	185.6645	300.062	1672.95	2804.3
ashley	N	in	12.725	174.96	267.01	1764.55	2618.64	0.35035	173.987	316.04	1620.9	2584.09
ashley	AH0	a	12.785	168.47	266.93	1269.72	2600.93	0.15246	163.344	370.6945	1624.005	2644.37
ashley	AH1	funk	13.005	174.57	535.72	1160.23	2901.83	0.38006	168.994	279.39	1104.87	2614.66
ashley	NG	funk	13.115	164.42	215.35	1569.37	2584.63	0.23542	164.022	217.25	1578.23	2609.12
ashley	K	funk	13.280000000000001		410.97	1420.89	2787.82	0.23558	152.269	598.669	1603.43	2951.84
ashley	W	when	13.745000000000001		271.31	1721.23	2705.94	0.38896	190.2945	254.089	1236.06	2579.67
ashley	EH1	when	13.815000000000001	195.16	361.86	1313.79	2545.92	0.0	195.2455	239.84000000000003	1378.04	2594.63
ashley	N	when	13.844999999999999	183.73	229.92	1849.62	2654.5	0.31217	166.7925	874.965	2076.505	3084.835
ashley	HH	he	13.91		626.93	2626.44	3410.82	0.83065	151.807	568.996	2600.4	3344.16
ashley	IY1	he	14.02	225.49	249.33	2569.67	3156.83	0.35673	223.7	245.4925	1660.73	2717.505
ashley	F	fades	14.14		919.74	1989.26	2753.87	0.60271	387.138	1286.295	2492.22	3526.26
ashley	EY1	fades	14.3	177.93	405.62	2255.4	2633.72	0.37699	175.285	345.60900000000004	2155.005	2966.565
ashley	D	fades	14.440000000000001	170.25	186.19	1837.4	2727.97	0.2939	171.759	606.471	1802.46	2718.325
ashley	AH0	the	14.625	188.55	325.51	1222.7	2570.68	0.2313	185.784	309.748	1556.44	2610.11
ashley	W	world	14.695	145.39	361.66	1566.49	2477.23	0.50568	171.67	366.2	1411.04	2577.21
ashley	ER1	world	14.77	178.59	479.48	1065.24	3309.92	0.25502	177.3065	458.923	945.485	2529.49
ashley	L	world	14.84	178.86	412.88	655.27	2707.0	0.20105	177.717	387.981	1573.085	2634.2
ashley	D	world	14.905000000000001	154.34	185.87	869.54	2687.04	0.0993	160.462	1095.4	2552.64	3605.88
ashley	IY1	teeters	15.085	206.01	342.26	2461.26	3017.14	0.50567	200.978	1428.6390000000001	2876.46	3631.035
ashley	T	teeters	15.16		434.59	2032.24	2761.8	0.48509	178.777	297.70799999999997	1999.885	2599.32
ashley	ER0	teeters	15.285	193.18	307.24	1669.9	2097.78	0.22602	103.553	328.311	1781.66	2335.21
ashley	W	when	15.805		181.9	1657.47	2813.69	0.22304	130.9845	252.0195	1354.98	2426.33
ashley	IH1	when	15.865	172.23	297.39	822.76	2453.19	0.0	174.4325	1423.8500000000001	2057.51	3440.735
ashley	N	when	15.905000000000001	174.29	305.25	1810.44	2867.66	0.41775	172.815	235.278	1789.95	2797.88
ashley	IY1	she	16.175	177.67	240.27	2535.03	3122.12	0.33369	173.182	240.126	2314.1	2692.61
ashley	R	crime	17.225	191.86	604.48	1641.15	2891.74	0.75694	199.89249999999998	505.188	1146.7	2646.85
ashley	AY1	crime	17.33	202.85	762.14	1873.03	2771.48	0.60883	202.4855	483.016	1492.885	2742.79
ashley	M	crime	17.45	194.17	212.07	1199.46	2299.12	0.2143	192.88850000000002	206.517	1541.0500000000002	2631.475
ashley	L	blossoms	17.57	212.46	334.89	905.39	2891.01	0.1435	211.78050000000002	343.61	1187.82	2647.05
ashley	AA1	blossoms	17.665	221.68	492.59	853.09	2987.64	0.0	211.546	436.18100000000004	1045.32	2896.425
ashley	S	blossoms	17.799999999999997		707.92	1856.42	2865.86	0.36779	191.0525	513.0445	1876.865	3074.635
ashley	AH0	blossoms	17.91	178.13	364.33	1361.75	2986.32	0.32157	170.505	212.817	1615.87	2658.49
ashley	M	blossoms	18.03	181.06	196.43	963.36	2990.69	0.13121	184.635	202.385	1638.31	2691.9
ashley	OW1	o	18.884999999999998	246.49	485.54	941.25	2912.07	0.33478	244.127	439.175	933.777	2778.975
ashley	HH	how	19.09		1083.88	1423.9	3008.67	0.86174	213.671	860.534	1374.9	2941.64
ashley	DH	the	19.25	172.05	196.64	1646.1	2875.51	0.26273	195.52	317.456	1670.17	2589.16
ashley	IY0	the	19.325000000000003	229.75	384.41	2252.21	2615.83	0.55115	216.655	422.844	1813.51	2616.29
ashley	P	operatic	19.55		593.79	1196.58	2620.9	0.42691	210.77249999999998	355.521	1400.94	2559.83
ashley	AE1	operatic	19.805	191.43	601.39	1886.65	2736.87	0.41138	190.852	471.996	1715.67	2699.44
ashley	IH0	operatic	20.055	185.81	335.84	1855.87	2622.0	0.3722	177.131	226.618	1585.55	2544.73
ashley	IH0	impulse	20.395	185.28	213.12	2075.99	2685.03	0.0	182.624	215.052	1648.15	2632.6099999999997
ashley	P	impulse	20.61		785.06	1101.89	2789.69	0.53902	347.484	878.723	2397.13	3510.59
ashley	AH1	impulse	20.705		443.67	792.48	2749.26	0.31537	142.62415	533.8935	1618.118	3149.245
ashley	L	impulse	20.775	185.88	366.54	745.53	2762.24	0.15081	165.617	305.015	1143.8985	2693.38
ashley	IH1	dip	22.34	199.03	350.51	2397.32	2950.18	0.33494	198.80450000000002	321.238	2165.91	2839.26
ashley	P	dip	22.42	183.98	209.48	2358.83	2771.12	0.39297	182.673	166.1325	1607.58	2668.225
ashley	D	deep	22.520000000000003	165.58	182.67	2300.54	2769.89	0.38288	172.174	429.56899999999996	2425.7650000000003	2941.115
ashley	IY1	deep	22.685000000000002	205.86	242.73	2643.67	3010.18	0.35862	212.69549999999998	315.40999999999997	1693.6	2743.13
ashley	P	deep	22.84		1120.93	1936.55	2659.42	0.93293	137.538	300.017	1591.9	3127.29
ashley	M	my	22.98		1002.81	1721.07	3169.88	1.0	206.369	354.729	1177.72	2494.4700000000003
ashley	AY1	my	23.075	178.18	666.48	1845.46	2762.75	0.43747	179.0615	344.707	1650.58	2534.19
ashley	D	darling	23.18		488.41	1927.46	2892.21	0.65231	168.3005	444.7885	1590.5149999999999	2737.48
ashley	AA1	darling	23.259999999999998	170.71	451.88	1184.53	2389.38	0.08961	168.694	379.0985	1336.825	2453.525
ashley	R	darling	23.335	172.61	456.26	1284.24	2350.15	0.40202	172.47899999999998	398.376	1287.44	2559.1
ashley	L	darling	23.41	169.61	319.14	1515.21	2851.23	0.28556	170.3065	295.31	1613.05	2659.9
ashley	IH0	darling	23.465	172.48	342.55	2217.74	2766.65	0.4623	170.701	290.3845	2299.3	3209.2700000000004
ashley	IH0	into	23.875	199.83	239.83	2222.22	2911.11	0.0173	200.10250000000002	251.282	2145.77	2952.06
ashley	T	into	23.990000000000002		808.27	2163.06	2694.95	0.76476	119.7387	257.877	2059.56	3074.96
ashley	AH0	the	24.15	189.1	396.61	1241.38	2757.38	0.3439	170.3055	191.409	1534.67	2685.98
ashley	B	blank	24.215		356.34	1538.66	2790.25	0.42699	108.83535	220.299	1567.595	2666.575
ashley	L	blank	24.29	187.92	489.52	1102.74	2900.5	0.44809	183.291	445.408	1326.81	2767.16
ashley	AE1	blank	24.354999999999997	182.66	694.62	1732.35	2909.13	0.5012	182.0875	424.425	1563.98	2563.44
ashley	NG	blank	24.42	177.26	327.25	1811.64	2450.79	0.47148	173.473	234.95299999999997	1574.25	2572.255
ashley	UW1	pool	24.755	186.65	334.91	751.23	2451.03	0.20104	184.6905	412.55499999999995	1963.33	3037.965
ashley	L	pool	24.93	176.84	264.28	823.06	2960.51	0.00656	172.232	266.59	1539.71	2597.02
bob	IH0	in	0.525	146.38	392.14	1685.66	1791.62	0.44579	149.6585	410.846	1811.19	2698.39
bob	N	in	0.63	144.73	308.15	1294.17	1947.16	0.31385	144.902	309.68600000000004	1537.7649999999999	2671.82
bob	DH	the	0.685	129.09	309.13	1445.63	2359.94	0.35968	126.313	306.50199999999995	1574.565	2425.63
bob	IY0	the	0.75	137.65	411.93	1717.51	1841.67	0.47365	130.1945	403.133	1715.8049999999998	3087.08
bob	AO1	offing	0.9	153.96	606.89	1065.92	2150.4	0.48415	151.7645	623.6955	1072.325	2710.96
bob	IH0	offing	1.18	147.93	411.2	1630.58	1760.81	0.47125	146.75850000000003	393.84749999999997	1749.045	2918.34
bob	NG	offing	1.3199999999999998	198.73	389.86	1517.46	2165.85	0.52729	191.291	288.638	1493.18	2274.74
bob	AH0	the	1.565	114.36	361.96	1457.87	2406.01	0.33943	117.778	355.456	1457.1	2656.36
bob	IY1	sea	1.8599999999999999	185.95	357.09	2065.34	2132.22	0.4582	185.635	348.91	2084.22	3068.79
bob	AH0	the	2.14	126.36	359.29	1356.82	2315.51	0.31278	135.255	385.7845	1514.475	3170.09
bob	AY1	sky	2.515	122.09	650.11	1237.63	2060.95	0.16496	126.06299999999999	595.313	1437.55	2639.8
bob	W	were	2.71	139.66	375.08	1242.96	2662.92	0.45315	145.974	388.25300000000004	1321.62	2539.275
bob	ER0	were	2.8049999999999997	128.29	413.21	1017.43	1889.84	0.10172	129.077	402.6225	1078.88	2512.86
bob	W	welded	2.9050000000000002	112.59	305.91	1307.2	1872.81	0.3512	116.111	356.87	1239.82	2605.49
bob	EH1	welded	3.0	163.32	574.49	1302.35	1995.44	0.35386	158.877	571.101	1312.68	2724.22
bob	L	welded	3.09	179.35	535.51	1052.27	2359.26	0.50868	179.208	477.008	1089.37	2615.435
bob	D	welded	3.175	138.0	316.02	1374.21	2704.34	0.34715	140.14	862.337	2069.405	3047.25
bob	IH0	welded	3.24	129.5	299.6	1495.58	2265.11	0.22485	130.581	306.3025	1546.775	2544.06
bob	D	welded	3.29	105.81	272.65	1556.66	2758.49	0.33492	103.91704999999999	905.9925	2081.685	3118.465
bob	AH0	together	3.415	122.51	348.16	1637.74	1952.26	0.35858	128.969	344.373	1771.71	2561.41
bob	G	together	3.505	98.39	1383.74	2320.8	3369.1	1.0	108.518	269.637	1889.65	2721.98
bob	EH1	together	3.5999999999999996	123.91	596.12	1465.85	1988.61	0.45001	124.496	541.157	1536.41	2441.09
bob	DH	together	3.685	136.96	329.21	1450.94	2280.45	0.38664	124.837	324.041	1491.41	2675.45
bob	ER0	together	3.755	172.49	457.17	1350.5	1800.77	0.42747	172.2985	461.513	1422.88	3194.89
bob	W	without	3.825	139.65	379.06	919.08	1546.73	0.3846	140.787	379.843	1080.96	2560.64
bob	IH0	without	3.885	129.53	443.02	1360.6	2147.07	0.47585	131.286	413.543	1391.1799999999998	2887.33
bob	AH0	a	4.25	132.92	356.82	1297.39	2338.56	0.29573	135.516	417.00300000000004	1487.165	2599.3
bob	OY1	joint	4.58	141.57	540.25	997.08	2247.17	0.43453	150.087	552.183	1109.31	2923.72
bob	N	joint	4.75	92.89	148.42	1605.26	2258.07	0.13781	92.12729999999999	1670.06	2384.875	3234.025
bob	AH0	and	5.1850000000000005		1098.42	1383.55	2838.09	1.0	107.998	530.893	1397.0549999999998	2458.995
bob	IH0	in	5.335	116.89	402.32	1484.33	2075.96	0.42281	116.757	317.113	1499.27	2458.67
bob	N	in	5.380000000000001	112.91	265.58	1364.94	2106.75	0.26439	113.4075	208.82350000000002	1641.815	2599.985
bob	AH0	the	5.49	112.33	544.22	1317.77	2303.16	0.58608	111.497	439.739	1362.05	2514.6
bob	L	luminous	5.58	110.59	318.47	1340.57	2198.26	0.23649	108.61449999999999	313.016	1290.84	2270.22
bob	UW1	luminous	5.67	138.95	357.81	1106.19	2139.33	0.32087	135.492	373.352	1280.38	2572.34
bob	AH0	luminous	5.779999999999999	117.32	438.55	1249.3	2196.84	0.40963	118.0375	410.519	1276.5149999999999	2396.5299999999997
bob	N	luminous	5.83	106.42	251.71	1285.92	2322.87	0.22686	104.44	347.927	1447.73	2469.53
bob	AH0	luminous	5.91	103.33	443.3	1463.23	2432.93	0.46467	106.2515	415.58050000000003	1494.7350000000001	2412.61
bob	EY1	space	6.275	148.46	428.88	1700.48	1969.74	0.30471	147.04250000000002	415.67499999999995	1729.575	2722.175
bob	T	tan	6.92		545.15	1637.08	2606.04	0.47264	224.684	526.2505	1695.53	2703.96
bob	AE1	tan	7.08	187.7	558.34	1544.0	2232.98	0.25402	184.07799999999997	556.23	1672.33	2287.08
bob	N	tan	7.25	144.76	298.25	1470.34	2190.56	0.33585	151.252	324.42	1655.915	2520.73
bob	L	sails	7.7	171.5	403.29	1162.59	2012.0	0.32493	164.792	400.8165	1449.88	2665.5
bob	Z	sails	7.785	101.58	366.6	1805.18	2922.06	0.34814	110.0132	324.246	1828.61	3022.7
bob	AH0	of	7.845000000000001	119.46	402.4	1401.35	2229.33	0.22577	120.84100000000001	397.00300000000004	1488.755	2687.755
bob	V	of	7.895	93.54	345.56	1319.64	3020.85	0.31717	92.23445000000001	314.013	1569.22	2623.6
bob	B	barges	8.065		415.45	1243.96	2165.79	0.4232	90.121	300.179	1170.99	2417.225
bob	AA1	barges	8.2	147.01	587.57	1131.86	1909.6	0.29657	144.5125	586.852	1153.87	2618.07
bob	R	barges	8.315	133.24	518.56	1380.57	1808.02	0.53324	134.482	517.795	1470.73	2654.33
bob	IH0	barges	8.485	173.07	347.75	1521.8	2258.71	0.33204	166.439	325.7305	1591.5900000000001	2577.755
bob	R	drifting	8.719999999999999	127.26	311.79	1528.57	2670.86	0.25405	111.29845	336.1995	1622.345	2780.0950000000003
bob	IH1	drifting	8.77	147.16	434.48	1556.86	1606.2	0.33209	144.837	424.57	1608.26	2764.39
bob	F	drifting	8.83	140.97	414.63	1540.03	2701.42	0.24187	138.8955	433.3285	1600.375	2668.875
bob	NG	drifting	9.010000000000002	124.49	356.85	989.52	1988.83	0.37662	123.542	453.7525	2140.74	3636.125
bob	AH1	up	9.095	148.24	606.45	1176.22	1850.54	0.52195	147.8485	590.38	1282.85	2557.65
bob	IH0	with	9.280000000000001	115.24	349.07	1365.11	1796.67	0.07279	116.92699999999999	324.4105	1432.15	2727.2200000000003
bob	TH	with	9.34		675.16	1792.22	2907.47	0.90956	104.27185	1531.885	2697.19	3732.945
bob	AH0	the	9.455		387.71	1587.66	2532.72	0.4077	120.172	361.184	1726.34	2588.63
bob	T	tide	9.55		713.83	1675.99	2759.37	0.59446	161.248	496.357	1697.51	2700.39
bob	AY1	tide	9.739999999999998	144.22	614.57	1254.44	1789.6	0.11221	154.67	609.5055	1334.79	2767.675
bob	D	tide	9.94	145.98	393.95	1771.52	1885.8	0.51464	148.392	378.819	1630.52	2675.99
bob	IY1	seemed	10.49	171.11	347.48	1925.18	2040.14	0.41429	171.10899999999998	358.406	1950.45	2710.9
bob	M	seemed	10.615	165.94	316.11	1286.17	2208.59	0.40978	167.7355	305.484	1573.6	2435.58
bob	D	seemed	10.66	143.05	270.74	1624.65	2329.73	0.34642	150.0975	784.0585000000001	2052.38	3143.205
bob	AH0	to	10.8	129.93	359.68	1432.59	2334.81	0.39693	133.3725	333.065	1642.4	2663.84
bob	AE1	stand	11.125	170.2	563.11	1529.65	1649.02	0.25681	165.734	582.691	1574.955	2589.2799999999997
bob	N	stand	11.24	141.99	513.69	1536.4	2575.83	0.67515	144.4115	378.65250000000003	1427.505	2387.1800000000003
bob	D	stand	11.305	120.55	325.51	1528.85	2647.86	0.38887	127.537	330.017	1526.48	2829.75
bob	IH1	still	11.665	123.5	428.45	1547.85	1871.31	0.31491	127.98	419.727	1656.145	2788.115
bob	L	still	11.855		387.07	1032.79	2333.59	0.263	139.481	426.0555	1341.995	2663.3199999999997
bob	IH0	in	11.95	127.86	485.08	1598.46	1684.98	0.60851	127.9545	467.7975	1587.21	2561.435
bob	N	in	12.045	115.29	326.72	1415.99	2313.96	0.36746	114.531	337.071	1349.54	2548.42
bob	R	red	12.165	137.81	318.16	1046.35	1836.6	0.10297	129.413	337.388	1198.33	2546.67
bob	EH1	red	12.27	169.43	506.93	1520.17	1562.16	0.2868	165.197	504.919	1564.69	2640.31
bob	D	red	12.39	110.07	337.01	1720.83	2530.54	0.44034	119.2	390.054	1566.3200000000002	2652.66
bob	L	clusters	12.565	154.45	466.14	1203.18	2092.01	0.43783	151.954	550.636	1255.0	2795.89
bob	AH1	clusters	12.64	164.76	571.27	1231.74	2246.44	0.47785	164.435	482.056	1428.72	2670.57
bob	ER0	clusters	12.865	125.78	355.39	1537.36	1942.56	0.28047	128.242	352.937	1610.845	2802.96
bob	AH0	of	13.02	127.25	410.53	1313.91	2270.6	0.20484	129.205	399.337	1494.99	2845.26
bob	V	of	13.11		552.36	1413.85	2662.56	0.48225	276.1965	448.8565	1593.925	2790.995
bob	AE1	canvas	13.33	171.16	560.27	1205.75	1740.02	0.16206	168.994	538.5055	1680.645	2893.62
bob	N	canvas	13.425	130.34	346.47	1343.9	2246.53	0.38216	136.17	268.17650000000003	1469.2649999999999	2496.6800000000003
bob	V	canvas	13.510000000000002	85.08	330.35	1388.62	2631.86	0.32119	89.8547	314.892	1395.97	2629.71
bob	AH0	canvas	13.615	81.88	372.62	1528.55	2590.79	0.37148	86.0257	359.995	1527.81	2724.27
bob	AA1	sharply	14.030000000000001	153.0	622.14	1213.11	1712.36	0.39753	154.583	629.086	1250.05	2665.37
bob	R	sharply	14.115	125.54	508.39	1212.19	1659.29	0.46079	133.557	512.694	1382.15	2703.89
bob	IY0	sharply	14.325	106.42	321.12	1494.13	1950.02	0.18702	112.872	322.553	1712.09	2664.24
bob	P	peaked	14.425		933.87	1907.88	2699.51	0.79941	117.133	797.538	2195.125	3251.1549999999997
bob	IY1	peaked	14.555	137.53	281.23	1927.55	2160.27	0.294	140.141	296.948	1947.37	2717.5
bob	K	peaked	14.67		1488.69	1983.55	2577.07	0.96008	269.361	286.936	1988.79	2481.11
bob	DH	with	15.24	105.07	314.59	1460.83	2130.49	0.37024	105.492	293.007	1567.06	2528.62
bob	G	gleams	15.315	96.6	220.81	1241.48	2605.26	0.2173	100.946	296.3725	1497.7	2912.285
bob	L	gleams	15.399999999999999	129.35	372.3	1175.42	2431.86	0.27826	129.57150000000001	371.951	1496.1550000000002	2630.51
bob	IY1	gleams	15.535	147.25	335.13	2139.58	2686.62	0.43214	146.1235	326.311	2102.22	3143.52
bob	M	gleams	15.695	180.15	308.73	1307.09	2168.03	0.40242	178.24450000000002	292.47950000000003	1606.775	2539.4700000000003
bob	AH1	of	15.905000000000001	145.38	563.05	1106.87	2112.5	0.41005	147.746	509.733	1284.14	2669.25
bob	V	of	16.04		441.72	1428.53	2665.1	0.40778	114.4565	429.463	1397.7	2701.92
bob	AA1	varnished	16.275	142.46	613.58	1132.59	2023.67	0.34175	144.1295	607.636	1147.9	2761.42
bob	N	varnished	16.405	120.04	312.91	1419.19	2408.16	0.34726	119.885	355.669	1477.94	2534.0299999999997
bob	IH0	varnished	16.48	125.5	357.62	1659.47	2157.58	0.3729	124.656	376.174	1717.44	2835.91
bob	P	space	16.84		1259.55	2223.17	2616.52	1.0	100.8277	352.173	1603.61	2657.1
bob	EY1	space	16.965	91.61	317.1	1655.74	2216.43	0.03886	91.95605	1596.3	2352.24	3410.37
charlotte	IY1	please	0.665		602.24	2102.7	2813.22	0.91199	232.257	464.2245	2102.91	2800.5699999999997
charlotte	AO1	call	0.94	186.14	620.33	1077.15	3079.21	0.50923	187.687	603.6285	1089.1	2978.45
charlotte	L	call	1.04	185.73	501.68	918.62	3185.67	0.41719	185.0945	620.139	1261.2	3259.79
charlotte	L	stella	1.3250000000000002	144.71	704.54	1166.54	3152.62	0.81376	148.01850000000002	715.4259999999999	1216.635	2951.325
charlotte	AH0	stella	1.46		828.61	1355.95	2965.91	1.0	137.2255	736.43	1290.77	2913.2
charlotte	AE1	ask	2.19		1015.65	1416.55	2901.57	0.87084	235.98250000000002	974.287	1743.705	3142.5950000000003
charlotte	B	bring	2.59	184.15	340.99	1446.27	2508.38	0.38986	185.773	830.2745	2222.23	3189.465
charlotte	R	bring	2.63	190.4	437.3	1311.43	2126.09	0.38096	197.87099999999998	885.4175	1987.275	2780.0
charlotte	IH1	bring	2.6799999999999997	186.29	507.13	1833.52	2569.77	0.5811	185.608	495.814	1798.5	2328.55
charlotte	NG	bring	2.7649999999999997	182.59	505.28	1972.22	2880.94	0.80714	184.848	421.3655	1781.385	2768.1949999999997
charlotte	DH	these	2.855	167.13	548.31	1935.64	2899.67	0.78084	174.683	437.434	1928.17	2879.56
charlotte	IY1	these	2.9400000000000004	192.25	472.75	2300.78	2819.48	0.71329	187.139	422.691	2288.15	2849.67
charlotte	IH1	things	3.1950000000000003	162.59	515.99	1993.02	2915.91	0.64297	163.904	495.338	1928.89	2869.85
charlotte	NG	things	3.285	157.62	619.5	1990.13	2919.4	1.0	157.209	511.1345	1990.6100000000001	2885.845
charlotte	Z	things	3.38	149.74	372.68	1918.44	2998.87	0.36806	154.105	287.049	1900.375	3051.745
charlotte	W	with	3.4450000000000003	157.57	400.4	1381.52	2647.97	0.52816	158.292	829.2705000000001	1953.525	3148.0299999999997
charlotte	IH0	with	3.495	154.05	462.18	1443.19	2807.08	0.37212	159.26999999999998	459.245	1420.32	2790.81
charlotte	HH	her	3.57	144.97	443.9	1514.81	2844.42	0.37674	145.8865	424.6825	1468.275	2767.605
charlotte	ER1	her	3.65	144.57	500.55	1719.96	2800.91	0.50805	145.148	462.2655	1649.02	2797.29
charlotte	M	from	3.85	141.75	388.98	1077.08	2172.08	0.06487	141.90449999999998	388.56050000000005	1683.495	2889.23
charlotte	AH1	the	3.925	136.56	403.66	1361.65	2835.95	0.38152	134.534	355.4235	1376.9	2840.335
charlotte	AO1	store	4.175000000000001	133.89	522.85	1025.48	2655.34	0.33825	139.97050000000002	515.929	1123.38	2672.5
charlotte	R	store	4.365		442.32	1074.01	2755.09	0.30958	125.97	477.8985	1030.825	2690.835
charlotte	K	six	5.154999999999999		476.66	1852.75	2640.58	0.37882	196.118	476.751	2018.3	2761.12
charlotte	UW1	spoons	5.484999999999999	170.86	418.76	1521.71	2572.07	0.52188	173.415	429.836	1608.2150000000001	2606.715
charlotte	N	spoons	5.575	173.98	390.79	1250.84	2811.45	0.4296	174.312	356.37	1239.46	2782.35
charlotte	AH0	of	5.6899999999999995	143.99	424.78	1686.82	2701.23	0.38761	165.64499999999998	392.02549999999997	2063.83	3017.9700000000003
charlotte	EH1	fresh	5.955	209.38	790.11	1919.3	2724.11	0.988	200.75549999999998	682.152	1819.7	2674.25
charlotte	N	snow	6.225	164.31	478.1	1418.43	2613.71	0.59663	188.738	567.1605	1746.69	2986.8199999999997
charlotte	OW1	snow	6.3149999999999995	148.55	493.69	1489.45	2718.22	0.49814	148.51	506.591	1461.31	2702.4
charlotte	P	peas	6.425000000000001		504.59	1718.29	2361.31	0.46862	150.767	480.97950000000003	1652.635	2496.825
charlotte	IY1	peas	6.57	143.68	411.54	2172.31	2671.98	0.57756	145.8755	401.007	2126.45	2658.06
charlotte	Z	peas	6.755		437.9	1953.88	2909.61	0.40241	149.4315	369.681	2078.88	3136.79
charlotte	V	five	7.31		628.46	1869.98	2823.66	0.63274	172.369	509.534	1903.5349999999999	2704.115
charlotte	IH1	thick	7.54	193.15	655.18	1932.0	2643.23	0.97198	204.142	550.24	2001.92	2878.38
charlotte	AE1	slabs	7.89	175.56	974.8	1263.25	2828.04	0.76963	176.499	889.3315	2825.12	3790.79
charlotte	B	slabs	7.9799999999999995		505.85	1175.69	2707.27	0.50368	172.352	740.85	2476.09	3531.72
charlotte	Z	slabs	8.05	160.59	318.79	1525.49	2901.26	0.28438	166.97899999999998	1950.435	3411.3	4129.555
charlotte	AH0	of	8.100000000000001	153.24	434.81	1323.93	2761.16	0.25545	152.526	427.018	1504.67	2863.07
charlotte	V	of	8.170000000000002		343.18	1570.88	2477.78	0.369	144.63799999999998	353.1735	1868.52	2797.425
charlotte	UW1	blue	8.345	179.53	399.18	1326.57	2639.9	0.44356	177.589	394.122	1521.22	2594.8149999999996
charlotte	CH	cheese	8.45		494.24	2170.51	2997.03	0.0	179.2855	1217.3065000000001	2451.815	3176.81
charlotte	IY1	cheese	8.615	140.38	447.41	2223.66	2783.33	0.6526	139.987	399.019	2084.69	2800.71
charlotte	Z	cheese	8.795		433.83	2040.34	2883.93	0.41375	139.693	2005.335	2958.9300000000003	4170.25
charlotte	M	maybe	9.305	154.58	627.64	1680.12	2680.34	1.0	154.013	499.158	1733.9650000000001	2834.25
charlotte	EY1	maybe	9.370000000000001	153.08	601.2	2032.19	2715.33	0.77395	153.5915	576.655	1964.98	2743.335
charlotte	B	maybe	9.440000000000001	145.08	414.73	1973.55	2706.45	0.58703	147.155	387.293	1845.93	2591.32
charlotte	IY0	maybe	9.495000000000001	147.18	404.03	2071.96	2740.06	0.60486	149.394	375.204	2019.76	2612.43
charlotte	AH0	a	9.559999999999999	147.91	434.35	1938.75	2802.44	0.55726	144.019	456.2905	1927.415	2780.48
charlotte	HH	her	10.280000000000001	140.54	676.22	1563.61	2635.86	0.57547	139.091	553.7615000000001	1495.77	2617.165
charlotte	B	brother	10.39		564.18	1380.78	2413.22	0.61183	146.512	484.63800000000003	1447.72	2580.3500000000004
charlotte	AH1	brother	10.485	133.57	547.57	1328.18	2745.49	0.47275	145.52	534.6475	1306.72	2668.59
charlotte	B	bob	10.844999999999999		359.64	1272.61	2736.23	0.37047	185.12079999999997	422.76099999999997	1396.895	2660.215
charlotte	IY1	we	11.485	172.47	380.95	1608.6	2447.98	0.4157	170.93099999999998	396.101	1586.755	2555.3050000000003
charlotte	AO1	also	11.55	198.61	499.85	1147.67	2844.78	0.34719	192.735	472.16	1198.645	2735.895
charlotte	L	also	11.600000000000001		533.31	1165.38	3057.88	0.5362	207.397	488.159	1090.58	2992.96
charlotte	OW0	also	11.75	188.85	613.85	1602.47	2861.19	0.79016	205.10399999999998	436.8195	1410.725	2827.5550000000003
charlotte	N	need	11.795	176.27	449.68	2081.8	2704.58	0.69284	179.4615	443.529	1693.32	2698.58
charlotte	IY1	need	11.855	168.39	460.77	2216.72	2729.51	0.67563	168.555	429.289	2132.19	2643.86
charlotte	D	need	11.915	164.35	354.68	2188.54	2770.04	0.55411	165.5965	394.449	1982.04	2661.41
charlotte	M	small	12.215	192.05	274.56	1044.94	2426.94	0.28198	200.04500000000002	230.1195	1108.47	2640.38
charlotte	AO1	small	12.325	195.17	529.74	924.66	3320.31	0.31203	193.138	524.8945	1708.9015	3208.27
charlotte	P	plastic	12.530000000000001		842.19	2148.24	3078.82	0.78405	195.095	852.283	2471.03	3480.14
charlotte	AE1	plastic	12.66	184.14	854.09	1230.37	3072.27	0.58819	181.447	862.914	1219.68	3035.4
charlotte	N	snake	13.065	158.7	538.5	1908.98	2880.94	0.79076	173.5115	592.9449999999999	1797.495	2824.5950000000003
charlotte	EY1	snake	13.16	148.53	849.2	2100.79	2847.02	1.0	148.71499999999997	597.251	2066.46	2866.6400000000003
charlotte	K	snake	13.3		891.64	2132.26	2636.6	0.67347	150.545	599.927	2157.78	2659.05
charlotte	B	big	13.615		459.78	1889.84	2651.55	0.61594	139.824	423.394	1825.36	2568.14
charlotte	IH1	big	13.68	156.71	468.02	1958.58	2560.13	0.51568	158.725	464.48	1901.71	2576.0
charlotte	G	big	13.755		966.03	2021.13	2270.08	1.0	155.777	443.344	2036.84	2484.02
charlotte	T	toy	13.850000000000001		976.81	1898.24	3232.64	0.81985	151.1125	672.6714999999999	1905.9499999999998	2866.3199999999997
charlotte	OY1	toy	13.98	153.35	487.94	1213.78	2213.72	0.37066	152.851	496.557	1291.63	2340.25
charlotte	AA1	frog	14.245000000000001	135.55	625.48	1100.29	2378.29	0.3458	137.44	553.186	1085.965	2338.65
charlotte	G	frog	14.335		534.73	1209.43	2405.12	0.49632	133.257	505.582	1337.06	2551.38
charlotte	AH0	the	14.59	131.52	459.71	1419.38	2601.82	0.4799	133.124	411.69	1431.74	2636.36
charlotte	K	kids	14.665		1162.11	2099.81	2922.46	0.81201	133.71300000000002	769.6895	1953.105	3205.645
charlotte	IH1	kids	14.75		479.11	2122.07	2659.24	0.58409	132.049	435.426	2119.23	2567.01
charlotte	D	kids	14.84		364.15	2219.52	2412.14	0.57099	94.8725	346.463	1847.99	2738.56
charlotte	N	can	15.865	157.33	431.98	1991.88	3015.5	0.64723	160.628	371.9605	1802.77	2759.21
charlotte	UW1	scoop	16.095	193.83	402.3	1438.03	2631.57	0.47395	196.816	389.382	1615.79	2633.8
charlotte	IY1	these	16.295	165.55	470.36	2179.55	2800.1	0.68611	165.2645	425.644	1891.03	2764.45
charlotte	Z	these	16.384999999999998		587.25	2047.35	2957.02	0.48294	166.515	484.939	2094.05	3136.9700000000003
charlotte	IH1	things	16.525	144.85	457.81	2037.12	2912.11	0.51012	147.2535	411.7925	1953.295	2760.98
charlotte	NG	things	16.615000000000002	143.08	605.67	1976.09	2728.94	0.98103	142.554	406.198	1532.75	2578.28
charlotte	Z	things	16.705	139.07	268.3	1960.73	2905.19	0.32814	138.418	317.78049999999996	1948.615	2957.33
charlotte	IH0	into	16.759999999999998	145.88	412.4	1955.29	2710.77	0.37729	153.97500000000002	372.2135	1864.795	2686.12
charlotte	N	into	16.8	140.16	379.04	2004.14	3273.38	0.56984	108.08055	314.28499999999997	1808.46	3132.92
charlotte	T	into	16.845		903.2	1979.53	3363.22	0.78825	137.427	293.3035	1924.405	3714.04
charlotte	R	three	17.035	173.48	454.63	1493.29	2335.24	0.46932	178.51	446.7315	1981.35	2864.645
charlotte	IY1	three	17.115000000000002	181.61	379.18	1257.11	2281.56	0.34633	180.147	378.502	2136.75	3091.7
charlotte	R	red	17.205	172.08	432.03	1548.77	2358.13	0.45193	176.747	399.418	1512.705	2410.225
charlotte	D	red	17.34	167.56	645.63	1455.48	2380.36	0.73464	167.103	610.673	1473.21	2542.24
charlotte	G	bags	17.625		585.29	1677.62	2529.34	0.63643	134.338	447.125	1560.205	2631.06
charlotte	W	will	18.200000000000003	135.26	380.68	1038.9	2389.69	0.41518	136.216	418.728	1430.66	2548.96
charlotte	L	will	18.285	135.4	463.16	1124.2	3037.81	0.4113	138.807	286.1575	1111.6999999999998	2614.215
charlotte	G	go	18.345		400.92	1365.27	2257.68	0.40598	135.3705	340.31100000000004	1328.565	2570.425
charlotte	OW1	go	18.43	136.59	561.86	1348.81	2522.78	0.62761	138.08550000000002	553.393	1304.88	2518.07
charlotte	M	meet	18.52	142.82	408.67	1115.65	2612.53	0.52406	140.80349999999999	392.345	1107.615	2547.7349999999997
charlotte	IY1	meet	18.604999999999997	159.03	463.71	2414.47	2731.53	0.71822	157.50650000000002	388.872	2066.695	2541.375
charlotte	ER0	her	18.82	159.24	524.71	1099.16	2686.62	0.36006	161.224	482.5155	1439.135	2673.205
charlotte	W	wednesday	18.9	144.1	498.82	1215.17	2751.33	0.65582	149.5	465.47950000000003	1090.27	2636.525
charlotte	EH1	wednesday	18.965	135.35	739.69	1712.75	2768.6	0.81978	136.457	611.1375	1483.45	2712.83
charlotte	N	wednesday	19.04	135.35	656.67	1673.12	2885.6	0.9198	134.851	436.736	1677.09	2961.92
charlotte	EY2	wednesday	19.354999999999997	127.75	535.42	2263.42	2711.83	1.0	132.048	471.954	2023.09	2823.29
charlotte	EY1	train	19.915	131.3	773.43	2093.54	2837.14	1.0	131.667	615.579	2040.26	2857.85
charlotte	N	train	19.98	127.69	546.32	2077.32	2793.34	0.83788	129.07150000000001	336.039	2327.85	3454.2799999999997
charlotte	EY1	station	20.22	125.3	537.27	2050.95	2679.93	0.63192	125.801	481.9575	2021.4499999999998	2756.225
charlotte	N	station	20.490000000000002		690.68	2321.97	3137.39	1.0	130.64	486.592	2479.2	3241.29
cheryl	IY1	please	0.6499999999999999	290.99	382.2	2022.96	3065.52	0.49597	293.25	374.682	2566.59	3260.98
cheryl	AO1	call	0.8999999999999999	311.52	639.83	1192.94	2218.92	0.58211	326.6195	646.131	1194.74	2915.415
cheryl	AH0	stella	1.4300000000000002		910.41	2019.07	2974.61	1.0	174.7785	871.3340000000001	1971.685	3375.915
cheryl	AE1	ask	1.69	232.5	900.98	1642.18	2316.54	0.7704	233.712	956.4365	2133.7200000000003	2887.585
cheryl	B	bring	2.075		423.85	1628.14	2345.02	0.51878	385.31600000000003	442.183	1746.66	2400.39
cheryl	IH1	bring	2.16	310.09	589.06	2163.44	2567.98	0.8664	170.99	594.311	2036.975	2926.25
cheryl	NG	bring	2.205	273.83	293.91	1469.93	2315.59	0.35331	304.784	382.6915	2183.645	2677.605
cheryl	DH	these	2.25	294.47	438.96	1973.35	3185.08	0.64971	282.108	310.79200000000003	1503.045	2542.785
cheryl	IY1	these	2.31	269.09	410.89	2073.59	2991.56	0.5578	269.1705	2144.04	3070.29	3990.5499999999997
cheryl	Z	these	2.37		1179.32	2330.22	3015.93	0.78885	280.79449999999997	2055.49	2969.23	4115.135
cheryl	TH	things	2.435		475.06	1838.91	2406.59	0.42357	542.9159999999999	1318.77	2480.87	3580.88
cheryl	Z	things	2.62		327.26	2163.29	2646.23	0.38513	228.0785	248.6275	2065.95	3222.25
cheryl	TH	with	2.7350000000000003		584.25	1867.26	2521.45	0.8108	240.766	457.393	1854.1	2767.67
cheryl	ER0	her	2.885	203.96	603.08	1451.59	2190.39	0.63589	203.347	633.8209999999999	1633.6950000000002	2256.81
cheryl	AH0	the	3.0949999999999998	214.99	418.33	1951.55	3398.28	0.53569	201.23250000000002	442.263	1936.06	3308.45
cheryl	AO1	store	3.3049999999999997	170.59	563.8	1135.08	2908.47	0.4423	251.15	561.544	1312.5500000000002	2788.2799999999997
cheryl	R	store	3.415		812.01	1770.99	2378.8	1.0	117.6645	778.734	1668.7	2332.89
cheryl	IH1	six	4.06	306.13	585.86	2306.92	2501.7	0.89444	298.8915	546.3405	2339.7749999999996	3143.1400000000003
cheryl	UW1	spoons	4.385	309.17	478.59	1291.26	2350.72	0.57694	314.755	459.8885	1524.475	3487.675
cheryl	V	of	4.609999999999999		361.03	1855.33	2837.26	0.44209	167.0445	476.9275	1891.09	3047.8500000000004
cheryl	EH1	fresh	4.755	236.15	688.81	2037.12	2136.11	0.82059	241.7335	697.539	1947.06	2464.59
cheryl	N	snow	4.98	256.56	373.84	2141.16	3189.26	0.59072	278.141	328.462	2032.0	2782.125
cheryl	OW1	snow	5.055	217.43	570.48	1422.93	3085.6	0.66801	225.0935	584.843	1539.78	3304.71
cheryl	P	peas	5.16		816.28	1970.2	2786.12	0.73129	220.48	645.1185	1901.585	3116.715
cheryl	Z	peas	5.45		529.05	2145.87	2904.7	0.47208	202.7765	437.649	2240.77	3405.23
cheryl	AY1	five	5.945	226.19	1018.39	1795.22	2883.33	1.0	227.8875	928.6735	1705.295	2985.7749999999996
cheryl	V	five	6.05		732.06	1903.18	2535.86	0.71245	310.1635	573.819	2043.915	2874.6850000000004
cheryl	IH1	thick	6.17	155.36	558.75	2512.76	2610.82	0.87895	253.337	546.695	2419.2	2694.94
cheryl	K	thick	6.23		614.07	2003.75	2423.25	0.49095	226.5875	548.814	2016.14	2653.94
cheryl	AE1	slabs	6.455	245.07	742.33	1749.28	2210.81	0.57402	243.564	763.9	1910.48	3525.73
cheryl	AH0	of	6.625	244.45	466.92	1763.27	3122.27	0.50006	256.7545	402.7415	1855.37	3101.01
cheryl	B	blue	6.695	236.46	283.52	1746.12	2622.87	0.39656	229.2	284.06600000000003	1745.24	2865.125
cheryl	L	blue	6.755	229.28	389.98	1356.0	3138.36	0.35652	229.283	355.538	1671.83	2873.05
cheryl	UW1	blue	6.84	209.67	423.88	2377.35	2996.15	0.72166	216.92849999999999	400.813	2073.2250000000004	3003.25
cheryl	IY1	cheese	7.1	199.54	414.56	1617.26	3073.23	0.4786	204.638	415.00149999999996	2458.29	3315.66
cheryl	Z	cheese	7.225		495.18	2063.89	2336.9	0.44457	209.128	411.70550000000003	2038.845	3161.575
cheryl	N	and	7.41	219.89	614.76	2262.39	2522.58	0.98008	211.7095	662.7945	2288.755	3396.255
cheryl	M	maybe	7.494999999999999	234.52	373.14	1974.74	2847.46	0.67125	231.05349999999999	349.205	1826.8	2696.14
cheryl	EY1	maybe	7.57	242.67	475.25	2104.99	2926.24	0.50227	236.688	475.352	2799.13	3414.0
cheryl	B	maybe	7.640000000000001	240.56	343.1	2205.16	3259.13	0.56331	247.131	381.20050000000003	1815.06	3685.0
cheryl	IY0	maybe	7.705	277.68	355.98	1558.5	3036.73	0.32858	272.792	331.4045	2140.6949999999997	3055.085
cheryl	AH0	a	7.779999999999999	282.91	551.46	2119.19	2855.69	0.77619	277.558	539.07	1871.78	2634.65
cheryl	AE1	snack	8.015	205.98	924.12	1931.3	2289.4	0.88436	211.539	869.643	1894.39	2367.92
cheryl	HH	her	8.29		988.22	1888.25	2731.56	0.91414	230.315	803.7964999999999	1819.2649999999999	2697.31
cheryl	ER0	her	8.370000000000001	214.54	694.79	1582.01	2168.97	0.86856	234.231	690.673	1570.58	2221.61
cheryl	B	brother	8.41		439.13	1366.35	2255.26	0.47593	208.75099999999998	512.125	1575.155	2498.975
cheryl	DH	brother	8.54	197.02	487.05	1559.73	2946.97	0.61421	197.34949999999998	473.239	1508.39	2791.07
cheryl	ER0	brother	8.59	201.11	592.22	1724.47	2232.69	0.83474	209.745	625.595	1802.67	2968.31
cheryl	B	bob	8.649999999999999		357.97	1411.34	2500.8	0.4	197.73149999999998	467.177	1644.01	2585.69
cheryl	AA1	bob	8.79		859.73	1364.77	2736.23	0.8842	117.1245	833.38	1386.0	2868.34
cheryl	IY1	we	9.585	268.25	481.52	2425.36	3031.14	0.75273	271.405	428.387	1911.625	3007.2349999999997
cheryl	L	also	9.690000000000001	304.6	670.83	1501.61	3272.94	0.85125	284.959	728.382	1552.73	3487.61
cheryl	N	need	9.865	341.36	387.23	2115.69	2783.44	0.60561	375.442	429.45	2129.55	2493.2
cheryl	D	need	9.99	257.54	354.81	2083.19	2264.82	0.53312	285.2125	431.0955	1886.9850000000001	2852.415
cheryl	AH0	a	10.045	253.77	496.98	2088.13	2231.16	0.68616	251.881	469.09900000000005	2343.25	3430.25
cheryl	AO1	small	10.27	227.19	750.84	1154.05	3415.53	0.74098	228.9725	769.053	1305.36	2655.45
cheryl	AE1	plastic	10.5	295.55	809.74	2066.86	2756.04	0.75911	298.759	802.7080000000001	2041.465	3235.36
cheryl	K	plastic	10.719999999999999		653.2	2305.96	2917.84	0.58749	326.65049999999997	465.60299999999995	2213.12	2818.7250000000004
cheryl	EY1	snake	10.934999999999999	216.42	448.2	2073.72	2901.78	0.4333	215.452	461.24699999999996	2287.02	3080.125
cheryl	K	snake	11.030000000000001		831.24	2260.86	2895.32	0.67277	168.325	1594.22	2925.56	3454.04
cheryl	D	and	11.16	221.82	328.4	1546.09	2990.6	0.39558	206.753	1341.3195	2499.57	3438.86
cheryl	AH0	a	11.195	207.4	477.76	2173.68	2744.77	0.67596	223.63549999999998	392.219	1943.0900000000001	2503.415
cheryl	B	big	11.24		382.88	1669.18	2802.15	0.48459	221.514	321.772	1793.25	2548.24
cheryl	IH1	big	11.309999999999999	228.84	471.28	1973.71	2792.24	0.52754	223.99	476.5145	2326.745	2902.54
cheryl	G	big	11.375	243.32	420.96	1568.58	2619.92	0.46507	237.27499999999998	430.492	1968.11	2873.87
cheryl	OY1	toy	11.58	234.89	686.19	1563.12	2837.02	0.97255	242.591	626.869	1682.0	3043.86
cheryl	AA1	frog	11.84	189.71	922.17	1551.62	2404.13	1.0	203.10250000000002	880.805	1545.0	2460.7299999999996
cheryl	G	frog	11.915	209.47	511.26	1608.34	2775.61	0.55518	200.159	571.821	1647.0	2716.23
cheryl	DH	the	12.09		637.24	1944.41	2319.86	0.89674	220.199	341.927	1922.64	2767.91
cheryl	IH1	kids	12.325		598.23	2047.78	2539.54	0.8601	152.4005	575.7535	2398.005	3350.395
cheryl	D	kids	12.440000000000001		248.41	1480.91	2421.46	0.29242	102.326	528.2935	2370.995	3329.055
cheryl	N	can	13.225	238.56	321.0	1807.3	2378.36	0.44088	245.225	356.429	2199.61	2693.52
cheryl	UW1	scoop	13.405	307.67	411.36	2202.01	3055.02	0.66032	303.8	382.57500000000005	2227.575	3065.25
cheryl	IY1	these	13.57	347.6	368.8	1978.55	2789.47	0.46319	345.329	375.007	2536.71	2912.24
cheryl	Z	these	13.655		438.31	2170.39	2601.55	0.43551	337.7855	460.6	2264.1549999999997	3065.495
cheryl	IH1	things	13.785	253.35	542.23	1994.3	2572.16	0.7082	272.028	528.719	2383.14	3157.225
cheryl	NG	things	13.875	247.8	402.7	1491.88	2556.15	0.5449	247.4195	376.962	2715.76	3830.74
cheryl	Z	things	13.98		684.53	2304.76	3382.32	0.56528	252.566	357.219	2304.96	3309.98
cheryl	IY1	three	14.36	236.43	466.6	2341.12	2682.58	0.70967	231.602	446.7495	2166.9300000000003	2578.025
cheryl	R	red	14.42	248.62	434.32	1978.23	2645.46	0.59915	240.822	364.575	1904.58	2581.07
cheryl	EH1	red	14.495	260.61	735.7	2061.13	2895.11	0.92323	260.8335	598.734	2046.9	2895.21
cheryl	D	red	14.559999999999999	242.93	361.4	2134.23	2970.87	0.55078	255.653	387.39549999999997	1615.97	2359.2
cheryl	AE1	bags	14.76	188.01	910.31	2193.17	2898.88	0.93798	188.319	798.5319999999999	2212.245	2693.59
cheryl	G	bags	14.89		399.75	2113.87	3091.16	0.55541	197.846	377.563	1878.67	2765.08
cheryl	D	and	15.105	224.67	477.72	1154.84	2771.89	0.48522	225.3455	688.2860000000001	2334.0699999999997	3209.21
cheryl	W	we	15.14	224.54	522.25	1163.68	3127.68	0.68344	224.077	379.887	1160.115	2613.295
cheryl	IY1	we	15.190000000000001	228.18	445.94	1928.63	2802.58	0.59439	225.9715	435.168	1796.99	2814.03
cheryl	W	will	15.235	220.85	408.34	1361.99	2863.31	0.53704	227.3915	405.56600000000003	1581.315	2789.0550000000003
cheryl	L	will	15.309999999999999	221.89	456.77	1138.1	3132.21	0.40478	221.9785	489.359	1124.65	2873.32
cheryl	OW1	go	15.45	229.14	699.52	1225.66	3061.21	0.93112	232.076	638.604	1208.615	3256.88
cheryl	T	meet	15.675	297.1	410.34	2178.51	2689.25	0.5009	214.141	430.038	1683.31	2684.835
cheryl	HH	her	15.719999999999999	287.06	574.25	1954.86	2965.24	0.60258	294.507	440.123	1923.52	2880.705
cheryl	ER0	her	15.795	229.23	681.08	1441.04	2289.59	0.79498	238.009	675.972	1658.16	2656.14
cheryl	W	wednesday	15.865	216.99	531.89	1160.28	2475.91	0.69896	219.393	661.019	2538.86	3296.47
cheryl	EH1	wednesday	15.935	196.82	748.43	1878.73	2802.06	0.89061	200.175	668.057	1884.94	2932.54
cheryl	N	wednesday	16.015	206.91	425.62	2167.02	2552.6	0.67436	198.3945	412.015	1831.3049999999998	2748.58
cheryl	Z	wednesday	16.07	224.52	298.62	1493.44	2474.31	0.27055	212.844	315.707	2179.54	3428.94
cheryl	EY2	wednesday	16.16	199.59	426.9	1430.87	2943.13	0.56712	208.243	575.6980000000001	2580.3950000000004	3475.19
cheryl	AE1	at	16.215	189.71	571.1	1804.11	2485.52	0.34505	192.45499999999998	567.139	1915.295	2542.81
cheryl	T	at	16.25		439.44	1281.74	2477.14	0.32367	376.4005	562.687	1884.34	2482.58
cheryl	N	train	16.61	207.73	351.49	1618.28	2909.06	0.44729	201.56349999999998	500.33	2562.81	3396.96
cheryl	EY1	station	16.795		378.21	1590.68	3040.9	0.16394	125.6666	397.772	2968.78	3576.58
cheryl	N	station	17.1	238.85	289.91	2026.57	3242.91	0.43991	237.047	561.0625	2136.245	3384.3999999999996
chris	AY1	right	0.79		615.59	1585.19	2030.95	0.2473	120.55	643.659	1560.77	2011.71
chris	AE1	and	1.125	156.96	664.37	1621.64	2345.6	0.83721	156.316	692.314	1594.06	2448.88
chris	N	and	1.335	160.35	495.43	1433.89	2034.43	0.62606	163.544	414.0455	1495.8000000000002	2419.615
chris	AH1	what	1.635	179.39	622.85	1280.86	2226.72	0.59693	185.8935	607.107	1268.68	2368.74
chris	AY1	i'm	1.755	177.23	759.6	1466.53	2121.3	0.44065	174.822	817.4815	1461.78	2352.6800000000003
chris	M	i'm	1.82	178.37	288.66	1157.26	2169.31	0.33267	178.26	1160.71	2108.17	3264.12
chris	AH0	about	1.8900000000000001	178.88	510.27	1199.62	2115.02	0.5079	179.75	498.3385	1239.185	2514.5
chris	B	about	2.025		197.33	917.84	2359.27	0.11827	165.72899999999998	1215.0	2454.23	3584.2250000000004
chris	T	about	2.3049999999999997		632.67	1163.99	2670.0	0.42761	291.754	528.917	1110.36	2555.99
chris	AH0	to	2.41	218.3	387.47	1629.16	2308.31	0.49016	229.354	373.0115	1673.8600000000001	2609.505
chris	EY1	say	2.695	150.3	431.76	2025.64	2482.29	0.38483	155.824	441.575	2045.315	2515.2
chris	IH1	is	2.92	130.41	380.39	2162.0	2628.57	0.34989	130.61	382.19500000000005	2131.9300000000003	2580.185
chris	Z	is	3.0700000000000003		364.13	1759.98	2572.38	0.34017	118.627	357.088	1764.81	2712.82
chris	EY1	a	3.23	122.31	381.98	2241.35	2498.21	0.54502	118.777	389.073	2197.455	2678.0950000000003
chris	M	massive	3.62	161.29	236.15	1375.23	2218.65	0.29702	152.491	268.6005	1485.955	2519.62
chris	AE1	massive	4.025	205.34	709.67	1627.72	2148.4	0.49337	208.0445	673.927	1598.77	2618.98
chris	IH0	massive	4.32	163.21	399.3	1659.77	2428.69	0.45425	163.962	388.80150000000003	1649.195	2545.9300000000003
chris	V	massive	4.4	156.96	350.36	1557.5	2425.54	0.37118	151.8025	389.622	1508.165	2478.225
chris	OW1	over	4.49	132.86	442.25	891.49	2403.2	0.21618	136.506	459.923	987.091	2489.07
chris	V	over	4.585	113.01	625.92	1913.6	2855.87	0.64024	122.698	456.689	1525.93	2746.17
chris	M	simplification	4.865	111.24	257.48	1460.3	2253.78	0.35331	119.0395	235.035	1540.6	2617.56
chris	P	simplification	4.91		344.78	1559.22	2302.63	0.32806	106.49000000000001	303.71299999999997	1481.71	2747.17
chris	L	simplification	4.96	106.2	390.04	1041.66	2372.42	0.27024	106.93350000000001	394.344	1132.22	2643.31
chris	IH0	simplification	5.07	114.26	380.26	1460.19	2545.98	0.37465	108.87049999999999	355.03	1505.65	2858.255
chris	EY1	simplification	5.234999999999999	163.53	346.67	2149.94	2625.89	0.21826	165.704	348.582	2150.24	2607.085
chris	AH0	simplification	5.43	88.59	639.13	1580.66	2320.55	0.78957	232.227	486.006	1608.435	2617.5
chris	T	but	6.01	149.37	441.23	1483.7	1857.32	0.36919	148.183	437.577	1491.445	2516.91
chris	IH0	in	6.055	144.62	521.38	1575.44	2192.29	0.6744	146.784	505.26750000000004	1579.655	2554.2
chris	N	in	6.109999999999999	141.96	493.2	1495.62	2046.78	0.63564	141.924	495.662	1520.04	2537.35
chris	AH0	a	6.18	154.59	476.98	1681.7	2688.55	0.56485	153.1725	439.067	1664.8600000000001	2689.375
chris	EH1	sense	6.415		750.68	1631.93	2661.58	0.81614	280.618	632.524	1621.0900000000001	2575.645
chris	N	sense	6.55	159.88	240.37	1724.52	2436.99	0.30172	161.572	249.191	1610.21	2524.24
chris	UW1	human	6.93		455.68	1597.22	2364.57	0.60437	239.6035	412.8115	1693.26	2494.55
chris	M	human	6.975		371.15	1062.68	2342.18	0.44834	260.246	675.316	1712.27	2977.395
chris	AH0	human	7.02		501.27	1538.69	2222.65	0.56994	261.7675	518.629	1545.895	2385.13
chris	N	human	7.075	216.76	330.71	1202.85	2228.78	0.32878	228.648	337.949	1536.575	2314.255
chris	EY1	brains	7.295	178.75	491.96	1869.94	2306.05	0.48733	179.474	457.181	1914.395	2534.02
chris	N	brains	7.37	166.59	286.9	1786.81	2330.05	0.38507	169.73	361.85	1829.61	2518.89
chris	Z	brains	7.44	167.37	296.25	1529.91	2461.0	0.27504	167.873	944.0895	2166.7200000000003	3398.69
chris	AA1	are	7.575	134.39	557.98	1077.49	1712.87	0.21787	134.711	675.5515	1257.53	2186.27
chris	R	roughly	8.0		252.06	838.14	2845.14	0.0	193.877	260.006	1416.7649999999999	2600.295
chris	AH1	roughly	8.145		606.07	1162.09	1834.0	0.51532	252.3625	621.113	1179.53	1963.19
chris	F	roughly	8.225		766.97	1667.91	2676.15	0.45312	250.661	933.026	1791.02	3016.43
chris	L	roughly	8.3	236.06	379.53	1420.74	2706.75	0.35739	238.994	326.774	1647.72	2598.75
chris	IY0	roughly	8.36	218.14	318.32	2084.39	2396.88	0.28949	228.05	331.724	1974.14	2474.91
chris	AO1	thought	8.55	196.99	618.7	1174.53	2326.95	0.5424	198.109	665.327	1198.58	2534.215
chris	T	thought	8.64	197.75	435.01	1262.31	2438.71	0.31643	197.055	470.156	1449.96	2551.21
chris	AH0	of	8.725	195.0	462.77	1532.3	2624.39	0.39578	195.847	475.778	1538.27	2608.78
chris	V	of	8.825	179.83	444.63	1585.74	2740.91	0.44331	177.291	427.293	1574.37	2652.82
chris	EH1	as	8.92	166.65	503.29	1662.27	2610.54	0.20859	171.7755	478.763	1634.9	2639.42
chris	Z	as	9.004999999999999	162.68	418.0	1611.7	2528.76	0.34154	163.71699999999998	397.133	1719.62	2632.16
chris	AE1	having	9.145	156.1	697.4	1528.83	2226.06	0.44819	161.8865	725.248	1565.23	2355.48
chris	IH0	having	9.27	154.34	501.74	1688.88	2515.43	0.66025	156.77249999999998	494.384	1709.08	2654.7749999999996
chris	NG	having	9.325	137.29	463.91	1394.95	2361.05	0.63328	141.518	460.257	1703.42	2455.3
chris	AH0	a	9.465	111.63	655.79	1356.08	2266.4	0.7648	115.12	663.573	1375.58	2458.62
chris	AY1	highly	9.73	155.73	634.54	1651.68	2317.17	0.30584	157.829	648.4425	1642.97	2419.62
chris	L	highly	9.809999999999999	151.04	535.7	1631.32	2477.74	0.66811	151.575	502.19849999999997	1590.4850000000001	2504.62
chris	IY0	highly	9.875	147.17	306.22	1922.43	2342.37	0.21366	147.602	299.5435	1885.03	2385.09
chris	L	logical	9.96	124.83	383.8	1222.74	2321.54	0.30989	130.3475	392.1355	1554.915	2569.245
chris	AA1	logical	10.07	117.64	681.21	1187.32	2230.96	0.48618	119.0715	644.517	1131.32	2629.38
chris	AH0	logical	10.27	122.67	390.23	1132.34	2323.29	0.30982	159.4965	406.30150000000003	1314.5349999999999	2520.245
chris	P	part	10.375		805.08	1879.73	3036.51	0.70582	111.0043	536.176	1633.6799999999998	3259.16
chris	R	part	10.48	118.54	540.47	1339.98	1658.15	0.5545	119.87	576.6324999999999	1354.275	1710.0349999999999
chris	AH0	the	10.66	102.9	381.88	1384.36	2207.71	0.35339	117.975	416.425	1561.58	2606.9
chris	B	brain	10.719999999999999		448.34	1385.25	2942.27	0.48997	111.88319999999999	428.902	1586.55	2685.32
chris	EY1	brain	10.895	119.52	459.47	1977.53	2379.52	0.43733	117.493	458.7185	2022.42	2653.42
chris	N	brain	10.98	131.96	314.12	1403.31	2286.26	0.34576	130.075	337.0895	1801.93	2360.295
chris	DH	that	11.02	125.32	290.41	1581.39	2385.01	0.36758	127.4915	287.00800000000004	1529.365	2344.14
chris	AH0	that	11.059999999999999	107.39	436.22	1633.31	2404.77	0.10479	117.4575	417.2115	1607.225	2507.145
chris	T	that	11.120000000000001		417.18	1669.0	2463.04	0.39369	132.2245	446.009	1627.25	2530.505
chris	EY1	takes	11.26	112.74	343.23	2182.04	2725.24	0.21766	126.067	343.619	2058.53	2554.15
chris	AH0	a	11.45	98.64	504.15	1011.62	1986.29	0.45658	100.60245	501.68399999999997	1759.04	3652.85
chris	AO1	long	11.79	119.57	679.45	807.32	2095.79	0.50248	120.307	581.1179999999999	2475.9399999999996	3359.01
chris	NG	long	11.899999999999999	132.9	487.15	1063.38	2394.92	0.61452	131.165	867.643	2272.37	3432.16
chris	T	time	12.015		682.11	1728.34	2957.77	0.58465	121.982	887.404	2334.89	3608.47
chris	AY1	time	12.18	103.82	687.81	1545.32	2294.95	0.35217	105.5775	677.2375	1584.225	2568.215
chris	M	time	12.335	135.56	333.85	1294.49	2238.73	0.44155	127.9075	393.2835	1635.21	2445.31
chris	AE1	and	12.57	111.33	363.04	2041.52	2574.73	0.47148	106.6175	429.35	1961.305	2567.255
chris	N	and	12.780000000000001	101.24	386.25	1543.24	2232.65	0.48406	104.769	393.823	1562.94	2523.82
chris	D	and	12.835		446.8	1278.57	2100.2	0.47522	98.6571	296.25350000000003	1595.905	2517.55
chris	IH1	thinks	13.29	160.99	353.74	1973.33	2460.88	0.23672	162.79899999999998	345.549	1956.3600000000001	2528.05
chris	NG	thinks	13.34	145.53	383.61	1157.3	2316.94	0.45256	145.41199999999998	1297.9189999999999	2088.645	3262.425
chris	K	thinks	13.385	131.04	375.74	1725.77	2394.77	0.29246	135.9255	332.052	1890.78	2343.49
chris	V	very	13.510000000000002	129.64	251.85	1490.38	2383.21	0.28781	127.92	1507.81	2548.9	3515.46
chris	EH1	very	13.58	152.14	424.44	1374.89	1682.11	0.07326	144.1935	377.76800000000003	1490.1599999999999	3089.525
chris	R	very	13.649999999999999	177.74	376.05	1419.08	1624.16	0.31959	172.786	400.136	1471.67	2662.34
chris	IY0	very	13.735	194.23	380.27	1970.51	2229.13	0.49739	188.606	370.525	1887.9099999999999	2530.535
chris	K	carefully	13.84		551.21	1786.59	2803.98	0.40275	174.542	386.155	1888.03	2836.2
chris	F	carefully	14.09		470.2	1472.09	2663.68	0.25597	156.734	481.363	1561.56	2887.65
chris	AH0	carefully	14.14	166.18	415.85	1022.4	2960.0	0.32431	201.357	447.9635	1461.88	2734.4350000000004
chris	L	carefully	14.2	160.18	339.7	1180.31	2617.62	0.22683	160.24099999999999	369.2635	1552.4099999999999	2610.08
chris	IY0	carefully	14.344999999999999	147.81	306.81	2155.03	2529.03	0.26031	147.78449999999998	325.973	2156.33	2507.21
chris	AH0	about	14.51	136.76	637.2	1414.43	2294.13	0.74947	144.055	571.375	1496.8049999999998	2483.3500000000004
chris	B	about	14.605	113.95	279.51	1344.25	2285.24	0.30163	127.058	166.695	1450.47	2445.48
chris	T	about	14.915	76.93	391.79	1123.0	2397.37	0.25684	88.40414999999999	377.586	1552.545	2595.29
chris	EH1	whether	15.08	144.42	577.19	1415.69	2265.84	0.39563	143.528	568.643	1420.42	2332.86
chris	DH	whether	15.145	144.79	566.94	1418.74	2283.96	0.68339	144.6825	557.152	1482.55	2387.94
chris	ER0	whether	15.205	158.39	461.14	1391.73	1847.83	0.44976	162.087	487.056	1493.13	2369.93
chris	N	not	15.405	129.39	406.6	1573.03	2406.64	0.52106	130.168	322.926	1514.03	2458.16
chris	AA1	not	15.469999999999999	129.73	799.04	1393.78	1877.7	0.79441	129.512	736.638	1410.84	2314.81
chris	T	not	15.530000000000001	117.23	249.6	1255.53	2355.22	0.19042	125.05	480.861	1316.89	2310.56
chris	D	ideas	15.739999999999998		362.03	2215.69	2690.86	0.56784	116.226	323.15	1836.02	2546.7
chris	IY1	ideas	15.835	122.31	343.87	2245.48	2482.18	0.46801	123.235	324.0425	2125.535	2572.695
chris	AH0	ideas	15.920000000000002	112.83	433.0	1662.33	2411.92	0.49345	112.41300000000001	442.8185	1702.71	2569.81
chris	Z	ideas	16.005000000000003		476.6	1533.38	2743.42	0.35565	114.67	429.844	1609.31	2725.17
chris	AH0	consistent	16.275	129.81	387.88	1695.93	2275.98	0.43214	136.203	374.27	1697.92	2410.3
chris	N	consistent	16.34	121.01	311.55	1603.65	2386.38	0.3839	118.204	239.784	1600.41	2392.39
chris	IH1	consistent	16.505		475.86	1684.11	2515.89	0.46633	247.485	411.22	1625.43	2487.89
chris	AH0	consistent	16.744999999999997	205.87	472.07	1641.67	2575.04	0.54841	206.96	447.548	1626.5349999999999	2656.835
chris	N	consistent	16.83		418.58	1656.21	2534.19	0.5566	195.864	355.026	1616.57	2562.38
chris	D	and	17.005		267.9	1654.06	2581.73	0.34912	119.552	1531.91	2669.15	3644.38
chris	OW1	so	17.21	186.52	480.18	1147.02	2448.9	0.37557	189.817	498.179	1336.45	2491.15
chris	AO1	on	17.355	172.74	748.72	1055.36	2662.34	0.53525	173.966	654.518	1190.105	2556.48
chris	N	on	17.48	169.02	355.55	1341.63	2484.73	0.39541	169.06	301.955	1359.68	2468.3
chris	AE1	and	17.55		544.27	1829.92	2579.37	0.70058	123.88560000000001	409.788	1801.1950000000002	2526.9300000000003
chris	N	and	17.619999999999997	111.18	238.11	1681.46	2158.27	0.28928	116.943	240.642	1741.11	2322.9
chris	AY1	binds	17.805	112.73	656.4	1420.51	2168.44	0.24924	115.25649999999999	620.597	1368.84	2155.54
chris	N	binds	17.88	120.81	326.09	1535.66	2184.89	0.3916	121.5565	372.2525	1787.5700000000002	2430.3
chris	D	binds	17.924999999999997	114.46	279.11	1753.71	2217.06	0.38175	118.60050000000001	267.341	1751.0	2331.21
chris	M	them	18.095	105.73	252.31	1377.96	2409.97	0.3248	107.084	275.405	1502.585	2547.73
chris	T	to	18.155		384.6	1415.22	2580.54	0.31613	114.882	909.495	2167.215	3285.25
chris	IH1	symbols	18.385	187.79	512.32	1652.33	2693.65	0.54853	188.549	461.006	1628.15	2648.03
chris	M	symbols	18.445	171.11	248.98	1239.94	2380.61	0.28599	174.84949999999998	277.558	1414.79	2479.18
chris	EH1	etcetera	18.990000000000002	108.8	409.02	1506.52	2234.13	0.08417	109.92349999999999	392.462	1522.1100000000001	2351.595
chris	EH1	etcetera	19.185	157.4	633.01	1496.48	2159.06	0.53452	157.706	622.941	1489.6	2348.55
chris	AH0	etcetera	19.465	143.5	599.76	1345.26	2216.0	0.67693	144.33350000000002	662.854	1364.88	2342.38
chris	AY1	kind	20.22		899.41	1635.13	2396.43	0.74281	268.56600000000003	876.313	1674.045	2542.33
chris	N	kind	20.28		415.64	1660.29	2166.55	0.55302	276.776	502.5705	1727.16	2604.635
chris	V	of	20.39	230.29	448.35	1712.45	2690.64	0.4729	234.87	439.914	1687.17	2637.43
chris	L	slow	20.585	186.65	377.59	861.58	2250.66	0.20059	188.05	391.924	1553.74	2663.59
chris	OW1	slow	20.83	174.89	520.18	1025.38	2373.22	0.44128	175.134	559.185	1244.59	2622.86
chris	AE1	and	21.255		452.5	2025.06	2551.23	0.60424	133.948	422.849	1964.29	2557.03
chris	N	and	21.36	146.1	436.95	1670.2	2130.99	0.58728	145.963	387.914	1727.12	2509.47
chris	D	and	21.41	143.93	333.73	1498.0	2409.66	0.39193	144.3835	281.4815	1500.97	2462.91
chris	TH	thought	21.485		543.66	1386.66	2707.47	0.35506	143.0	1666.58	2796.02	4160.79
chris	AO1	thought	21.605	168.58	551.21	1030.45	2271.86	0.3843	171.164	594.3	1142.6	2521.67
chris	B	be	21.814999999999998	157.99	185.41	1868.28	2369.06	0.32005	154.994	140.35055	1667.33	2667.5950000000003
chris	IY0	be	21.89	147.07	295.27	2125.34	2631.27	0.35682	148.742	315.016	2079.84	2589.05
chris	R	relatively	22.0		469.1	1721.22	2206.78	0.5685	139.88	334.055	1599.9299999999998	2507.855
chris	L	relatively	22.115000000000002	190.69	476.49	1016.4	2208.89	0.40327	190.359	579.1025	1306.83	2408.27
chris	AH0	relatively	22.17	181.67	394.58	1228.62	2586.43	0.33795	185.42	416.682	1285.53	2644.27
chris	V	relatively	22.314999999999998	157.26	223.94	1560.26	2582.64	0.28312	164.866	239.08999999999997	1496.2350000000001	2676.39
chris	L	relatively	22.375	156.64	331.6	1200.9	2387.45	0.21937	156.685	328.5265	1488.27	2629.625
chris	IY0	relatively	22.43	131.19	324.49	2027.73	2516.43	0.30154	137.9015	319.6435	1962.845	2549.2200000000003
chris	N	new	22.509999999999998	144.22	411.11	1896.16	2422.53	0.59563	140.74099999999999	293.9275	1588.0	2432.4700000000003
chris	UW1	new	22.630000000000003	158.57	325.9	1465.44	2373.11	0.34416	158.7865	336.094	1620.37	2517.1899999999996
chris	IH0	in	22.72	138.5	467.25	1499.35	2227.55	0.55265	145.894	419.094	1512.53	2464.06
chris	B	brain	22.82	120.31	262.33	1550.74	2290.35	0.33	122.189	241.93900000000002	1556.155	2536.24
chris	R	brain	22.9	130.79	492.6	1373.89	1599.55	0.48975	134.433	503.262	1413.85	2528.78
chris	EY1	brain	22.975	140.31	461.77	1529.96	2115.52	0.34139	137.742	449.908	1951.215	3238.825
chris	L	development	23.245	104.1	542.96	1006.28	2195.0	0.5081	104.529	562.796	1094.06	2502.3
chris	AH0	development	23.43	106.12	578.54	1589.8	2577.56	0.6992	105.404	543.1085	1584.335	2643.7
chris	N	development	23.525	112.49	362.4	1491.89	2509.18	0.43727	112.309	305.887	1520.9	2527.06
chris	AE1	and	23.675	129.64	491.34	1863.12	2354.22	0.62729	129.519	525.101	1866.47	2491.18
chris	N	and	23.78	122.48	467.86	1570.57	2592.13	0.61308	122.4985	489.75300000000004	1635.945	2507.835
chris	D	and	23.825000000000003	126.03	396.16	1560.14	2387.57	0.47471	127.08949999999999	320.889	1572.38	2455.8
chris	IH1	is	23.895000000000003	120.61	400.49	1766.9	2581.66	0.30062	120.639	406.9885	1781.145	2632.415
chris	AH0	associated	24.035	118.5	403.68	1531.74	2505.54	0.41955	118.08	398.9545	1583.06	2794.8199999999997
chris	OW1	associated	24.185	149.43	425.66	1377.29	2316.09	0.30288	151.86	412.679	1466.41	2493.26
chris	EY2	associated	24.39	125.67	380.24	2002.75	2584.08	0.24457	129.248	377.05	1998.945	2621.27
chris	IH0	with	24.55	109.11	428.53	1383.57	2232.91	0.27395	106.256	444.822	1440.8600000000001	2544.925
chris	L	language	24.67	100.05	393.09	868.7	2170.31	0.22765	99.4208	436.173	1180.97	2490.82
chris	AE1	language	24.75	91.57	504.57	1715.67	2485.66	0.22537	93.7242	524.036	1604.67	2419.15
chris	AH0	language	24.915		487.11	1433.16	2092.27	0.52476	89.6919	456.101	1217.37	2258.0150000000003
chris	W	whereas	25.509999999999998		394.58	886.13	3107.06	0.40316	124.672	397.826	1276.24	2124.72
chris	R	whereas	25.655	124.01	505.84	1500.01	1786.14	0.55296	124.537	516.497	1596.98	2791.32
chris	AE1	whereas	25.725	121.03	572.63	1524.66	1972.61	0.26899	120.81	583.755	1553.47	2258.22
chris	IY1	we	25.97		450.83	1821.21	2370.56	0.58307	122.13	401.14549999999997	1920.665	2415.0600000000004
chris	AO1	also	26.125		495.62	819.24	2768.33	0.22015	383.5505	570.0545	2681.3549999999996	3378.105
chris	S	also	26.33		373.15	1599.18	3131.56	0.17897	323.7015	458.103	1656.1	3167.99
chris	OW0	also	26.42	173.15	355.53	1062.07	2221.01	0.11641	172.951	406.747	1303.52	2506.2650000000003
chris	HH	have	26.490000000000002	167.49	361.66	1654.96	2125.94	0.35001	165.803	387.432	1645.13	2588.52
chris	AE1	have	26.555	141.73	679.69	1461.68	2095.69	0.40411	146.988	627.2055	1519.685	2191.0150000000003
chris	DH	this	26.65	129.63	345.94	1415.35	2357.41	0.3997	134.351	370.132	1500.67	2472.665
chris	IH0	this	26.71	130.99	410.23	1511.31	2538.62	0.26069	130.892	396.827	1529.38	2687.41
chris	AH1	other	26.939999999999998		575.86	1163.21	2696.82	0.45804	315.818	565.879	1182.52	2705.28
chris	DH	other	27.009999999999998		426.81	1390.53	2481.26	0.49739	211.58695	477.288	1366.13	2617.56
chris	ER0	other	27.085	236.28	459.54	1430.76	1671.22	0.45976	240.291	483.542	1516.77	2661.39
chris	AY1	kind	27.295	153.63	702.2	1481.61	2096.33	0.35059	185.433	712.4625	1620.995	2299.035
chris	D	kind	27.4	130.55	329.04	1715.58	2550.95	0.43032	132.2815	306.21500000000003	1793.78	2665.795
chris	IH1	thinking	27.630000000000003	130.57	469.31	1859.3	2516.62	0.494	131.03449999999998	435.39599999999996	1873.85	2563.3
chris	NG	thinking	27.695	126.72	333.29	2102.29	2674.47	0.53351	126.818	327.801	2040.205	2702.6099999999997
chris	IH0	thinking	27.815	130.6	435.73	2187.08	2658.82	0.6375	132.69150000000002	419.655	2233.38	2569.8599999999997
chris	NG	thinking	27.925	124.06	392.52	996.48	2386.93	0.43938	123.824	354.655	1635.77	2447.85
chris	DH	that	28.035		212.95	1643.74	2569.46	0.28306	118.117	282.1675	1706.365	2428.295
chris	AE1	that	28.2	112.24	741.3	1538.81	2362.1	0.51362	116.068	628.632	1568.52	2400.61
chris	T	that	28.36		562.2	1513.27	2450.12	0.45692	118.883	510.91	1562.23	2589.31
chris	IH1	in	28.45	146.83	446.78	1822.67	2531.29	0.58152	147.133	425.052	1843.13	2601.775
chris	DH	the	28.54	130.15	452.08	1519.9	2220.06	0.5601	133.0365	362.95349999999996	1537.98	2401.5299999999997
chris	AH0	the	28.585	124.86	484.01	1531.29	1901.62	0.54196	127.279	493.052	1592.52	2391.82
chris	B	brain	28.64	107.39	395.86	1599.58	2447.7	0.48265	113.342	312.541	1558.72	2494.56
chris	EY1	brain	28.805	122.89	476.99	1784.78	2264.2	0.43382	122.71100000000001	472.707	1800.51	2524.71
chris	N	brain	28.87	121.39	309.12	1600.24	2277.29	0.37951	122.29150000000001	314.1395	1584.475	2413.875
chris	DH	that's	28.915	121.4	426.85	1539.38	2437.79	0.53238	120.571	367.092	1568.495	2438.1000000000004
chris	AE1	that's	28.97	113.3	545.22	1563.01	2402.74	0.24062	114.342	525.074	1578.68	2431.55
chris	T	that's	29.035		521.05	1536.17	2397.04	0.43431	196.71550000000002	491.127	1602.63	2644.605
chris	M	more	29.195	143.23	277.02	1015.06	2283.6	0.27892	144.102	276.994	1200.84	2413.04
chris	AO1	more	29.285	144.96	517.54	1207.28	1865.42	0.39663	144.163	499.925	1540.99	2626.84
chris	N	intuition	29.44	141.72	429.66	1775.39	2679.84	0.59833	140.0375	324.64549999999997	1783.145	2810.065
chris	T	intuition	29.495		415.81	1939.05	3047.67	0.45203	131.04749999999999	412.477	1823.31	2961.785
chris	UW0	intuition	29.595	146.49	319.89	948.26	2479.63	0.0	160.16500000000002	338.753	1253.86	2562.26
chris	IH1	intuition	29.689999999999998	181.17	397.53	1789.73	2371.73	0.29901	180.111	370.614	1814.48	2387.65
chris	B	based	29.950000000000003		265.71	1457.76	2531.79	0.31261	113.537	1443.81	2563.9	3618.81
chris	EY1	based	30.060000000000002	103.95	399.92	1940.87	2528.2	0.2928	107.28999999999999	406.52549999999997	1905.74	2518.605
chris	D	kind	30.509999999999998	140.98	406.05	1592.08	2408.59	0.49226	133.6455	403.9105	1681.495	2442.6000000000004
chris	AH0	of	30.560000000000002	137.4	519.45	1527.85	2320.83	0.50228	138.126	520.122	1585.14	2446.35
chris	V	of	30.630000000000003	127.71	439.64	1479.58	2578.52	0.4172	130.3125	315.3135	1565.2649999999999	2744.555
chris	IY0	the	30.84	116.54	337.47	2275.88	2735.61	0.48484	116.646	343.292	2196.82	2629.95
chris	IH1	thinking	31.295	180.98	385.17	2140.92	2726.89	0.35643	186.314	378.6655	2069.43	2764.84
chris	IH0	thinking	31.435	182.29	360.73	2251.63	2616.43	0.50498	181.483	342.7235	2421.94	3267.2650000000003
chris	NG	thinking	31.505	150.02	292.8	1274.9	2503.53	0.31677	154.90699999999998	323.699	2482.51	3767.63
chris	IH0	with	31.604999999999997	140.75	414.91	1490.94	2307.87	0.26716	138.5205	409.942	1436.36	2501.71
chris	TH	with	31.665	83.81	414.3	1688.44	2666.0	0.55129	115.04485	407.813	1708.12	2597.85
chris	AH1	gut	32.155	138.1	655.06	1435.11	2358.59	0.72284	137.447	600.4095	1513.3249999999998	2500.6549999999997
chris	T	gut	32.33		473.64	1739.31	2607.62	0.44704	213.067	601.349	1694.81	2647.94
chris	AY1	type	32.730000000000004	109.99	508.28	1838.9	2367.37	0.16986	115.30199999999999	567.848	1704.33	2500.55
chris	AH0	approach	32.955		493.05	1221.81	2164.62	0.4866	123.1308	487.2395	1339.9	2335.2799999999997
chris	OW1	approach	33.28	121.46	431.48	1405.65	2106.25	0.32447	112.319	467.977	1419.875	2277.605
chris	AE1	and	34.05	135.03	528.0	1914.58	2295.76	0.69469	135.6455	609.256	1822.54	2414.98
chris	N	and	34.230000000000004	138.19	413.73	1433.69	2255.92	0.50261	139.966	495.01	1510.55	2334.66
chris	D	and	34.285	144.87	359.34	1541.95	2436.06	0.42959	144.267	270.633	1518.73	2419.31
chris	DH	that's	34.33	177.83	384.92	1628.81	2482.74	0.49969	143.8635	343.4975	1667.8200000000002	2555.925
chris	AE1	that's	34.394999999999996	208.48	678.56	1620.6	2474.04	0.447	205.0605	651.5235	1662.795	2583.52
chris	AH0	been	34.595	211.68	518.13	1486.56	2253.29	0.52138	216.594	517.0385	1455.3449999999998	2343.645
chris	ER0	around	34.739999999999995	162.77	543.62	1062.29	1639.44	0.50812	165.77	634.791	1386.4	2012.33
chris	N	around	34.94	149.25	363.17	1320.93	2262.18	0.40258	149.13	337.849	1386.58	2433.38
chris	IH1	in	35.175	131.96	470.27	2084.79	2618.91	0.68311	133.55	454.73199999999997	1969.335	2538.795
chris	N	in	35.405	140.19	420.63	1388.27	2014.82	0.50351	132.062	507.122	1437.96	2295.58
chris	T	sorts	35.785	167.36	257.35	1503.99	2564.34	0.25014	167.697	272.01	1521.66	2571.65
chris	AE1	animals	35.975	157.78	488.15	1930.3	2305.77	0.26202	162.3235	471.952	1863.42	2358.96
chris	N	animals	36.05	142.76	626.21	1425.34	2129.75	0.82182	142.9715	608.141	1470.8400000000001	2141.305
chris	L	animals	36.185	131.36	404.22	1033.83	2693.0	0.29104	134.3385	448.994	930.213	2560.01
chris	L	really	36.58	167.05	387.55	1322.6	2431.76	0.3434	174.619	391.304	1374.58	2619.9
chris	L	long	36.68	137.24	343.53	1217.31	2362.43	0.24319	136.677	390.64250000000004	1480.375	2553.14
chris	AO1	long	36.754999999999995	121.67	677.69	995.96	1985.53	0.56891	125.412	860.269	2256.825	3342.225
chris	NG	long	36.835	123.88	382.57	1055.8	2472.04	0.43276	119.333	316.29150000000004	1075.205	2460.42
chris	AY1	time	37.14		757.01	1461.48	1985.97	0.43427	204.60750000000002	737.742	1480.78	2513.04
chris	M	time	37.325	118.06	284.64	1589.65	2387.83	0.43003	119.1215	335.668	1683.13	2517.27
chris	D	and	37.765	140.32	268.98	2158.47	2777.48	0.45157	140.5075	335.103	2080.78	2583.09
chris	M	seems	37.93	170.49	291.39	1642.02	2394.4	0.45396	178.393	243.43099999999998	1700.495	2456.8599999999997
chris	W	work	38.14	150.4	435.04	1318.12	1861.15	0.57196	155.40699999999998	370.8065	1400.6100000000001	2555.93
chris	K	work	38.34		498.39	1334.21	2322.26	0.26136	416.068	460.311	1226.61	2896.72
chris	IH1	really	38.540000000000006	211.25	417.07	1566.91	2394.53	0.29155	215.848	373.84299999999996	1599.4850000000001	2383.765
chris	L	really	38.595	183.11	361.4	1317.49	2535.23	0.29965	190.275	376.05999999999995	1385.315	2628.005
chris	IY0	really	38.66	166.16	327.34	2071.73	2503.03	0.3205	166.818	332.611	1796.5	2660.31
chris	K	quickly	38.739999999999995		429.22	1307.82	2286.09	0.21729	162.794	401.826	1480.23	2452.82
chris	IH1	quickly	38.86		430.43	1753.77	2325.75	0.37139	254.56799999999998	438.212	1752.81	2432.73
chris	K	quickly	38.925		395.46	1625.01	2357.34	0.27804	212.865	421.932	1606.12	2343.37
chris	IY0	quickly	39.019999999999996	160.48	299.77	2177.71	2551.84	0.23853	179.89	318.287	2043.39	2452.8
chris	AY1	by	39.175	120.71	623.21	1527.51	2100.44	0.2368	122.001	619.799	1535.475	2345.9750000000004
chris	P	comparison	39.405		391.7	1577.05	2309.9	0.36365	117.20949999999999	553.8825	1917.1799999999998	2765.855
chris	EH1	comparison	39.47	170.14	438.76	1531.76	1764.4	0.15248	162.437	392.6485	1640.49	2685.02
chris	R	comparison	39.535	130.24	491.83	1428.14	1638.11	0.50666	147.614	494.15250000000003	1490.0749999999998	1962.6599999999999
chris	AH0	comparison	39.605000000000004	113.3	409.75	1573.05	2263.11	0.43804	113.341	426.903	1578.29	2306.34
chuck	EY1	beige	1.24	128.39	307.62	1881.38	2640.62	0.0682	127.83	265.8225	1868.745	2671.3450000000003
chuck	UW1	hue	1.92	112.84	180.83	774.62	1886.99	0.0	115.00399999999999	372.15250000000003	2213.31	3567.105
chuck	AO1	on	2.23	113.5	470.56	1086.15	3098.11	0.07166	117.7715	857.6185	2428.26	3418.3050000000003
chuck	N	on	2.29	102.81	189.91	1191.42	2217.29	0.11369	109.123	663.91	1830.6999999999998	3088.75
chuck	DH	the	2.33	102.28	185.66	1228.78	2192.89	0.15075	102.9325	758.224	2000.645	3153.43
chuck	AH1	the	2.375	107.55	486.16	1078.65	3310.75	0.44412	105.5335	155.142	1050.97	3455.73
chuck	W	waters	2.45	99.07	174.96	880.84	3204.97	0.03076	102.484	347.241	1518.46	3291.66
chuck	AO1	waters	2.55	119.21	400.84	705.64	2458.83	0.03068	116.303	541.462	2478.75	3365.54
chuck	T	waters	2.625	119.63	369.61	1429.04	2642.29	0.3091	119.479	483.7865	2350.735	3453.505
chuck	V	of	2.885	114.54	192.67	1673.9	2767.27	0.28539	121.11699999999999	157.9505	1449.315	2522.615
chuck	DH	the	2.935	104.97	721.3	1487.05	2501.17	0.89702	111.691	1460.72	2567.88	3606.87
chuck	AH1	the	3.0	121.9	462.52	2322.84	3495.48	0.68604	118.384	303.6635	1509.625	2649.51
chuck	L	loch	3.0949999999999998	105.64	172.06	1011.29	2805.92	0.0	113.745	182.218	1602.14	2556.22
chuck	AA1	loch	3.25	105.33	518.34	952.94	2608.16	0.0861	105.862	336.9855	895.2885	2689.7650000000003
chuck	K	loch	3.42		457.1	1266.36	2776.6	0.22207	98.7255	1031.78	2647.42	3517.07
chuck	M	impressed	3.685	107.56	156.67	1361.62	2089.93	0.16037	113.562	1539.625	2617.6800000000003	3650.4750000000004
chuck	P	impressed	3.75		679.07	1587.68	2346.83	0.56219	105.529	205.269	1695.415	2815.325
chuck	R	impressed	3.815	110.23	136.63	1478.14	1954.46	0.0	312.5296	1449.58	2451.86	3491.27
chuck	EH1	impressed	3.895	104.63	446.64	1299.58	2371.82	0.0941	107.4585	340.372	1301.38	2541.03
chuck	S	impressed	4.0		1304.93	2245.89	3559.89	0.69394	102.9285	1161.48	2538.88	3894.75
chuck	AO1	all	4.3100000000000005	104.26	499.82	832.65	2540.42	0.23162	105.165	641.897	2676.74	3360.13
chuck	L	all	4.565		561.25	997.51	2932.36	0.53531	104.919	588.0585	1570.1599999999999	2670.615
chuck	N	including	5.54	114.2	212.49	1397.54	2077.77	0.19102	118.775	170.038	2204.16	3177.52
chuck	K	including	5.65		786.34	1521.24	3483.47	0.46409	109.191	578.537	1725.535	3451.125
chuck	UW1	including	5.795	118.19	262.75	1010.98	2167.83	0.13056	122.961	163.737	1689.29	2513.92
chuck	D	including	5.855	107.86	1325.74	2617.76	2931.92	1.0	115.417	183.529	1815.9	2721.82
chuck	IH0	including	5.9	118.96	236.27	2063.18	2936.36	0.22212	114.999	1064.3645	2402.0550000000003	2932.9449999999997
chuck	DH	the	5.975	109.16	160.99	1746.25	2915.69	0.24061	108.9645	1444.93	2513.97	3629.73
chuck	AH0	the	6.05		1200.64	2200.66	3006.72	1.0	112.5255	1360.61	2422.24	3557.71
chuck	EH1	french	6.25	110.44	485.74	1381.05	2452.94	0.19936	113.8125	433.1865	1424.2649999999999	2496.88
chuck	N	french	6.345000000000001	113.64	172.28	1715.64	1954.17	0.197	111.304	958.15	2103.065	3133.365
chuck	W	queen	6.7	123.26	178.59	1071.59	2124.05	0.08124	82.1212	964.913	2325.98	3593.18
chuck	IY1	queen	6.87	109.38	238.16	2298.15	2990.79	0.28527	108.057	194.192	1803.035	2644.3
chuck	N	queen	7.105	106.31	171.53	768.63	2494.29	0.0	106.424	152.05200000000002	1607.445	2600.625
chuck	AO1	before	7.56	116.36	375.11	743.09	2243.9	0.00429	100.595	278.651	2283.44	3435.24
chuck	HH	heard	7.859999999999999	105.5	1284.49	2097.95	3092.62	1.0	109.215	276.633	2027.46	2755.74
chuck	ER1	heard	7.99	116.39	441.21	1616.14	3165.36	0.35129	116.459	342.01300000000003	1631.65	3038.785
chuck	D	heard	8.100000000000001	107.33	183.6	1775.18	2702.94	0.2785	110.505	289.888	1615.35	2675.13
chuck	DH	that	8.155000000000001	109.97	1062.34	2265.61	3199.02	1.0	104.42150000000001	1558.07	2624.45	3610.72
chuck	AE1	that	8.265	109.04	697.91	2505.5	3372.11	0.72237	109.615	388.8635	1157.895	2531.1099999999997
chuck	T	that	8.395		375.12	2044.91	3466.48	0.44793	264.2973	499.395	1605.12	2617.24
chuck	M	symphony	8.615	123.38	182.82	2109.25	3343.75	0.38424	124.99549999999999	1555.44	2577.63	3639.21
chuck	F	symphony	8.695		1199.38	2347.51	3383.7	0.82637	120.7195	1484.21	2574.21	3614.13
chuck	AH0	symphony	8.765	128.32	215.67	1763.74	2533.91	0.18467	93.55765	895.7605	2105.715	3062.3599999999997
chuck	N	symphony	8.809999999999999	125.03	172.84	1727.59	2922.18	0.20036	123.305	790.3325	2159.855	3103.605
chuck	IY0	symphony	8.92	125.38	199.64	2575.15	3314.91	0.0	124.837	1579.05	2657.1	3604.2
chuck	AH0	again	9.035	120.69	201.5	1726.43	2315.87	0.15472	122.3905	1557.03	2505.79	3611.26
chuck	G	again	9.120000000000001		298.61	1926.83	2893.3	0.42584	115.7055	1383.435	2642.375	3695.325
chuck	EH1	again	9.265	105.76	459.63	1663.02	2509.0	0.23676	105.822	338.764	1632.6799999999998	2441.0699999999997
chuck	N	again	9.48	102.64	175.21	1456.4	2547.17	0.14705	102.341	147.75	1577.84	2544.91
chuck	AH1	just	9.995000000000001	119.38	419.75	1285.42	2356.23	0.21058	119.14	378.538	1625.88	2608.56
chuck	Z	as	10.33	109.62	1216.97	2728.55	3699.44	0.86614	119.027	1599.1	2713.51	3781.0
chuck	AH1	young	10.455	115.63	417.99	1281.55	1946.64	0.20562	118.69550000000001	286.536	1764.74	2704.26
chuck	NG	young	10.559999999999999	110.85	224.11	1584.69	3197.43	0.25326	113.33099999999999	915.8435	2093.915	3136.73
chuck	AA1	arthur	10.665	112.6	333.81	765.77	2310.3	0.0	112.072	602.37	2259.125	3420.455
chuck	R	arthur	10.755	112.37	223.72	1671.76	2906.02	0.16192	113.44999999999999	149.828	2037.42	3255.22
chuck	TH	arthur	10.84		490.71	1807.78	2815.21	0.42622	117.652	908.319	2158.8900000000003	3197.8
chuck	ER0	arthur	10.940000000000001	108.56	249.71	1080.16	1809.75	0.0	112.2685	150.914	1636.37	2588.34
chuck	W	wanted	11.055		889.04	2359.27	3227.25	1.0	97.4077	991.024	2399.9	3555.48
chuck	AA1	wanted	11.135	108.11	334.16	921.12	2317.9	0.00571	115.1915	959.139	2556.74	3530.6
chuck	N	wanted	11.21	105.68	199.36	1643.03	2435.82	0.22268	106.152	157.514	1450.82	2510.88
chuck	T	wanted	11.325		432.29	2411.79	3233.4	0.56682	103.896	571.2085	2230.135	2951.085
chuck	AH0	wanted	11.435	127.02	223.33	1591.25	2500.09	0.09646	127.067	189.213	1617.83	2565.36
chuck	D	wanted	11.555		274.32	1841.48	2609.16	0.39396	122.3325	318.893	2171.61	2869.69
david	D	would	0.5449999999999999		682.16	1601.35	2961.24	0.80505	119.417	359.452	1418.04	2686.35
david	AY1	i	0.6599999999999999	80.87	568.86	1422.41	2252.95	0.10339	83.27025	560.7085	1472.54	2608.235
david	W	were	0.8300000000000001	88.48	440.51	929.87	2332.84	0.49095	82.5007	419.571	1635.1	2606.97
david	ER1	were	1.145		536.53	1331.61	2408.78	0.45893	114.57650000000001	559.1334999999999	1500.855	2671.2650000000003
david	M	madness	1.595	94.94	200.76	1525.62	2220.4	0.27385	97.11789999999999	217.31400000000002	1541.1599999999999	2384.505
david	AE1	madness	1.725	124.62	560.51	1530.58	2362.56	0.25336	122.8745	558.492	1504.83	2305.8
david	D	madness	1.8250000000000002	103.08	553.08	1479.01	2498.3	0.63514	105.148	411.69	1538.02	2495.05
david	N	madness	1.915	93.01	234.84	1587.85	2500.69	0.26471	103.521	217.9835	1490.05	2574.865
david	AH0	madness	2.0149999999999997	86.69	441.38	1496.04	2976.45	0.46908	88.2562	402.93100000000004	1507.92	2903.315
david	ER0	were	2.3	92.77	374.63	1316.46	2010.0	0.11689	91.98769999999999	397.74649999999997	1618.275	2566.98
david	IY1	easy	2.4299999999999997	127.24	261.39	2184.87	3142.79	0.30629	121.5135	287.858	2163.18	2928.6
david	T	to	2.715		676.31	1889.16	3386.4	0.61603	83.4056	411.2875	2246.17	3507.8599999999997
david	B	bear	2.87		317.25	1507.31	2382.86	0.37846	78.5227	214.7755	1604.955	2607.28
david	EH1	bear	3.0300000000000002	81.99	564.9	1614.32	2428.63	0.43433	93.44005	558.231	1684.9850000000001	2603.35
david	R	bear	3.175	80.49	565.25	1774.61	2360.9	0.7392	318.39185	566.127	1729.9650000000001	2668.66
david	K	compared	3.245		581.68	1828.71	2257.22	0.42977	545.614	533.099	1857.44	2566.44
david	M	compared	3.395	82.06	240.43	1484.09	2284.51	0.33042	84.5206	231.85899999999998	1896.8400000000001	2403.9449999999997
david	P	compared	3.4850000000000003		565.54	1615.24	2308.1	0.49	82.434	558.889	2246.97	3425.99
david	EH1	compared	3.615	82.23	556.42	1732.47	2371.7	0.45498	87.03105	539.935	1769.0	2590.9399999999996
david	R	compared	3.71	79.37	466.38	1708.09	2494.54	0.55979	78.74465000000001	484.47	1835.375	2813.92
david	IH0	with	3.86		341.13	1670.77	2379.52	0.1297	77.8596	858.3534999999999	1994.15	2880.6800000000003
david	TH	with	3.925		657.8	1802.22	2808.02	0.88968	77.34219999999999	327.029	1814.99	3074.0
david	UW1	truth	4.234999999999999	76.29	319.76	1506.38	2285.87	0.34237	86.95769999999999	284.693	1770.21	2399.95
david	IH1	this	4.78	87.6	437.37	1818.38	2555.59	0.40475	91.0518	424.949	1868.66	2752.33
david	OW1	oh	5.7	94.81	524.46	1023.36	2348.46	0.4512	96.5555	514.6185	1149.26	2766.0550000000003
david	M	my	5.87	95.1	268.62	1949.22	2850.25	0.48971	98.7253	317.452	1446.345	2846.4449999999997
david	AY1	my	5.965	87.43	611.52	1479.42	2330.33	0.19783	93.6584	597.489	1339.7	2552.78
david	EH1	friend	6.27	96.76	556.11	1678.1	2465.24	0.43695	102.01325	543.078	1621.38	2496.745
david	N	friend	6.42	83.77	246.45	1605.75	2636.08	0.28599	89.9461	250.726	1673.11	2636.89
david	D	friend	6.5600000000000005		1531.13	1667.78	2942.25	1.0	79.5404	220.398	1595.75	2661.41
david	AY1	why	7.199999999999999	131.58	542.31	1637.86	2573.28	0.14579	129.917	506.797	1448.82	2876.15
david	TH	think	7.369999999999999		779.71	1890.02	2735.35	0.64173	109.5155	1784.65	2576.765	3648.74
david	NG	think	7.529999999999999	83.35	302.5	2118.82	2373.2	0.48332	83.7852	280.481	1777.18	2541.24
david	K	think	7.645		1127.79	2239.59	2886.09	0.82824	237.408	993.439	2382.92	2959.8
david	UW1	you	7.924999999999999	76.5	273.19	1610.24	2277.44	0.28267	78.4956	339.58500000000004	2097.76	3319.1499999999996
david	AY1	i	8.395	85.28	577.04	1498.67	2408.19	0.14784	85.6836	563.986	1615.8400000000001	2826.16
david	G	go	8.505	81.53	249.5	2036.87	2216.35	0.40331	84.4329	304.814	1937.43	2708.94
david	OW1	go	8.615	85.82	441.29	1505.8	2472.79	0.37463	87.0529	445.898	1651.145	2773.04
david	OW1	so	8.9	87.0	380.33	1365.57	2194.26	0.18923	94.27019999999999	414.104	1719.14	2614.89
david	F	far	9.035		1433.95	2330.7	3178.13	0.94478	83.37495	1397.65	2282.3599999999997	3281.18
david	AA1	far	9.17	86.96	642.72	1149.75	2340.64	0.40071	91.8429	694.4929999999999	1299.755	3294.95
david	N	around	9.8	75.26	226.97	1499.07	2740.38	0.23419	77.2253	212.963	1502.91	2672.08
david	AY1	why	10.42	118.06	565.73	1531.57	2267.92	0.14216	120.246	573.113	1676.96	2910.57
david	EY1	take	10.715	94.76	369.34	2041.85	2664.25	0.24567	107.251	478.395	2079.065	3151.75
david	OW1	so	11.004999999999999	87.65	458.94	1408.62	2408.27	0.39223	91.9263	477.943	1497.24	2689.94
david	L	long	11.114999999999998	92.22	323.34	1270.72	2494.62	0.22519	88.8008	324.02	1433.205	2764.82
david	AO1	long	11.245000000000001	129.87	515.85	889.2	2517.62	0.27735	121.894	567.748	1471.36	2673.05
david	NG	long	11.385000000000002	82.73	372.4	2101.67	2786.51	0.60088	89.7878	324.05100000000004	1590.47	2776.15
david	T	to	11.515		635.33	1663.99	3066.61	0.53911	163.943	345.7075	1855.3899999999999	3012.52
david	T	tell	11.68		686.05	1889.49	3023.23	0.62265	89.3027	266.0775	1550.8649999999998	3063.865
david	OW1	so	12.145	85.55	397.79	1517.03	2305.17	0.27146	88.3166	468.214	1616.87	2845.85
david	M	simple	12.469999999999999	108.38	236.79	1470.38	2318.45	0.32101	110.7755	240.38799999999998	1783.77	2978.96
david	P	simple	12.545		1411.55	2377.09	3183.05	1.0	106.673	163.297	1643.77	2605.45
david	L	simple	12.66		329.08	1285.26	2632.96	0.23848	78.75785	425.8275	1436.0500000000002	2884.17
david	AH0	a	12.739999999999998		443.55	1425.15	2718.2	0.45655	79.7239	441.935	1397.12	2748.42
david	IH1	thing	12.94	90.18	471.85	1861.24	2774.1	0.50078	94.98625	467.37	1847.87	2919.71
david	NG	thing	13.11		324.02	1529.9	2770.43	0.41591	72.03305	268.8205	1699.125	2671.065
david	AO1	was	13.735	86.32	521.73	715.38	2877.42	0.0	85.4892	507.55049999999994	2656.535	3961.84
david	T	it	13.915	85.75	275.83	1729.68	2720.22	0.31208	94.1205	286.2195	1757.325	2648.615
david	IH0	because	14.030000000000001	87.86	341.3	2010.23	2302.26	0.4157	137.8013	1411.66	2368.89	3399.31
david	AH1	because	14.215	121.96	390.78	1455.2	2502.08	0.28985	125.4905	408.3215	1642.6399999999999	2642.67
david	AY1	i	14.43	89.36	623.09	1500.08	2425.22	0.22553	92.2278	601.8855	1546.815	2739.94
david	HH	hate	14.575		747.23	2043.1	2561.26	0.76493	370.69100000000003	617.315	1949.825	2617.2250000000004
david	EY1	hate	14.705	126.96	313.59	2248.96	3063.44	0.16498	122.09049999999999	393.452	2168.46	2854.15
david	UW1	you	15.055	131.99	386.58	1146.94	2213.76	0.38113	133.958	355.3165	2085.785	3483.375
david	AH0	and	15.14	95.59	495.01	1407.63	2354.81	0.53111	109.156	450.3605	1368.6950000000002	2373.01
david	D	and	15.219999999999999	89.56	231.36	1479.14	2511.03	0.27287	94.3147	237.85	1531.83	2629.49
david	HH	have	15.29		705.33	1749.97	2486.8	0.65031	90.2396	459.81600000000003	1641.535	2616.495
david	V	have	15.405000000000001		571.04	1709.02	2588.05	0.5582	94.82325	567.19	1502.3	2337.48
david	EY1	hated	15.59	102.93	301.74	2217.16	2798.65	0.13067	99.96665	344.042	2229.53	3129.54
david	T	hated	15.7		559.6	2065.83	3094.41	0.57641	103.114	345.881	2264.75	3176.69
david	D	hated	15.82	90.47	262.84	2585.0	3424.43	0.53026	100.7132	218.089	2137.31	2746.34
david	UW1	you	15.920000000000002	100.99	330.84	1163.2	2215.24	0.28559	101.3425	289.56500000000005	2185.695	2916.94
david	AO1	all	15.985000000000001	95.07	395.84	820.84	2677.79	0.06513	98.75975	419.072	2145.29	3485.23
david	M	my	16.15	92.16	226.37	1206.11	2496.2	0.2399	93.20755	216.529	1676.81	2672.4300000000003
david	AY1	my	16.259999999999998	90.95	560.24	1624.25	2497.98	0.17034	91.6158	557.747	1570.84	2842.22
david	L	life	16.375	87.61	371.56	1097.25	3182.81	0.2556	86.9373	297.846	1566.18	2903.335
david	AY1	life	16.505000000000003	130.32	554.65	1637.31	2666.36	0.16624	124.671	550.423	1415.19	2558.19
david	F	life	16.7		1561.86	2325.55	3151.8	1.0	152.624	767.1514999999999	2135.135	3079.515
david	Z	was	17.36		789.31	2505.45	3455.81	0.64232	94.36675	607.615	2157.54	3179.75
david	IH0	because	17.565	90.49	341.54	1888.79	2318.11	0.39033	89.0515	1508.07	2383.14	3634.48
david	AY1	i	17.835	89.07	561.78	1481.91	2486.2	0.11552	96.6769	558.398	1595.2150000000001	2990.5
david	IH1	wish	18.03	113.31	360.57	1701.53	2188.02	0.1855	114.003	352.121	1577.95	2664.57
david	IH1	give	18.425	96.79	297.48	2075.53	2662.99	0.12316	98.0592	1785.39	2801.58	3672.72
david	UW1	you	18.655	77.88	271.82	2029.98	2931.08	0.37376	79.7934	1207.6395	2707.885	3330.3450000000003
david	P	pain	18.775		715.92	1414.61	2313.01	0.55331	102.80539999999999	486.1385	1648.205	2866.86
david	EY1	pain	18.950000000000003	104.62	403.56	2358.01	3052.59	0.39546	102.9225	417.782	2136.59	2631.52
david	N	pain	19.17	150.68	217.2	1545.46	2618.45	0.22917	147.771	263.8185	1660.775	2648.9300000000003
david	Z	was	19.84		325.88	2192.35	3295.28	0.38893	138.5645	508.434	3280.52	3952.27
david	B	because	20.009999999999998	96.91	291.09	1428.3	2732.3	0.33289	75.7248	233.826	1584.44	2664.33
david	IH0	because	20.06	96.33	425.9	1502.23	2603.85	0.4726	97.1757	318.6	1522.095	2837.24
david	K	because	20.1		361.85	1716.15	3077.77	0.28253	143.50504999999998	412.2605	1556.56	2726.2250000000004
david	AY1	i	20.215	91.16	540.5	1442.97	2365.38	0.06417	95.9037	647.8455	1521.7199999999998	2517.275
david	W	wanted	20.305	101.33	327.33	751.69	2038.95	0.25825	92.129	421.487	1509.46	2541.36
david	AO1	wanted	20.39	123.16	431.38	701.98	3216.97	0.07697	113.646	469.885	1567.72	2554.57
david	N	wanted	20.450000000000003	129.42	287.21	2079.18	2827.87	0.44686	123.349	511.432	2335.92	3466.39
david	D	wanted	20.53	116.87	245.05	1954.96	2738.57	0.21622	129.1985	255.95600000000002	1598.52	2737.645
david	IH1	give	20.759999999999998		389.86	1828.43	2561.56	0.28976	77.06635	397.592	1904.24	2833.29
david	OW1	so	21.455	90.52	471.15	1446.73	2311.65	0.43199	299.14825	508.8275	1508.095	2819.955
david	L	late	21.595	91.79	366.3	2325.52	2880.66	0.58457	89.3222	370.88199999999995	1594.115	2790.465
david	EY1	late	21.78		372.15	2226.88	2761.7	0.29395	132.178	419.264	2166.93	2808.39
david	R	revenge	22.244999999999997	90.39	348.74	1147.54	2242.42	0.1854	89.87105	292.5565	1143.085	2371.775
david	IY0	revenge	22.314999999999998	89.92	349.31	1861.88	2323.61	0.36183	90.7233	372.5105	1575.045	2590.92
david	V	revenge	22.41	87.37	1051.31	2138.78	2789.81	0.9865	89.0988	327.373	2019.49	3382.03
david	EH1	revenge	22.560000000000002	128.64	495.66	1718.92	2271.63	0.32761	125.145	492.7425	1803.25	2549.34
david	N	revenge	22.755000000000003	80.69	237.5	790.65	2267.39	0.10153	82.7833	228.8755	1807.98	2506.8100000000004
david	DH	that	23.259999999999998	88.76	420.04	1576.28	2770.0	0.53232	83.49279999999999	627.261	2916.84	3899.74
david	AE1	that	23.345	84.29	653.61	1462.07	2301.48	0.36702	84.3653	623.563	1520.36	2545.17
david	AY1	time	23.65	83.01	603.57	1436.83	2416.7	0.16734	88.5269	648.266	1453.21	2559.05
david	M	time	23.78	82.62	223.47	1401.77	2256.9	0.28214	81.1687	452.1315	1895.22	3063.675
david	UW1	you	24.205	83.05	272.27	1861.27	2586.24	0.33697	89.65095	262.705	2182.13	3380.25
david	EY1	saved	24.46	92.66	393.89	2016.49	2839.93	0.29611	97.1077	497.70000000000005	1836.4	2787.2349999999997
david	V	saved	24.57	82.53	328.03	1954.8	2414.1	0.44012	87.0694	332.269	2118.76	2424.95
david	AY1	my	24.825		623.18	1458.58	2270.07	0.20895	74.8584	649.214	1583.98	3032.12
david	L	life	24.93	100.73	360.36	1086.49	3029.72	0.23449	93.394	337.34	1459.59	2711.77
david	AY1	life	25.075000000000003	85.3	618.21	1554.84	2298.44	0.23944	119.11	606.4259999999999	1354.85	2840.12
david	N	and	25.975	80.86	252.75	1508.81	2577.57	0.27518	78.6243	522.4205	1550.37	2553.6099999999997
david	D	and	26.04	78.57	1561.6	2074.3	3115.55	1.0	82.08260000000001	240.601	1589.555	2638.2349999999997
david	M	from	26.259999999999998	81.62	243.25	1144.19	2289.96	0.0	83.5302	531.6445	1912.97	3050.805
david	AH0	a	26.365000000000002		536.16	1597.69	2646.36	0.63633	86.2997	526.021	1508.78	2789.83
david	IH1	fearful	26.57	121.02	365.0	1977.14	2435.05	0.26551	126.672	384.454	1978.75	2565.41
david	R	fearful	26.665	77.95	492.51	1489.17	2340.14	0.52814	107.2245	452.041	1724.76	2614.83
david	L	fearful	26.86		425.28	1659.17	3155.23	0.49698	69.5851	514.703	3287.21	4411.37
david	D	death	26.95		485.38	1818.99	2505.23	0.62713	127.75120000000001	166.69	1580.63	2714.63
david	EH1	death	27.1		590.75	1775.16	2616.83	0.53817	113.057	583.3215	1741.6100000000001	2762.66
david	AA1	ah	27.955	92.21	539.21	1036.06	2943.87	0.16442	91.1136	577.984	1078.24	2829.78
david	N	no	28.23	82.74	262.78	1734.36	2514.88	0.33763	77.8305	305.5615	1277.47	2653.035
david	OW1	no	28.535	79.47	376.67	1359.52	2354.26	0.17873	91.6741	432.606	1497.1	2670.59
fern	AE1	that	0.5349999999999999	167.39	721.44	1607.84	2826.81	0.50461	171.586	657.932	1563.1550000000002	2803.58
fern	K	quick	0.815		884.43	1693.18	2444.57	0.56012	116.32	501.6485	1614.335	2629.69
fern	EY1	beige	0.9850000000000001	152.34	453.77	2219.16	2689.4	0.47894	154.51049999999998	437.628	2210.26	2745.75
fern	AA1	fox	1.335	144.28	679.89	1172.38	2632.05	0.47629	145.759	703.062	1268.3000000000002	2733.84
fern	K	fox	1.46		937.65	1511.11	2608.89	0.54359	139.4615	777.6765	1586.125	2666.96
fern	AH1	jumps	1.705	153.92	472.08	1536.91	2817.38	0.4155	155.3745	312.386	1500.79	2679.92
fern	M	jumps	1.75	166.83	261.85	1470.79	2544.11	0.36316	165.751	150.60635	1615.5	2629.525
fern	IH0	in	1.92	150.91	325.85	1838.92	2851.08	0.34911	150.442	274.5065	1782.695	2772.145
fern	N	in	1.96	151.0	286.58	1863.29	2877.9	0.40063	152.001	263.3245	1803.935	2742.3
fern	DH	the	2.01	160.85	262.52	2063.09	2882.88	0.44491	158.146	303.322	2015.25	2661.44
fern	IY0	the	2.0949999999999998	142.15	365.86	2432.05	2881.21	0.56304	144.115	405.679	2335.4049999999997	2780.015
fern	EH1	air	2.21	133.51	643.65	1759.81	2371.45	0.64037	134.8825	620.3705	1775.8200000000002	2426.915
fern	OW1	over	2.56	157.17	536.25	1358.24	2546.96	0.56761	146.041	427.855	1353.13	2611.83
fern	V	over	2.645	147.18	195.11	1374.29	2567.79	0.22331	152.97050000000002	381.224	1581.14	2582.22
fern	IY1	each	2.8	145.54	352.04	2335.11	2676.15	0.49975	145.44	382.986	2365.84	2797.92
fern	IH1	thin	3.115	161.54	440.34	1933.48	2926.33	0.44094	154.452	358.1425	1859.76	2995.5299999999997
fern	N	thin	3.215	140.98	279.87	1777.42	2708.3	0.37249	142.18	253.018	1642.835	2683.9849999999997
fern	D	dog	3.31	141.79	300.34	1789.79	2596.39	0.4129	149.793	467.4465	1746.08	2874.9
fern	AO1	dog	3.4699999999999998		682.84	1200.14	2699.26	0.65183	129.1805	625.6869999999999	1210.9099999999999	2730.025
fern	G	dog	3.6399999999999997		425.78	1721.35	2995.34	0.50017	100.946	609.276	1420.03	2750.17
fern	AY1	i	4.375	177.88	673.46	1719.41	2523.19	0.39834	176.155	648.9224999999999	1715.74	2585.51
fern	HH	he's	5.095000000000001	145.19	182.95	2285.09	2707.92	0.38212	150.235	189.1205	2376.75	3264.82
fern	IY1	he's	5.15	162.76	327.42	2290.78	2782.43	0.44654	155.176	286.044	2115.64	2766.79
fern	OY1	foiled	5.465	148.98	503.06	1185.02	2626.93	0.39952	151.81799999999998	487.339	1329.16	2731.31
fern	L	foiled	5.585	172.89	460.53	1231.5	2903.44	0.43654	169.3985	431.663	1472.85	2926.25
fern	UW1	you	5.79	152.24	364.99	1654.35	2553.2	0.45579	152.835	381.034	1711.64	2596.32
fern	AH0	again	5.845000000000001	155.41	402.33	1768.75	2512.12	0.47046	148.44799999999998	293.133	1829.63	2505.27
fern	G	again	5.92		391.56	2143.3	2463.36	0.55388	148.89749999999998	356.208	2144.36	2659.35
fern	EH1	again	6.025		658.24	1821.78	2663.0	0.68975	120.151	620.841	1819.08	2710.57
fern	N	again	6.21	162.84	211.67	1722.86	2651.1	0.25801	104.755	217.461	1590.48	2673.59
fern	IY0	creating	6.67	149.32	407.58	2351.64	2711.43	0.67148	148.854	405.273	2344.73	2729.73
fern	EY1	creating	6.74	149.71	439.86	2254.63	2787.54	0.45514	151.6585	357.008	2227.92	2775.605
fern	IH0	creating	6.82	150.27	308.6	2442.21	2753.03	0.44385	154.176	281.70500000000004	2129.51	2608.295
fern	NG	creating	6.885	158.64	274.84	1508.28	2455.46	0.32721	158.192	251.667	1524.35	2538.02
fern	K	chaos	6.994999999999999		621.26	2219.2	2636.68	0.54855	155.22500000000002	628.754	2239.77	2735.9449999999997
fern	EY1	chaos	7.105	162.68	657.01	1947.98	2531.48	0.88258	159.614	659.333	1899.06	2566.61
jenn	ER0	rearrange	0.595	180.2	466.9	1367.79	2338.05	0.45351	183.4835	454.196	1517.62	2532.39
jenn	EY1	rearrange	0.6950000000000001		568.52	2467.76	3059.37	0.79769	163.84500000000003	504.2585	2397.365	2916.085
jenn	AY1	wife's	1.105	164.16	706.99	1967.07	2962.43	0.55436	161.026	544.056	1530.2	2927.19
jenn	EH1	affection	1.4449999999999998		643.52	1983.06	2866.76	0.71158	144.194	579.412	1773.65	2770.22
jenn	K	affection	1.5150000000000001		315.39	2243.38	2695.98	0.38875	144.15300000000002	1359.13	2297.78	3692.51
jenn	N	affection	1.7850000000000001	168.35	265.48	1906.18	3394.96	0.37775	157.5815	406.043	1895.01	2994.8
jenn	EH1	when	2.325	151.94	606.61	1862.69	2970.22	0.59831	164.674	536.8644999999999	1402.255	2952.795
jenn	EY1	they	2.4699999999999998	131.1	470.81	2513.59	3226.62	0.5845	150.122	531.276	2420.09	3284.36
jenn	D	dislocate	2.54		400.58	2194.44	2915.03	0.60699	155.7015	223.9445	2184.865	3167.8149999999996
jenn	IH1	dislocate	2.6100000000000003	169.07	475.85	2026.06	3088.86	0.55197	178.15449999999998	404.644	2119.36	3123.64
jenn	S	dislocate	2.6950000000000003		669.03	2109.39	2884.26	0.38902	159.94549999999998	454.9685	2141.915	2912.395
jenn	OW0	dislocate	2.815	164.23	488.85	1518.36	3106.43	0.51691	168.5885	438.534	1474.66	3155.89
jenn	K	dislocate	2.9		653.58	2473.53	2783.97	0.62946	161.409	602.13	2707.6	3356.92
jenn	T	dislocate	3.0549999999999997		287.59	1679.11	2849.79	0.30888	285.93330000000003	322.399	1635.025	2731.3050000000003
jenn	AY1	my	3.16		437.15	1949.15	2719.3	0.09517	73.7351	368.73900000000003	1691.025	2641.2349999999997
jenn	B	brain	3.265		185.21	1955.47	2571.57	0.3395	147.746	980.2375000000001	2149.525	3095.875
jenn	EY1	brain	3.505		587.25	2669.24	3079.32	0.8861	126.482	469.41949999999997	2150.605	3089.885
jenn	M	amputate	4.365	171.14	253.74	1638.93	2673.35	0.39004	173.982	469.8195	2296.55	3161.21
jenn	P	amputate	4.42		713.26	2189.49	3067.16	0.70403	169.671	551.513	1725.02	2626.48
jenn	AH0	amputate	4.52	163.37	358.76	2460.56	3105.98	0.55858	172.2655	305.90200000000004	2569.0	3135.38
jenn	T	amputate	4.58		394.92	2361.9	3169.68	0.53078	157.9725	445.456	2139.83	3047.82
jenn	EY2	amputate	4.67	139.61	381.96	2610.8	3134.36	0.40331	147.8555	375.35699999999997	2533.94	3089.0
jenn	AY1	my	4.855	158.09	719.96	2264.36	3028.44	0.69597	151.436	413.485	1803.27	2713.09
jenn	F	freckled	4.93		714.37	1622.23	2966.91	0.41578	354.877	1867.0549999999998	2702.8599999999997	3871.105
jenn	EH1	freckled	5.025	157.9	720.93	1867.51	2535.35	0.83133	157.49099999999999	599.0899999999999	1729.1399999999999	2312.71
jenn	D	freckled	5.225		186.39	1030.33	2903.15	0.13216	170.686	190.77	1024.26	3193.96
jenn	M	bosom	5.665	173.06	194.73	1834.16	2384.96	0.338	181.805	211.139	1602.205	2635.24
jenn	EY1	make	6.234999999999999	168.65	416.96	2649.53	3305.33	0.49205	171.86599999999999	299.882	1673.555	2763.6099999999997
jenn	K	make	6.305		345.97	2101.27	2793.95	0.36991	157.102	1082.363	2298.425	3320.3050000000003
jenn	IY1	me	6.425	168.02	308.1	2849.68	3204.02	0.51653	168.335	224.336	1753.2	2939.05
jenn	B	bearded	6.525	151.74	190.6	1564.1	2895.69	0.25693	152.628	281.0945	1644.145	2779.965
jenn	IH1	bearded	6.625	163.26	368.78	2456.4	2914.98	0.39492	163.265	311.0625	2422.37	3299.43
jenn	D	bearded	6.765000000000001	169.14	240.46	2034.82	2938.16	0.39464	165.983	985.7405	2410.75	3018.075
jenn	AH0	bearded	6.845000000000001		579.0	2041.51	3087.81	0.80082	72.7817	504.69000000000005	2028.72	3107.7650000000003
jenn	D	bearded	6.955		368.61	1838.47	3056.86	0.49954	122.3269	257.237	1957.69	3078.72
jenn	AY1	like	7.2	156.32	763.74	1848.49	3178.6	0.6016	154.56	644.979	1627.92	3183.1
jenn	K	like	7.275		501.51	2364.45	2940.39	0.51983	151.18	448.553	2423.5	2944.4
jenn	AH0	a	7.35	135.58	654.1	1693.35	2989.76	0.83757	141.383	561.971	1747.21	2937.82
jenn	M	man	7.445		269.04	1772.57	2437.47	0.44788	112.87	248.1235	1732.0700000000002	2639.2250000000004
jenn	AE1	man	7.59		911.6	2201.05	2974.2	0.94203	105.92150000000001	666.677	2198.365	2807.545
jenn	N	man	7.79	172.98	269.43	1839.38	3062.62	0.36971	132.9322	220.9	1663.44	3066.45
jenn	L	blush	8.42	185.59	377.26	979.46	3314.52	0.23244	185.233	368.926	982.317	3224.56
jenn	AH1	blush	8.515	181.67	857.15	1680.96	3171.34	1.0	181.6295	656.2180000000001	1531.435	3236.2799999999997
jenn	AY1	my	8.835	175.63	696.32	2374.28	2979.74	0.70069	176.5235	466.894	2305.84	3021.72
jenn	S	spirit	8.935		936.28	2236.76	2806.71	0.52785	169.2975	762.9615	2295.765	3137.36
jenn	IH1	spirit	9.095	161.66	438.29	2421.73	2887.48	0.55818	165.428	390.6345	2268.59	2734.815
jenn	R	spirit	9.17	156.27	600.43	1857.64	2207.68	0.82287	157.699	570.45	1961.68	3860.98
jenn	IH0	spirit	9.245	152.5	593.08	2206.26	2850.91	0.85911	152.149	584.1835000000001	2054.67	2586.5649999999996
jenn	N	in	9.440000000000001	164.48	263.32	1839.57	2898.93	0.36051	165.195	347.11850000000004	1952.0349999999999	2914.79
jenn	DH	thy	9.495000000000001	173.18	477.41	2090.33	2634.34	0.72638	161.70499999999998	243.059	1616.46	2677.57
jenn	AY1	thy	9.585		808.96	1922.16	2895.13	0.70704	154.595	721.148	2053.85	2863.55
jenn	AE1	fastness	9.84	163.73	935.38	1723.85	2875.66	0.84234	165.012	835.957	1686.85	2863.04
jenn	S	fastness	9.95		914.69	2073.76	3045.73	0.49333	149.598	1780.33	3149.92	3963.93
jenn	T	fastness	10.05		1238.52	2514.66	3288.14	1.0	557.1189999999999	1579.26	3095.07	3821.69
jenn	AH0	fastness	10.21		686.07	1854.21	3087.81	0.92227	85.185	407.746	1691.23	2919.01
jenn	L	blush	10.91	168.33	454.5	1035.92	3235.3	0.37303	171.233	446.0865	1014.4114999999999	3151.725
jenn	AH1	blush	10.989999999999998	164.86	812.66	1783.76	3007.16	1.0	166.683	690.559	1593.54	3101.85
jenn	AY1	my	11.34		676.23	2237.64	2998.72	0.61195	158.07	449.94	1995.71	2930.67
jenn	EY1	clay	12.43		489.77	2483.34	3062.16	0.62105	82.13210000000001	652.22	2374.36	3308.99
jenn	IH1	years	13.5	187.14	514.6	2195.85	2599.65	0.69036	186.97250000000003	1528.108	2829.59	3401.3450000000003
jenn	R	years	13.555	182.85	607.0	1916.94	2415.98	0.85314	183.29500000000002	538.1155	1972.08	3136.0699999999997
jenn	Z	years	13.629999999999999		701.59	2130.57	3443.1	0.54637	175.9135	442.0095	1685.105	2952.05
jenn	V	of	13.735	171.64	669.13	2251.16	3014.91	0.74242	185.686	483.816	1689.78	3033.36
jenn	AO1	troth	14.02	173.56	804.46	1230.79	3031.27	1.0	172.452	771.325	1239.195	2988.11
jenn	TH	troth	14.129999999999999		730.95	1146.22	2420.68	0.42022	145.40825	723.837	1637.0	3325.46
jenn	AO1	taught	14.645	176.71	706.39	1215.1	2974.41	0.69404	175.507	594.796	1208.49	2888.77
jenn	T	taught	14.745000000000001		819.77	1460.68	3038.64	0.61837	159.806	1058.0	2419.63	3537.13
jenn	R	more	15.309999999999999	181.44	535.88	1517.24	2372.64	0.60647	182.5015	488.28200000000004	1476.0500000000002	2363.9
jenn	DH	than	15.370000000000001	171.05	218.75	1604.94	2975.35	0.28137	170.7515	392.24699999999996	1460.185	2943.73
jenn	AH0	than	15.41	171.97	549.91	1742.8	3034.79	0.29765	176.946	323.5765	1632.635	2790.955
jenn	N	than	15.465	168.29	399.38	1549.63	2885.9	0.50524	169.237	280.485	1643.95	2940.365
jenn	W	wifehood	15.545	171.72	216.34	1367.93	2933.23	0.21394	166.91	220.503	1409.72	2529.35
jenn	AY1	wifehood	15.65		634.23	2156.33	2944.49	0.50881	168.373	613.063	1569.57	2728.77
jenn	HH	wifehood	15.82		264.73	1700.37	2889.28	0.28532	324.21885	1737.185	2793.975	4045.745
jenn	EH1	every	16.145		669.03	2164.94	2909.52	0.82146	96.4827	508.40250000000003	2425.68	3504.17
jenn	V	every	16.245	172.14	1344.36	2171.12	3175.1	1.0	171.123	519.2555	1703.335	2657.87
jenn	IY0	every	16.36		336.75	2528.85	2883.92	0.44276	91.4257	295.599	2122.53	2448.8
jenn	M	may	16.425		245.93	1846.31	2775.29	0.42684	93.4718	226.77050000000003	1679.2350000000001	2609.51
jenn	EY1	may	16.6		652.12	2419.26	3053.23	0.97797	90.1422	456.4825	2039.3600000000001	2789.215
kristen	AH0	apothecary	0.45499999999999996	249.24	356.25	1669.65	2826.47	0.37804	267.856	893.0455000000001	2002.715	3358.31
kristen	AA1	apothecary	0.6599999999999999	165.86	946.07	1264.67	1993.99	0.98197	171.2295	961.8055	1900.3600000000001	3260.455
kristen	R	apothecary	1.04	75.77	606.78	1729.2	2254.62	0.79003	74.3656	548.31	1494.53	2183.62
kristen	IY0	apothecary	1.13	151.74	385.7	2178.84	2696.21	0.55736	97.2152	391.281	2142.385	2610.575
kristen	AH0	appeared	1.255	220.22	595.36	1650.52	2875.91	0.73843	280.52250000000004	484.339	1772.6950000000002	3170.42
kristen	IH1	appeared	1.4649999999999999	316.63	417.65	1963.52	2437.0	0.39234	315.309	407.897	2197.11	2847.39
kristen	R	appeared	1.52	283.13	383.03	1992.42	2586.28	0.52236	284.466	376.0955	2741.015	3986.21
kristen	D	appeared	1.57		407.37	1524.75	2210.93	0.48024	231.184	369.021	1904.78	2742.98
kristen	L	little	1.7	209.92	261.74	1442.09	2814.92	0.17253	217.106	200.06345000000002	1528.7350000000001	2678.135
kristen	L	little	1.84	183.63	363.83	1005.25	2497.96	0.2178	184.366	294.613	1360.27	2597.24
kristen	P	puzzled	1.935		563.07	1135.58	2667.64	0.39389	117.89	1156.95	2677.935	3757.08
kristen	AH1	puzzled	2.04	171.5	758.14	1248.09	3121.1	0.84188	162.29	659.9495	1161.125	3157.09
kristen	L	puzzled	2.23		550.7	1000.92	3180.56	0.51917	73.3388	463.101	993.7584999999999	2915.435
kristen	W	was	3.0149999999999997	257.81	410.93	1179.16	2548.91	0.49891	259.076	371.4135	1402.845	2866.84
kristen	AH0	was	3.075	261.96	382.31	1881.76	3021.76	0.32502	257.967	312.32	1799.53	3948.455
kristen	AE1	standing	3.3449999999999998	306.48	462.45	1181.59	2150.81	0.01573	301.9675	463.505	1283.24	2261.67
kristen	N	standing	3.415	324.6	327.26	1358.83	2515.69	0.35629	316.695	344.7795	1712.06	2663.9350000000004
kristen	NG	standing	3.53	297.35	331.03	2550.56	3357.16	0.60919	304.67100000000005	423.6365	1633.0900000000001	2697.42
kristen	B	before	3.605		358.73	2183.36	2897.1	0.57497	298.781	361.689	1839.31	2811.22
kristen	AO1	before	3.865	161.66	581.08	1001.25	2807.15	0.42017	173.0895	586.714	1001.34	2676.48
kristen	R	before	3.935		728.07	1453.93	2091.89	0.8908	144.343	591.89	1357.6799999999998	2111.715
kristen	HH	him	4.0200000000000005		698.91	1944.2	2358.0	0.699	125.041	718.164	2386.57	3231.92
kristen	IH1	him	4.1	147.89	720.38	2048.19	3003.02	1.0	118.25285	377.686	2035.33	3017.71
kristen	M	him	4.22		181.26	1807.87	2665.31	0.30906	136.947	249.609	1696.35	2687.07
kristen	IY1	he	4.76	220.95	247.75	2294.04	2757.4	0.30197	225.238	2188.72	2662.52	3583.94
kristen	IH1	fixed	4.955		622.04	2587.26	3190.13	1.0	369.633	547.319	2565.915	3209.165
kristen	Z	his	5.29		754.18	1958.35	2827.36	0.54353	262.841	565.401	2036.66	2958.53
kristen	AY1	eyes	5.48	192.73	359.35	1252.03	2012.35	0.0	172.8275	824.7909999999999	1651.925	3025.775
kristen	Z	eyes	5.675000000000001	154.33	1120.31	1867.16	2816.97	0.69224	161.692	455.29650000000004	1957.065	2974.245
kristen	N	on	5.795	152.77	276.84	1490.91	2909.15	0.30781	153.193	274.78700000000003	1565.31	2808.99
kristen	M	me	5.85	162.69	302.95	1626.44	2711.78	0.4696	162.65550000000002	292.9825	1381.12	2658.355
kristen	IY1	me	5.895	166.85	342.35	954.36	2797.49	0.22222	165.597	315.837	2121.94	2936.8450000000003
kristen	EH1	very	6.225	261.7	767.0	2118.35	2854.8	1.0	263.445	706.334	2106.23	2918.01
kristen	R	very	6.3100000000000005	250.06	603.83	1817.37	2509.51	0.81481	253.456	527.529	1884.12	2544.8
kristen	IY0	very	6.375	193.68	355.54	2448.27	2899.51	0.49702	197.729	338.082	2107.925	2737.0299999999997
kristen	IY0	steadily	6.995		327.33	2643.1	3069.63	0.42969	136.46550000000002	347.976	2860.26	3286.75
kristen	AY1	eyes	8.11	296.42	912.28	1713.48	3039.04	0.79595	293.937	1105.75	1803.22	3115.78
kristen	Z	eyes	8.24		1010.63	2563.0	3352.41	0.74934	281.147	673.553	1982.135	3366.76
kristen	ER0	were	8.365	241.47	283.08	1877.01	2753.0	0.10526	264.03	311.829	1927.51	2948.28
kristen	M	small	8.600000000000001	291.85	294.49	1401.9	2551.21	0.40135	293.126	305.89700000000005	1616.505	2634.205
kristen	AO1	small	8.745000000000001	255.67	805.78	1054.43	3495.99	0.79012	271.834	619.144	1057.98	3386.28
kristen	D	and	9.07	183.35	212.77	1232.12	2566.71	0.20235	178.955	211.006	1595.615	2658.07
kristen	G	grey	9.135		975.74	1574.41	2988.25	0.97073	159.82850000000002	501.84499999999997	1630.97	2765.275
kristen	EY1	grey	9.46		450.96	2564.41	2938.58	0.55058	158.677	514.6875	2417.44	3069.0550000000003
kristen	EH1	very	10.42	167.28	580.2	2027.78	2833.25	0.59769	173.337	487.221	1866.27	2666.78
kristen	R	very	10.489999999999998	154.21	524.46	1865.58	2435.57	0.70477	156.4855	398.601	1725.62	2566.03
kristen	IY0	very	10.565	145.6	410.51	2153.57	2524.01	0.64449	145.59050000000002	373.521	2036.27	3568.8
kristen	B	bright	10.649999999999999		448.84	1731.19	2519.8	0.56854	137.861	422.953	1629.98	2577.44
kristen	R	bright	10.739999999999998	144.72	406.43	1315.55	1972.81	0.33327	146.435	368.3895	1400.94	2378.71
kristen	AY1	bright	10.85	152.51	874.74	1867.63	2946.63	0.79524	145.493	899.836	1804.1100000000001	2896.2799999999997
kristen	T	bright	11.04		815.57	2255.57	2814.96	0.78996	128.18385	298.666	2351.3599999999997	4100.42
kristen	AY1	i	11.715	311.32	504.01	849.48	2332.64	0.0	315.004	541.7195	1711.29	2868.95
kristen	D	dare	11.825	294.61	440.52	902.95	2668.93	0.39277	261.668	396.992	2408.42	3348.2
kristen	EH1	dare	11.93	267.42	568.6	908.84	2619.03	0.21595	273.5365	605.384	1891.3999999999999	3083.25
kristen	R	dare	12.004999999999999	208.05	575.82	2005.64	2569.53	0.83323	211.9665	466.974	2065.35	2956.63
kristen	EY1	say	12.215	179.01	547.33	2405.63	3123.79	0.73516	178.145	543.9595	2357.855	3310.835
kristen	AY1	i	12.305	148.73	785.62	2016.47	2741.56	0.70599	151.204	756.165	2145.21	3133.06
kristen	D	should	12.54		311.46	2021.76	3114.24	0.47197	159.734	1983.03	3087.99	4303.33
kristen	NG	think	12.71	190.3	247.88	845.13	2798.07	0.16298	190.418	282.451	1626.17	2704.35
kristen	M	them	12.885	146.11	282.06	1492.11	2587.86	0.40222	148.6215	263.567	1559.36	2640.68
kristen	R	shrewd	13.17	202.58	351.54	1407.83	2091.39	0.27686	200.026	336.4805	1401.9	2186.8599999999997
kristen	UW1	shrewd	13.27	179.71	349.33	1476.42	2519.78	0.38829	181.199	360.718	1582.25	2613.7
kristen	D	shrewd	13.375	152.32	326.84	1789.37	2804.24	0.44265	150.346	284.5585	1629.955	2641.88
kristen	N	now	13.445	149.36	294.95	1908.83	2752.82	0.42282	147.53300000000002	268.73	1782.52	2531.14
leonard	DH	the	0.74		337.77	1537.03	3363.72	0.4178	180.22	226.56799999999998	1607.0349999999999	2769.75
leonard	IY0	the	0.8400000000000001	138.01	402.45	1862.2	2804.89	0.49152	139.324	355.75	1809.38	2804.64
leonard	B	beige	0.9	115.13	223.5	1846.36	2711.2	0.3555	133.157	359.904	1857.27	2879.96
leonard	EY1	beige	1.0250000000000001		430.41	2361.76	2841.85	0.45776	148.9405	408.288	2355.04	2832.37
leonard	UW1	hue	1.52	113.82	394.23	1261.12	2574.5	0.42017	116.104	349.7695	1713.795	2681.6549999999997
leonard	AA1	on	1.645	130.35	643.47	1146.53	2728.69	0.40037	125.98249999999999	600.565	1146.3	2732.75
leonard	N	on	1.72	110.88	318.65	1471.14	2425.62	0.36683	124.492	575.633	1312.84	2986.44
leonard	AH1	the	1.8050000000000002	111.96	476.11	1197.77	2583.18	0.45541	106.9555	286.734	1549.04	2656.96
leonard	W	waters	1.8599999999999999	114.17	317.68	987.9	2717.9	0.29686	110.472	352.456	1203.72	2662.64
leonard	AO1	waters	1.935	118.57	673.73	1168.89	2581.38	0.62616	118.719	583.0375	1002.91	2632.615
leonard	T	waters	2.005	122.66	169.2	1452.62	2496.4	0.17967	121.168	650.157	1438.88	2618.2
leonard	ER0	waters	2.0599999999999996	129.05	501.66	1559.78	2450.09	0.59102	127.269	519.427	1712.75	2555.36
leonard	Z	waters	2.13		556.85	1769.98	2935.51	0.42726	127.334	465.7205	1643.73	2858.875
leonard	DH	the	2.27		596.67	1796.73	3016.23	0.81015	115.792	440.1495	1487.25	2867.965
leonard	L	loch	2.3899999999999997	117.05	393.54	1083.66	2933.31	0.28745	120.978	267.79	1364.68	2631.63
leonard	AA1	loch	2.525	105.15	760.67	1180.68	2694.16	0.6197	106.817	715.155	1189.64	2746.99
leonard	K	loch	2.67		645.93	1437.21	2640.07	0.36702	104.125	552.144	1371.025	2654.985
leonard	M	impressed	2.8499999999999996	111.44	256.62	1459.57	2256.1	0.35169	123.1375	180.313	1697.5549999999998	2508.0
leonard	P	impressed	2.915		641.94	1658.48	2500.92	0.55074	111.1445	1026.4560000000001	2146.79	3245.9049999999997
leonard	S	impressed	3.125		995.34	1865.57	3043.75	0.49759	117.874	631.623	1811.92	3035.26
leonard	L	all	3.5		574.33	910.2	2767.63	0.5325	119.241	643.117	2529.5	2795.43
leonard	N	including	3.87	126.36	331.5	1389.69	2492.45	0.36916	133.002	181.83100000000002	2198.645	3537.925
leonard	K	including	3.955		1033.64	1286.09	3187.19	0.53955	126.184	531.461	1529.56	2696.25
leonard	NG	including	4.2	144.63	286.15	1719.83	2527.54	0.38428	146.118	308.606	2271.68	2692.81
leonard	DH	the	4.25	142.82	288.93	1642.5	2616.0	0.38002	145.4325	258.6185	1722.1399999999999	2598.1949999999997
leonard	AH0	the	4.295	126.42	388.0	1756.33	2669.08	0.44582	143.289	299.8345	1691.205	2665.26
leonard	N	french	4.515000000000001	126.26	300.94	1713.65	2893.7	0.39093	119.547	426.4095	1814.895	2811.005
leonard	IY1	queen	4.92	125.81	446.14	2512.93	2895.0	0.70472	125.35300000000001	386.319	2434.025	3098.765
leonard	N	queen	5.115	139.66	235.47	1188.08	2763.52	0.18181	138.3665	233.582	1559.78	2625.91
leonard	D	heard	5.95	107.17	288.61	1816.14	2785.32	0.40498	109.705	436.554	1799.8	2716.02
leonard	DH	that	6.0		614.07	1833.93	2745.54	0.84115	110.62	175.211	1682.47	2693.4300000000003
leonard	AE1	that	6.07		760.0	1627.69	2729.73	0.56518	112.83	737.908	1697.17	2803.79
leonard	M	symphony	6.33	116.24	311.9	1786.34	2568.76	0.52313	153.582	350.554	1737.405	2722.87
leonard	F	symphony	6.385		738.55	1905.08	2800.47	0.49006	118.714	283.541	1631.57	2567.18
leonard	IY0	symphony	6.5649999999999995	122.23	339.79	2647.68	2986.73	0.47676	123.3735	313.792	2240.7	2916.72
leonard	AH0	again	6.65	116.57	360.15	2333.38	2671.27	0.53228	117.799	328.372	2497.54	2865.36
leonard	G	again	6.725		480.72	2318.66	2812.97	0.67022	109.715	319.642	2368.3	2743.89
leonard	EH1	again	6.83		682.04	1891.95	2926.55	0.76042	126.05250000000001	632.3545	1981.17	2791.5550000000003
leonard	N	again	6.98		292.09	1175.02	2732.25	0.26461	90.5067	264.8025	1633.58	2730.3050000000003
leonard	Z	as	7.675	110.65	299.28	1998.48	2847.55	0.34764	121.367	324.9715	1871.245	2895.67
leonard	AH1	young	7.795	112.57	711.08	1432.86	2654.36	0.82899	115.4965	510.195	1970.0549999999998	2679.735
leonard	NG	young	7.875	106.51	505.64	1557.6	2674.96	0.73416	113.234	638.2365	1412.635	2785.135
leonard	R	arthur	8.030000000000001		649.38	1591.63	2175.12	0.81176	111.595	805.175	1527.28	2050.65
leonard	W	wanted	8.27	115.67	484.1	855.23	2700.75	0.54727	113.809	476.359	1744.93	2856.85
leonard	AA1	wanted	8.335		709.63	1390.0	2766.54	0.76322	118.2235	592.2239999999999	1686.315	2767.4049999999997
leonard	N	wanted	8.39	118.21	350.89	1680.7	2842.59	0.45949	124.267	595.209	1490.11	2827.24
lesley	AH1	the	0.5549999999999999	264.63	435.14	1441.12	2629.68	0.44729	276.299	350.2825	1650.5549999999998	2712.105
lesley	M	moon	0.625	245.37	249.11	1854.11	2657.94	0.43406	246.918	262.138	1599.385	2644.4
lesley	UW1	moon	0.7450000000000001	255.15	390.94	1327.53	2469.9	0.42911	255.757	328.445	1535.52	2524.66
lesley	IH1	is	0.88	259.52	398.91	1939.73	2970.17	0.34001	258.396	299.94	1789.92	2569.43
lesley	Z	is	0.95	238.45	267.11	1918.09	2976.72	0.32113	254.022	283.302	1797.9250000000002	2842.985
lesley	IH0	in	1.0150000000000001	269.73	450.01	1890.62	3018.69	0.60227	269.057	330.06	1878.39	3083.03
lesley	D	doubt	1.1600000000000001		727.21	2050.18	3180.09	0.94586	249.866	301.608	1816.15	2959.98
lesley	T	doubt	1.47		568.86	1536.34	2736.53	0.46645	229.176	456.666	1586.3049999999998	2670.3450000000003
lesley	OW1	over	1.6099999999999999	249.55	462.05	1185.31	2683.55	0.34136	248.337	441.6855	1295.745	2702.2
lesley	V	over	1.72		1245.99	2562.28	3492.82	1.0	228.922	377.844	1920.01	2946.79
lesley	ER0	over	1.795	248.52	474.16	1493.0	2405.65	0.51128	250.00650000000002	417.92449999999997	1997.425	2930.485
lesley	W	whether	1.855	228.87	359.78	1131.73	2534.5	0.40145	236.351	375.145	1589.47	2634.83
lesley	EH1	whether	1.915	229.35	441.19	1390.05	2892.27	0.11203	231.904	360.7655	1464.21	2631.7349999999997
lesley	DH	whether	1.9849999999999999		543.95	2002.15	2554.36	0.79087	200.802	377.5675	1720.67	2873.63
lesley	ER0	whether	2.05	235.03	425.26	1921.77	2602.67	0.55636	235.57	390.33349999999996	2003.66	3224.5950000000003
lesley	T	to	2.1	210.82	238.02	2327.12	2656.56	0.41777	215.035	359.499	2499.72	3037.08
lesley	IH0	to	2.145	236.93	392.15	2011.82	2759.6	0.58376	236.69549999999998	309.789	1698.43	2661.61
lesley	B	be	2.1950000000000003		360.31	1894.94	2930.64	0.51158	236.013	255.052	1712.8	2698.43
lesley	IY0	be	2.26	238.36	273.34	2548.15	2979.14	0.39643	239.24	274.014	1735.67	2696.97
lesley	AH0	a	2.33	229.66	326.16	1829.94	2770.85	0.36797	230.922	284.4665	1643.175	2689.215
lesley	M	man	2.42	218.27	227.23	1757.91	2597.69	0.37419	218.9645	235.2125	1629.605	2683.76
lesley	AE1	man	2.5949999999999998	216.46	655.37	1863.27	2740.99	0.48186	216.483	495.1635	1700.4450000000002	2788.2349999999997
lesley	N	man	2.745	206.27	265.89	1774.02	2860.05	0.35066	206.05	237.254	1659.145	2820.3500000000004
lesley	AO1	or	2.86	239.83	468.44	955.43	2559.45	0.22771	235.1975	402.934	1308.73	2518.95
lesley	W	woman	3.1100000000000003	201.82	323.43	748.12	2561.88	0.25084	204.375	337.66549999999995	1511.4450000000002	2586.19
lesley	M	woman	3.25	198.25	275.06	1624.19	2816.33	0.42226	197.993	238.84199999999998	1538.685	2520.4049999999997
lesley	AH0	woman	3.325	196.03	552.99	1747.56	2746.64	0.69548	197.139	415.118	1778.51	2809.03
lesley	EH1	there've	4.415	234.87	457.41	2115.99	2866.52	0.37729	236.096	435.462	2098.25	3054.02
lesley	R	there've	4.49	234.96	458.62	1876.22	2720.35	0.60367	236.554	417.328	1892.46	2735.17
lesley	R	rumors	4.865	215.98	188.54	1314.97	2425.25	0.0	213.1485	250.95749999999998	1594.19	2633.94
lesley	UW1	rumors	4.984999999999999	233.02	405.21	1433.22	2517.74	0.47805	234.212	329.081	1565.26	2621.04
lesley	M	rumors	5.09	206.86	223.78	1173.43	2236.89	0.22768	209.591	244.605	1557.72	2653.955
lesley	ER0	rumors	5.215	198.88	412.48	1606.85	2211.13	0.42242	199.851	261.101	1600.03	2642.21
lesley	Z	rumors	5.4		1057.32	2066.17	2778.37	0.69453	200.023	685.844	1954.35	2921.27
lesley	L	all	5.734999999999999	240.08	505.73	847.55	2939.92	0.40421	235.719	442.18949999999995	1214.3645000000001	2929.33
lesley	M	manner	5.82	240.28	250.46	1768.93	2757.08	0.41582	240.305	253.39	1573.14	2677.8
lesley	AE1	manner	5.89	234.32	635.02	1896.55	2784.38	0.46213	237.6685	410.26649999999995	1886.94	2867.7200000000003
lesley	N	manner	5.955	229.87	247.48	1913.24	2739.28	0.35204	236.86	296.197	1781.67	2774.44
lesley	ER0	manner	6.015000000000001	241.2	552.07	1784.98	2262.08	0.77227	241.28050000000002	324.376	1747.855	2822.39
lesley	AH0	of	6.0649999999999995	240.66	616.8	1963.66	2267.93	0.87014	240.275	415.59000000000003	1559.8915	2940.1000000000004
lesley	V	of	6.109999999999999	230.63	268.45	1454.97	2863.97	0.29191	232.079	374.404	1404.495	2682.7
lesley	L	allegations	6.244999999999999	220.57	503.38	1231.03	3079.0	0.50578	219.1735	480.5865	1300.47	2626.24
lesley	AH0	allegations	6.305	225.89	546.01	1816.38	3059.92	0.70021	223.11950000000002	376.483	1737.19	3109.51
lesley	G	allegations	6.385		1023.46	2532.75	2878.07	1.0	202.139	505.601	2386.6	2816.84
lesley	EY1	allegations	6.494999999999999	214.28	389.95	2391.63	2978.25	0.37194	216.134	334.508	1726.04	2738.0
lesley	AH0	allegations	6.73	204.24	563.85	1739.8	3100.97	0.71031	209.0205	401.5245	1746.5149999999999	3287.29
lesley	OW1	bold	7.56	258.25	499.37	853.03	3179.46	0.34542	259.07849999999996	453.104	2591.0	3447.76
lesley	L	bold	7.64	261.47	475.64	774.49	3269.48	0.33542	259.22299999999996	454.304	1992.9850000000001	3073.465
lesley	D	bold	7.715	245.24	420.45	2085.84	3445.07	0.60756	255.431	345.8455	1607.51	2756.9300000000003
lesley	EY1	claims	8.055	216.09	594.69	2290.01	2996.68	0.81735	216.483	370.484	2224.43	3107.42
lesley	M	claims	8.175	212.98	229.27	1715.85	2736.77	0.36749	209.834	228.5655	1615.165	2663.8450000000003
lesley	Z	claims	8.24	192.57	231.99	1945.23	2972.23	0.30966	200.359	222.801	1934.45	2999.28
lesley	AH0	and	8.29	215.25	327.05	1782.73	3031.5	0.35877	216.094	248.2125	1746.435	2860.45
lesley	P	public	8.440000000000001		813.52	1344.6	2918.5	0.60625	164.938	447.265	1515.66	2903.81
lesley	AH1	public	8.525	240.38	653.13	1256.21	3061.16	0.64453	241.381	396.279	1149.14	3062.24
lesley	B	public	8.58	208.92	224.85	1186.84	2843.67	0.20815	207.306	250.389	1484.69	2646.24
lesley	L	public	8.625	228.9	322.94	1238.88	2595.75	0.21579	221.006	309.491	1585.285	2652.8
lesley	IH0	public	8.675	231.33	377.98	1411.16	2973.45	0.35976	231.96699999999998	345.1185	1498.1	2675.73
lesley	K	public	8.755		510.2	1442.02	3056.09	0.29464	117.744	540.848	1624.175	2697.585
lesley	L	lies	8.855	231.81	433.81	904.69	3063.49	0.30347	228.798	393.293	1110.61	2592.91
lesley	AY1	lies	9.05	194.12	549.17	1755.38	2934.81	0.20468	199.255	519.417	1521.935	2942.765
lesley	Z	lies	9.285		701.94	1963.81	2709.4	0.52116	201.442	476.341	1721.44	2798.27
lesley	IY1	he's	9.985	263.88	297.43	2551.82	2990.66	0.44103	264.307	329.936	2119.18	2926.88
lesley	Z	he's	10.085	238.35	255.25	2060.72	3090.32	0.33756	250.713	293.914	1753.205	2835.99
lesley	L	belligerent	10.255	220.89	309.23	1092.13	3143.34	0.15326	238.444	309.056	1488.63	2732.17
lesley	IH1	belligerent	10.34	219.54	458.57	1742.91	3094.45	0.43828	223.875	358.569	1662.15	2879.5
lesley	ER0	belligerent	10.525	204.5	338.65	1762.24	2217.35	0.32257	205.124	305.6	1865.76	2301.86
lesley	AH0	belligerent	10.595	195.79	554.22	1868.47	2878.21	0.72437	198.716	389.183	1855.48	2960.57
lesley	IY1	she's	11.27	251.64	281.17	2519.91	3017.42	0.4054	250.742	823.611	2539.3100000000004	3113.715
lesley	Z	she's	11.375	200.03	457.09	1909.89	2956.36	0.40424	225.671	289.977	2119.39	3046.69
lesley	IH0	in	11.440000000000001	235.15	514.22	1894.58	3038.92	0.72835	236.4385	311.333	2097.18	3111.76
lesley	N	in	11.485	220.69	239.25	1832.09	2927.62	0.32258	224.286	237.239	1724.25	2891.49
lesley	AH0	a	11.555	217.14	502.9	1616.97	2760.19	0.58992	217.714	331.109	1552.14	2601.1
lesley	AH1	funk	11.775	204.72	617.35	1502.7	3076.81	0.67893	208.836	476.592	1359.03	2757.31
lesley	NG	funk	11.885	204.32	218.45	736.58	2845.88	0.09293	190.252	240.768	1559.35	2633.19
lesley	IH1	when	12.495000000000001	225.7	429.83	1775.9	2772.56	0.21256	227.7045	280.273	1544.42	2612.835
lesley	HH	he	12.62		659.26	2646.51	3357.53	0.86198	145.99165	464.402	2568.94	3370.49
lesley	IY1	he	12.77	251.64	272.29	740.79	2749.32	0.05434	253.258	359.1315	2265.995	3311.505
lesley	EY1	fades	13.004999999999999	228.49	430.65	2319.45	2603.55	0.44872	226.885	387.645	2056.255	2862.0
lesley	D	fades	13.11	188.0	260.91	2298.07	2850.23	0.4705	193.769	372.0195	1951.5700000000002	2741.695
lesley	AH0	the	13.280000000000001	227.03	438.47	1680.02	2772.36	0.50575	229.186	348.696	1442.3	2867.76
lesley	W	world	13.345	193.49	206.18	872.77	2540.68	0.08166	195.4515	328.4925	1616.98	2640.465
lesley	ER1	world	13.41	214.91	514.39	1007.47	2597.66	0.30928	216.668	462.705	1156.35	2479.835
lesley	L	world	13.48	213.25	558.9	866.25	3003.2	0.49543	213.34550000000002	430.292	1429.97	2638.52
lesley	D	world	13.55	179.8	241.31	1489.2	2703.24	0.28609	187.974	250.5915	1668.705	2683.085
lesley	IY1	teeters	13.754999999999999	230.28	312.4	2502.22	2990.77	0.45898	233.91250000000002	324.221	2489.5	3572.11
lesley	T	teeters	13.82	186.4	224.77	2173.53	2777.27	0.37517	205.237	367.62	1832.98	2747.32
lesley	ER0	teeters	13.95	198.59	503.82	1719.5	2249.54	0.65	200.57	338.19849999999997	1651.9	2287.95
lesley	Z	teeters	14.13		710.96	2053.34	2753.38	0.53878	205.89	563.5070000000001	2045.6000000000001	3090.99
lesley	EH1	when	14.695	229.43	379.73	1762.21	2956.36	0.10674	236.452	251.364	1667.83	2487.915
lesley	N	when	14.73	228.45	235.73	1422.94	2747.17	0.23146	228.778	245.5565	1644.325	2697.645
lesley	IY1	she	14.91	240.52	265.53	2556.27	2719.23	0.38373	244.129	417.224	2117.02	2821.685
lesley	AY1	crime	16.125	200.87	475.27	1704.66	2783.46	0.06044	208.11200000000002	382.728	1630.71	2793.7
lesley	M	crime	16.22	202.9	244.18	1642.96	2569.03	0.37495	197.7745	221.657	1597.04	2633.08
lesley	B	blossoms	16.295		292.06	1933.43	2572.67	0.44787	181.048	232.21050000000002	1599.835	2635.52
lesley	L	blossoms	16.35	200.83	484.81	970.03	3074.76	0.40399	198.2885	386.089	2028.0099999999998	3196.205
lesley	AA1	blossoms	16.425	217.73	624.24	1086.94	2833.17	0.33686	202.63	460.227	988.1955	2697.44
lesley	S	blossoms	16.555		1007.85	1973.87	2784.89	0.5197	195.154	774.2574999999999	2010.185	3006.84
lesley	AH0	blossoms	16.665	209.49	621.46	1597.92	3298.67	0.76647	212.307	492.6925	2000.805	3493.895
lesley	M	blossoms	16.785	197.58	239.64	1876.7	3032.67	0.42361	197.887	219.333	1627.69	2660.71
lesley	Z	blossoms	16.93		1357.84	1899.04	2805.28	0.80256	203.6055	529.408	1710.46	2789.16
lesley	OW1	o	17.67	227.92	607.7	1008.69	3137.59	0.65037	237.273	380.965	1128.27	3095.78
lesley	HH	how	17.895		969.7	1782.84	2660.17	0.87017	210.99	1099.6	2468.09	3447.21
lesley	DH	the	18.055		728.44	1719.78	3033.94	0.96076	387.2545	841.553	2036.7849999999999	3317.045
lesley	IY0	the	18.134999999999998	237.69	394.1	2399.63	2793.07	0.59886	239.374	336.673	1773.42	2949.37
lesley	P	operatic	18.380000000000003		1369.85	2491.1	3282.68	1.0	397.50149999999996	597.757	1538.1	2655.06
lesley	ER0	operatic	18.48	221.81	547.04	1504.78	2353.35	0.66622	219.3735	413.202	1484.82	2546.49
lesley	AE1	operatic	18.549999999999997	213.78	733.53	1283.81	2799.64	0.43114	214.277	670.737	1435.18	2643.63
lesley	T	operatic	18.604999999999997	199.5	612.08	1799.13	3201.34	0.55314	207.503	1425.71	2887.13	3659.75
lesley	IH0	operatic	18.66	213.99	498.24	2264.96	2986.13	0.77601	213.472	370.107	2407.18	3556.04
lesley	K	operatic	18.740000000000002		545.13	2063.97	2795.43	0.46859	197.9055	284.621	2100.57	2778.73
lesley	IH0	impulse	18.835	220.96	537.01	2181.79	2824.41	0.74227	236.063	311.1965	2240.505	2680.715
lesley	M	impulse	18.915	206.75	244.05	1628.15	2730.28	0.37117	208.41649999999998	229.265	1601.355	2658.8
lesley	P	impulse	19.009999999999998		1126.35	2843.38	3439.25	1.0	183.27249999999998	1292.6	2464.5299999999997	3559.085
lesley	AH1	impulse	19.1	214.16	518.91	863.2	2331.63	0.44592	160.122	447.41	864.234	2782.09
lesley	L	impulse	19.174999999999997	200.26	425.97	835.77	2712.3	0.27184	209.391	535.182	2475.48	3573.425
lesley	IH1	dip	20.915	229.93	454.54	2211.48	3017.53	0.54571	226.9195	397.447	1889.69	2897.08
lesley	P	dip	20.97		462.01	1924.89	2926.67	0.48018	158.174	403.3435	1671.07	2662.695
lesley	IY1	deep	21.52	227.19	284.98	2738.78	3111.7	0.45353	231.428	293.28200000000004	1638.495	2665.855
lesley	P	deep	21.68		172.78	1768.11	2835.92	0.2516	231.2525	496.066	1631.68	2750.51
lesley	AY1	my	21.98	204.73	639.2	2016.91	2834.92	0.46091	203.92450000000002	598.236	2201.81	2997.71
lesley	D	darling	22.075000000000003		989.94	2267.74	3186.79	1.0	194.37900000000002	461.152	2286.07	3532.27
lesley	AA1	darling	22.175	200.58	618.99	1549.07	2474.26	0.56331	201.3145	498.433	1426.615	2470.8500000000004
lesley	R	darling	22.25	194.31	570.3	1534.55	2967.82	0.66697	195.872	522.4145	1517.8899999999999	3002.6000000000004
lesley	L	darling	22.295	190.41	399.44	1443.27	3014.4	0.39581	194.046	322.154	1453.33	3046.71
lesley	IH0	darling	22.36	196.85	528.43	2297.69	2982.49	0.84185	195.38049999999998	318.549	2003.5299999999997	3046.74
lesley	NG	darling	22.54	201.33	221.88	1057.47	2726.24	0.15582	196.4355	216.464	1628.37	2674.27
lesley	IH0	into	22.765	249.85	414.51	2101.16	3015.44	0.41905	232.941	290.467	2164.84	3071.93
lesley	N	into	22.845	204.48	215.02	713.09	2418.27	0.05131	209.961	228.163	1592.34	2745.47
lesley	T	into	22.9		638.56	1696.4	3047.85	0.54839	186.619	555.295	1674.9	3008.16
lesley	AH1	the	23.05	214.62	508.52	1468.14	2911.84	0.56524	213.869	381.415	1381.355	2915.6800000000003
lesley	B	blank	23.130000000000003		225.38	1493.87	2813.87	0.27798	177.149	1472.98	2565.57	3601.42
lesley	L	blank	23.215	196.39	546.02	1141.9	2956.85	0.55033	382.441	305.363	1229.255	2579.92
lesley	AE1	blank	23.275	189.8	722.83	1751.53	2980.82	0.54683	190.687	476.908	1687.06	3077.65
lesley	NG	blank	23.354999999999997	190.9	253.22	1694.23	2503.19	0.32293	189.62	255.25549999999998	1663.065	2616.3
lesley	K	blank	23.46		1103.01	2323.81	3270.45	0.8358	176.147	1282.58	2517.62	3537.3
lesley	P	pool	23.585		1187.3	2308.6	3269.24	1.0	554.943	1282.06	2410.2749999999996	3476.0
lesley	UW1	pool	23.77	196.23	427.31	821.17	2988.12	0.38098	200.373	373.3275	843.74	2935.185
lesley	L	pool	23.97		308.7	973.28	3060.17	0.11974	197.728	277.97950000000003	1531.47	2662.425
lucy	AY1	i	0.73	285.59	939.92	1639.08	3103.31	0.81224	270.408	849.4884999999999	1678.02	3205.91
lucy	AE1	am	0.875	271.18	788.56	2202.0	3126.04	0.76673	271.787	762.5364999999999	2219.7299999999996	3176.925
lucy	M	am	0.97	289.74	299.68	1488.24	2637.19	0.43084	286.15700000000004	321.572	1577.435	2692.6400000000003
lucy	AH0	afraid	1.06	276.27	343.38	1614.06	2872.25	0.34599	279.19	382.666	1602.96	2966.98
lucy	R	afraid	1.23	323.97	355.94	1940.1	2375.51	0.46181	298.9825	489.83299999999997	2265.9449999999997	3449.88
lucy	EY1	afraid	1.33	283.64	507.37	2513.94	2972.67	0.66823	282.572	473.263	2585.37	3900.39
lucy	AH0	to	1.5699999999999998	295.65	691.69	1637.28	2996.32	1.0	273.938	573.831	1512.05	3061.52
lucy	OW1	own	1.705	248.79	714.39	1527.72	2986.24	1.0	249.097	562.501	1631.76	3003.38
lucy	N	own	1.77	242.98	249.85	1697.64	3056.69	0.31041	245.39600000000002	443.02	1789.245	3004.1899999999996
lucy	AH0	a	1.835	258.49	673.06	1760.28	2895.34	0.88143	256.374	471.0945	1618.065	2767.545
lucy	B	body	1.935		496.24	1957.46	3234.39	0.66987	248.371	487.11850000000004	1391.275	2700.06
lucy	AA1	body	2.065	227.76	1240.94	1259.36	2961.44	1.0	228.04	506.72	1299.19	3254.64
lucy	IY0	body	2.355	237.24	311.3	2669.37	3034.59	0.37526	237.428	280.8645	1627.3649999999998	2798.965
lucy	AY1	i	2.835	237.13	999.82	1575.51	3021.06	0.88693	248.063	936.333	1635.5	3113.59
lucy	AE1	am	2.985	253.08	773.4	2152.11	3076.67	0.73114	253.7165	726.771	2255.46	3129.77
lucy	M	am	3.08	245.68	249.77	1653.56	2755.68	0.38688	246.597	263.557	1601.21	2722.98
lucy	AH0	afraid	3.15	257.31	331.24	1515.86	2509.75	0.30553	259.821	466.6795	1878.24	2834.87
lucy	R	afraid	3.3499999999999996	305.55	373.33	2097.83	2463.48	0.54218	281.604	323.55100000000004	2962.365	4457.58
lucy	EY1	afraid	3.465	257.59	463.0	2606.91	2951.7	0.58775	257.6425	374.095	2589.25	2978.25
lucy	D	afraid	3.57		259.5	2179.96	2935.27	0.44521	168.096	297.9545	2062.1099999999997	2973.9049999999997
lucy	OW1	own	3.735	256.17	641.89	1505.49	2939.67	0.8638	250.376	470.77250000000004	1450.005	2928.16
lucy	N	own	3.86	233.41	238.31	897.22	2331.41	0.1251	237.18650000000002	264.2885	1629.135	2689.4
lucy	AH0	a	3.94	244.68	266.03	1923.03	2431.11	0.29706	242.713	487.168	1830.1	2752.795
lucy	OW1	soul	4.255000000000001	234.36	577.38	1147.88	3263.76	0.61287	232.089	344.78999999999996	1117.935	2689.8549999999996
lucy	R	profound	5.165		689.38	1784.48	2485.11	0.93981	298.999	440.03650000000005	1507.295	2736.365
lucy	OW0	profound	5.26	299.38	572.15	1294.01	3012.34	0.61557	298.532	356.15	1252.32	2843.4
lucy	N	profound	5.82	259.51	262.03	835.64	1972.59	0.14802	260.0425	279.2675	1574.25	2623.615
lucy	EH1	precarious	6.35	245.57	744.75	2129.19	2558.04	0.96335	245.772	569.303	1557.28	2254.92
lucy	R	precarious	6.425	241.68	643.45	1920.98	2221.73	0.91243	242.1615	495.025	2210.2	2697.66
lucy	IY0	precarious	6.5	240.08	348.31	2446.1	2778.32	0.46982	242.00549999999998	351.9395	2526.635	3068.885
lucy	AH0	precarious	6.585	245.92	316.05	1134.31	2527.09	0.19713	247.388	413.044	2017.15	3196.73
lucy	R	property	6.92	251.56	284.98	1124.51	2861.78	0.07635	247.358	351.088	1034.11	2790.76
lucy	AA1	property	6.99	232.37	406.96	1010.82	2811.73	0.0	232.659	339.9775	1250.7150000000001	2731.3599999999997
lucy	P	property	7.0649999999999995		915.49	2360.32	2825.55	0.8759	404.10650000000004	1083.47	2584.59	3588.78
lucy	ER0	property	7.14	224.35	422.69	1845.04	2263.62	0.52484	222.718	295.887	1747.92	2440.385
lucy	IY0	property	7.38	222.2	327.96	2587.37	2931.75	0.42135	220.256	266.092	1723.63	2742.83
lucy	AH0	possession	8.035	251.73	565.87	1759.46	3068.18	0.71778	246.056	336.6175	1743.5300000000002	3114.745
lucy	Z	possession	8.115	236.5	247.6	2025.02	2987.77	0.32873	246.337	434.58849999999995	1894.975	3162.34
lucy	EH1	possession	8.21	254.4	840.17	1742.38	3060.38	1.0	253.94099999999997	477.285	1749.165	2959.835
lucy	AH0	possession	8.425	221.33	673.99	1833.55	3117.48	0.89923	218.74200000000002	414.269	1706.29	3233.76
lucy	AA1	not	8.934999999999999	221.86	900.93	1170.1	2966.39	0.856	221.901	420.024	1144.85	2862.0950000000003
lucy	T	not	9.030000000000001	234.0	366.42	1079.46	2950.39	0.23024	233.6925	515.4540000000001	1342.93	3000.56
lucy	AA1	optional	9.120000000000001	207.58	641.25	1087.13	2795.42	0.36627	209.92	612.922	1076.36	2743.73
lucy	AH0	optional	9.399999999999999		619.81	1770.6	3035.98	0.80254	113.443	294.159	1631.91	2915.31
lucy	N	optional	9.45		245.54	1824.62	2428.01	0.33053	213.748	279.1585	1329.75	2622.705
lucy	AH0	optional	9.504999999999999		533.35	1054.49	2977.65	0.51067	110.174	317.24	1176.02	2753.71
lucy	D	double	10.7		693.49	1884.95	2296.79	0.87472	294.8315	556.6525	2219.995	3642.18
lucy	AH1	double	10.77	273.78	790.26	1575.09	3335.45	1.0	272.772	668.803	1559.44	3417.91
lucy	AH0	double	10.875	306.76	348.46	1027.21	2212.1	0.22261	299.9445	453.4385	1048.6185	2987.5950000000003
lucy	EY1	estate	11.399999999999999	230.88	385.67	2532.01	2976.82	0.3939	234.314	411.281	2379.38	3039.605
lucy	T	estate	11.6		493.67	2043.27	3110.75	0.52719	240.877	500.97	1929.65	2700.54
lucy	IH0	entailed	11.75		711.61	2086.04	3157.81	1.0	238.137	283.9675	1860.435	3574.8599999999997
lucy	N	entailed	11.84	237.35	241.81	784.35	2104.82	0.10672	235.8145	255.746	1534.53	2615.8199999999997
lucy	T	entailed	11.97		697.59	2326.4	3128.85	0.72627	246.44549999999998	735.788	2196.41	3103.24
lucy	L	entailed	12.145	242.83	691.02	1179.11	3021.21	0.79532	242.457	528.303	1073.67	2654.46
lucy	D	entailed	12.225	229.44	635.71	1943.04	3250.47	0.82132	238.68	266.892	1593.52	2880.19
lucy	AE1	at	12.27	254.09	594.84	1407.4	3328.1	0.26785	252.495	302.2585	1134.4585	2550.8450000000003
lucy	T	at	12.32		475.5	1951.21	2859.05	0.49478	228.03	405.583	1604.18	2635.94
lucy	L	pleasure	12.49	229.87	604.59	1657.42	3222.53	0.78682	152.1608	650.1524999999999	1845.04	3248.16
lucy	EH1	pleasure	12.545	223.07	678.86	1893.62	3131.14	0.7545	221.231	481.617	1560.62	2801.2
lucy	ER0	pleasure	12.8	202.9	588.25	1679.23	2106.31	0.81109	212.81400000000002	396.384	1556.12	2640.77
lucy	AH0	upon	13.379999999999999	271.5	584.01	1474.42	3308.25	0.68177	262.009	364.817	1250.05	3348.48
lucy	AA1	upon	13.594999999999999	249.0	787.86	1413.62	2967.96	0.78527	247.633	532.886	1175.13	2977.6450000000004
lucy	N	upon	13.645	242.79	256.57	1564.6	3127.19	0.29265	242.1165	262.388	1594.84	2685.98
lucy	AH0	an	13.7	230.62	580.75	1900.13	3197.14	0.3857	229.457	278.056	1692.57	3225.76
lucy	AH0	unsuspecting	14.170000000000002	302.59	322.27	1062.91	1916.65	0.19065	297.8	317.62350000000004	1735.375	2843.255
lucy	EH1	unsuspecting	14.399999999999999	251.14	739.68	2047.33	2931.28	0.92688	248.176	649.126	2119.3900000000003	3078.2
lucy	K	unsuspecting	14.48		387.47	2660.37	3123.87	0.53176	237.054	493.87750000000005	2055.815	2834.4049999999997
lucy	IH0	unsuspecting	14.595	247.04	271.96	764.61	2730.05	0.0154	244.73	291.66499999999996	1621.9450000000002	2821.45
lucy	EH1	heir	14.925	216.3	731.39	2218.92	2821.1	0.96502	201.77499999999998	634.892	2219.44	3108.62
lucy	R	heir	15.16	213.72	614.56	1666.36	2201.59	0.78139	208.57	338.0865	1687.065	2501.63
lucy	UW1	duke	16.134999999999998	295.45	311.83	1540.75	2838.6	0.33592	289.12	317.9765	1540.51	2648.855
lucy	IH1	in	16.560000000000002		358.51	2308.64	3067.06	0.51277	255.591	440.761	2148.035	3217.925
lucy	N	in	16.65	255.72	260.23	1071.56	2138.47	0.19478	256.665	270.072	1662.74	2739.24
lucy	AH0	a	16.715	261.37	569.49	1844.16	3172.29	0.74223	258.472	283.91650000000004	1681.54	2695.1949999999997
lucy	M	moment	16.78	239.54	243.43	1215.25	2629.54	0.27073	236.643	305.52	1291.81	2616.97
lucy	M	moment	16.92	225.12	229.22	1136.59	2350.96	0.22795	225.26850000000002	236.5585	1227.3449999999998	2808.1499999999996
lucy	AH0	moment	17.005000000000003	222.43	664.55	2045.41	3051.69	0.93217	221.1255	413.699	1763.07	3059.54
lucy	N	moment	17.09	218.55	235.97	1007.88	1882.17	0.14478	221.99849999999998	240.185	1635.17	2689.825
lucy	AH1	of	17.33	225.33	684.34	1530.88	3238.67	0.81875	224.824	469.4405	1407.665	3026.015
lucy	V	of	17.43		1123.66	2177.84	3195.45	1.0	204.627	1409.55	2755.3599999999997	3838.4449999999997
lucy	AE1	and	18.835		730.79	2140.42	3003.7	1.0	243.789	698.63	2126.89	3179.52
lucy	N	and	18.935	232.67	240.74	1154.61	2584.16	0.18275	228.007	245.667	1609.27	2653.76
lucy	AA1	god	19.36	211.25	873.05	1404.81	3091.72	0.92755	209.8875	751.6985	1364.585	3116.0
lucy	ER0	for	19.985	233.09	659.88	1720.16	2210.55	0.87141	231.504	444.675	1266.32	2169.18
lucy	AH0	a	20.060000000000002	223.85	615.82	1699.33	2339.87	0.78052	222.4015	1522.4479999999999	2578.16	3639.05
lucy	AH0	frontier	20.255000000000003	226.33	576.89	1991.14	3232.38	0.78635	226.525	269.103	2388.99	3516.8999999999996
lucy	IH1	frontier	20.564999999999998	242.25	481.59	2241.36	2611.37	0.6201	240.08999999999997	404.415	2174.96	2531.39
lucy	R	frontier	20.744999999999997	228.44	597.39	1756.1	2151.37	0.78409	228.414	391.995	1742.27	2499.58
luna	IY1	please	1.6	284.92	358.49	2513.98	2948.94	0.54519	283.875	355.401	2539.545	3052.385
luna	AO1	call	1.855	286.12	635.31	1115.45	2881.46	0.54663	293.17449999999997	438.7425	1290.4499999999998	2827.45
luna	L	call	1.92	265.95	395.99	1206.64	3063.73	0.32521	279.5295	480.26300000000003	1084.67	2900.92
luna	EH1	stella	2.1799999999999997	200.06	723.76	1535.66	3078.09	0.73082	211.46949999999998	663.934	1386.68	3067.89
luna	L	stella	2.2649999999999997	178.77	508.43	1271.8	3130.28	0.52516	185.413	566.316	1411.9	3129.97
luna	AH0	stella	2.42	196.67	513.4	1577.01	3040.2	0.597	193.28	433.4105	1486.275	3097.41
luna	AE1	ask	2.755	243.21	898.6	1674.18	2824.52	0.77597	227.2135	557.4135	1393.905	3549.865
luna	B	bring	3.12	234.44	260.13	1571.92	2559.85	0.33245	245.6525	331.8515	1698.58	2341.8199999999997
luna	NG	bring	3.25	224.37	249.79	1002.26	2295.59	0.19417	229.519	297.4715	2174.67	3133.71
luna	DH	these	3.3200000000000003		578.26	1809.64	2529.79	0.78961	213.524	230.567	1600.12	2661.82
luna	IY1	these	3.39	228.41	399.17	2539.8	2988.66	0.62418	228.265	1419.21	2367.755	3597.665
luna	Z	these	3.46		806.42	2063.43	2502.41	0.5827	222.3195	461.132	1749.43	2789.63
luna	Z	things	3.815		778.71	1882.82	2763.43	0.54294	192.362	272.3865	1686.915	2587.73
luna	IH1	with	3.94	205.67	490.36	1778.77	2529.94	0.52591	144.53405	312.169	1524.68	2529.035
luna	HH	her	4.02	189.59	248.51	1750.31	2561.42	0.28621	176.2425	287.554	1538.99	2654.71
luna	M	from	4.295	197.62	253.51	1703.56	2735.83	0.06719	197.606	269.496	1390.4650000000001	2516.305
luna	DH	the	4.34	186.61	230.09	1015.24	2417.38	0.15752	194.6235	231.917	1588.76	2846.375
luna	AH0	the	4.395	191.53	237.83	1698.77	2276.44	0.20395	196.693	245.062	1657.665	2806.92
luna	AO1	store	4.64	192.01	577.02	1284.46	2623.59	0.5177	195.94299999999998	491.728	1692.415	2943.8900000000003
luna	R	store	4.8100000000000005		478.26	1700.92	2089.93	0.57629	201.0515	458.533	1523.5	2158.01
luna	K	six	5.4399999999999995		630.85	1729.18	2577.04	0.43162	301.063	437.869	1770.73	2666.84
luna	UW1	spoons	5.67	227.23	556.26	1548.61	2986.01	0.77246	231.0565	316.51800000000003	1568.0949999999998	2790.6800000000003
luna	N	spoons	5.765000000000001	216.34	278.73	1698.68	2741.3	0.35425	218.3495	275.196	1578.35	2700.02
luna	Z	spoons	5.825		876.65	2029.95	2758.72	0.6088	215.061	227.888	1577.79	2753.19
luna	EH1	fresh	6.0649999999999995	230.99	706.75	2055.98	2589.7	0.86295	228.991	583.3785	1345.15	2423.49
luna	N	snow	6.31	212.0	260.29	1808.78	2989.96	0.34948	218.81900000000002	271.4525	1655.21	2912.875
luna	OW1	snow	6.395	202.05	565.2	1636.13	2815.37	0.71096	202.511	360.4975	1715.0900000000001	2914.235
luna	P	peas	6.51		767.28	1949.44	2749.02	0.69371	147.18125	958.8495	2242.055	3128.4750000000004
luna	IY1	peas	6.68	175.02	298.69	2551.34	2897.44	0.44324	175.54	265.594	2424.02	2913.02
luna	Z	peas	6.880000000000001		1205.61	1921.09	2712.11	0.73831	169.063	551.874	1924.52	2692.92
luna	AY1	five	7.285	262.33	847.38	1037.49	2790.24	0.41466	259.1685	715.554	1209.25	2816.66
luna	V	five	7.365	263.0	462.35	1528.78	2468.84	0.44361	271.2845	466.705	1618.21	2689.68
luna	K	thick	7.54		664.71	1698.15	2402.82	0.44224	269.167	847.735	1886.8	2684.36
luna	V	of	7.970000000000001		204.67	2224.53	3111.83	0.41106	206.7985	202.31349999999998	1629.7	2857.02
luna	B	blue	8.015		215.69	1806.09	3187.21	0.33814	177.114	867.9095	2035.335	3121.3050000000003
luna	UW1	blue	8.14	195.29	351.61	1936.03	2807.44	0.49477	199.983	348.786	1699.34	2774.61
luna	IY1	cheese	8.415	186.06	339.3	2488.92	2952.85	0.50549	186.327	324.626	2478.4799999999996	3176.855
luna	M	maybe	8.815	190.23	346.48	1879.02	2512.85	0.60346	185.262	255.8865	1591.77	2560.37
luna	EY1	maybe	8.875	200.41	551.43	2508.99	2845.78	0.76791	198.25400000000002	430.5715	2111.9049999999997	3170.7650000000003
luna	B	maybe	8.940000000000001		359.75	1481.98	2620.65	0.41783	198.753	324.289	1604.82	2676.81
luna	AH0	a	9.065	226.89	354.56	1785.6	2830.66	0.40136	230.7995	347.998	1957.48	2881.29
luna	N	snack	9.24	194.52	283.95	1362.55	2618.14	0.29164	133.257	285.35	1056.23	2623.19
luna	AE1	snack	9.325	183.11	807.27	1784.26	2645.35	0.67647	184.053	526.761	2386.98	3628.45
luna	K	snack	9.425		589.97	1771.41	2636.35	0.41998	180.186	391.833	1632.72	2551.82
luna	B	brother	9.74	148.16	194.76	1627.73	2285.0	0.2757	160.238	184.655	1594.3	2580.01
luna	AH1	brother	9.84	182.46	634.2	1217.01	2728.88	0.592	129.66595	600.991	1259.17	2727.4
luna	DH	brother	9.905	168.35	522.83	1531.55	2764.16	0.6534	185.853	636.252	1622.07	2919.81
luna	ER0	brother	9.965	185.11	480.12	1690.53	2239.0	0.59104	201.41899999999998	439.221	1310.62	2420.47
luna	B	bob	10.035		556.26	1610.11	2663.35	0.65517	164.781	375.7555	1547.73	2584.495
luna	AA1	bob	10.18		702.93	1161.03	2840.88	0.5102	96.8752	588.752	1104.525	2758.5699999999997
luna	B	bob	10.370000000000001		1008.28	1806.81	2951.27	1.0	103.989	555.8444999999999	1560.625	2772.77
luna	IY1	we	10.969999999999999	183.41	331.21	2223.01	2691.92	0.44069	188.605	344.11	1762.14	2608.63
luna	L	also	11.07	213.98	534.1	1081.42	2754.22	0.5144	210.97	438.817	999.783	2649.24
luna	N	need	11.25	255.1	275.23	1107.05	2060.85	0.22489	290.09749999999997	281.7855	1636.025	2584.8
luna	IY1	need	11.3	237.04	311.99	2688.1	3056.82	0.49322	247.228	282.561	2711.1	3159.2
luna	D	need	11.36		761.41	2049.88	2926.7	0.98431	230.504	310.94	2150.29	3044.13
luna	AH0	a	11.42	199.81	291.06	1745.04	2978.31	0.29546	218.76049999999998	342.56	1713.49	2978.4
luna	AO1	small	11.649999999999999	198.08	604.54	1028.03	2743.68	0.46659	198.768	536.311	1008.82	2697.38
luna	P	plastic	11.765		923.94	2304.24	2963.15	0.87064	199.211	582.402	1593.4	2728.13
luna	S	plastic	11.955		745.11	1901.63	2465.34	0.3913	224.32299999999998	568.7015	1909.69	2735.88
luna	IH0	plastic	12.07	285.17	515.41	2070.1	2862.71	0.76802	193.22179999999997	486.079	1873.91	3035.84
luna	EY1	snake	12.36	205.52	601.84	2459.66	3042.51	0.87208	207.641	580.8035	2484.1400000000003	3174.0950000000003
luna	K	snake	12.49		452.04	2460.04	2563.44	0.51684	201.094	474.06399999999996	2410.66	2933.865
luna	AH0	a	12.795	178.32	544.61	1830.39	2863.93	0.7012	186.44	399.238	1742.8049999999998	2918.4049999999997
luna	B	big	12.855	165.67	229.9	1808.17	2770.66	0.35368	166.143	262.1245	1688.3049999999998	2766.8050000000003
luna	IH1	big	12.935	210.9	440.08	2121.67	2869.52	0.48743	207.468	374.38	2077.34	2850.54
luna	G	big	13.02		583.98	2056.67	2437.6	0.71144	156.5981	635.585	2123.3	2517.2799999999997
luna	OY1	toy	13.235	205.4	621.1	1270.69	2657.28	0.7203	206.014	476.69399999999996	1460.0	2624.2749999999996
luna	AA1	frog	13.530000000000001	166.99	620.01	1167.03	2703.94	0.37038	167.26350000000002	596.1015	1278.8049999999998	2680.02
luna	G	frog	13.645		443.22	1390.62	2490.6	0.44953	169.3	369.294	1385.14	2611.89
luna	DH	the	13.835	169.07	216.99	1900.71	2789.84	0.34853	164.489	238.06400000000002	1607.855	2733.09
luna	K	kids	13.955		544.53	2064.67	2892.23	0.46843	162.497	431.04449999999997	1957.815	2770.175
luna	IH1	kids	14.065		536.9	2033.75	2778.28	0.70489	126.39775	489.328	2069.75	2878.66
luna	K	can	14.940000000000001		834.36	2466.27	3136.7	0.72566	183.3185	347.54949999999997	1667.885	2674.65
luna	N	can	15.045	180.94	257.02	1568.78	2896.58	0.29421	187.119	241.491	1596.98	2617.0
luna	UW1	scoop	15.245000000000001	238.98	430.38	1888.31	2761.13	0.62423	238.969	366.659	2323.45	2842.14
luna	P	scoop	15.315		292.24	1538.44	2512.64	0.28806	200.326	354.433	1564.495	2700.7799999999997
luna	IY1	these	15.435	278.16	314.05	1911.53	2478.94	0.35079	284.71849999999995	348.454	2502.97	3085.64
luna	IH1	things	15.665	203.54	621.64	2036.14	2968.83	0.9151	215.817	558.0889999999999	1998.165	3011.07
luna	NG	things	15.765	213.71	244.18	1185.69	2192.0	0.21706	193.727	265.186	1579.43	2663.51
luna	Z	things	15.86		1005.84	1880.26	2984.84	0.6434	165.806	389.991	1739.725	2731.9
luna	N	into	15.965	186.04	294.25	2098.27	3254.21	0.4615	113.6315	387.362	1952.67	3097.0
luna	T	into	16.025		1460.69	2463.42	3280.07	1.0	177.66899999999998	541.556	1934.94	3048.5
luna	TH	three	16.17		1058.23	2367.65	3143.82	0.95048	174.20600000000002	1274.3	2464.56	3450.27
luna	IY1	three	16.315	217.89	374.89	2379.42	2844.82	0.54974	219.392	356.8295	2006.585	2479.1
luna	R	red	16.385	220.95	355.99	1467.44	2196.6	0.30388	217.8485	372.815	1589.38	2375.31
luna	EH1	red	16.455	226.25	717.4	1797.52	2847.34	0.80178	224.074	607.56	1815.205	2744.325
luna	D	red	16.52		877.04	2230.43	2804.82	1.0	226.241	452.371	2261.27	2876.37
luna	AE1	bags	16.73	169.16	763.11	1724.94	2722.52	0.59685	178.76850000000002	648.4	1685.02	2700.65
luna	G	bags	16.884999999999998	175.76	187.86	1571.48	2037.28	0.25368	178.82850000000002	266.379	1556.95	2617.35
luna	W	will	17.27	157.65	179.34	1477.82	2524.83	0.17695	165.14	263.651	1528.21	2646.37
luna	L	will	17.365	170.12	288.16	933.77	2745.47	0.07563	173.0865	406.566	1011.99	2564.28
luna	G	go	17.439999999999998		915.14	1362.0	2648.56	0.87292	171.876	482.692	1452.78	2696.605
luna	OW1	go	17.53	200.43	461.4	1233.34	2633.39	0.35235	198.931	363.491	1307.74	2602.22
luna	M	meet	17.61	213.76	232.34	1269.17	2463.04	0.26509	206.968	244.689	1354.18	2654.82
luna	IY1	meet	17.68	221.49	273.09	1213.2	2603.78	0.14472	216.61200000000002	255.792	1606.52	2624.9700000000003
luna	EH1	wednesday	17.98	180.38	697.59	1733.64	2679.54	0.7412	190.111	611.183	2440.5	3709.06
luna	N	wednesday	18.045	180.42	313.46	1505.0	2755.87	0.36609	179.0545	275.232	1608.89	2657.56
luna	Z	wednesday	18.125		828.01	1826.29	2849.5	0.55623	172.2545	407.07	1630.37	2681.68
luna	EY2	wednesday	18.325	168.03	451.22	2178.42	2935.37	0.80017	92.7207	401.097	1870.29	2884.77
luna	T	at	18.55		452.12	1553.54	2784.99	0.39182	138.81	895.7435	2031.225	3338.025
luna	EY1	train	18.810000000000002	175.34	442.49	2403.09	2755.2	0.49473	176.167	300.18	1952.41	2513.94
luna	N	train	18.880000000000003	165.53	316.66	1832.27	2549.68	0.43956	167.519	264.658	1691.655	2577.895
luna	EY1	station	19.11	192.84	390.02	2358.67	2777.32	0.36465	184.1185	324.6965	2118.05	2582.71
luna	N	station	19.4	172.55	192.64	1301.57	2922.19	0.14092	177.2835	200.239	1632.71	2673.7
morgan	M	my	0.3		288.73	1326.4	2718.73	0.37351	227.808	292.211	1282.89	2678.36
morgan	AY1	my	0.4	227.87	753.57	1345.86	1815.01	0.3819	230.6225	722.667	1772.07	3095.56
morgan	D	advisor	0.525	221.12	447.29	2033.88	2914.78	0.62736	220.1105	1192.7445	2522.865	3704.73
morgan	V	advisor	0.5700000000000001		510.35	1989.97	2753.75	0.57547	153.67355	368.279	1895.35	2732.73
morgan	AY1	advisor	0.6499999999999999	229.78	691.69	1781.3	2730.34	0.45383	232.84	674.7855	1782.745	2697.105
morgan	Z	advisor	0.73	223.66	442.94	1860.11	2968.95	0.39039	223.648	396.32849999999996	1849.45	2987.0
morgan	ER0	advisor	0.775	230.41	431.25	1881.61	2731.46	0.55505	228.7885	397.2845	1888.98	2841.385
morgan	IH0	is	0.8200000000000001	228.42	429.02	1853.87	2600.52	0.39299	231.696	410.633	1881.76	2942.56
morgan	Z	is	0.87	225.61	289.7	1785.76	3203.99	0.31104	224.999	269.5465	1825.725	3249.325
morgan	L	like	0.91	236.35	483.87	1202.65	3242.73	0.4664	234.908	507.71299999999997	1262.8400000000001	3214.585
morgan	AY1	like	0.9750000000000001	229.53	647.99	1891.84	2285.36	0.4252	230.953	532.321	1883.17	2998.74
morgan	K	like	1.05		462.78	1842.48	2431.31	0.36874	220.71	417.2115	1814.895	2655.035
morgan	T	but	1.165	221.91	470.03	2036.71	2629.75	0.50987	361.2785	478.349	1925.56	2591.29
morgan	UW1	you	1.25	258.22	441.52	2277.53	2667.77	0.7308	254.718	416.9285	2202.56	2697.455
morgan	D	don't	1.295	257.0	368.96	2042.41	2769.51	0.54087	257.533	424.805	1982.48	2686.9
morgan	OW1	don't	1.365	298.98	774.88	1386.81	2018.71	1.0	296.921	692.46	1448.75	2731.12
morgan	N	don't	1.455	275.21	496.93	1501.31	1927.85	0.64246	280.41	616.871	1686.84	2544.31
morgan	AE1	actually	1.54	259.11	777.04	1823.01	2749.17	0.64418	261.72749999999996	766.643	1822.62	2697.19
morgan	K	actually	1.605	259.36	786.2	1844.78	2806.3	0.54465	259.4865	757.182	1846.3	2685.2
morgan	L	actually	1.73	224.83	465.74	1504.26	3174.06	0.50806	228.9	453.8565	1600.525	3116.13
morgan	IY0	actually	1.775	213.54	454.4	2152.27	2914.95	0.67961	216.991	411.288	1955.65	2724.81
morgan	M	make	1.8399999999999999	201.85	345.83	1939.05	2781.98	0.61683	203.3005	304.679	1955.65	2625.74
morgan	EY1	make	1.9249999999999998	206.14	527.59	2473.99	2948.88	0.70546	206.397	520.382	2482.75	2853.35
morgan	K	make	1.995		443.14	2416.82	2875.47	0.50124	198.88	524.092	2297.53	3032.79
morgan	L	clothes	2.2249999999999996	218.34	513.2	1137.07	2829.96	0.49586	217.601	565.497	1263.3000000000002	2793.925
morgan	OW1	clothes	2.3449999999999998		599.64	1410.28	2998.83	0.73583	610.3475000000001	600.837	1414.15	2945.22
morgan	N	and	2.535	220.04	454.12	1497.34	3074.62	0.57697	221.6295	458.9615	1524.5149999999999	3110.0299999999997
morgan	D	and	2.565	222.33	590.58	1467.22	2370.82	0.67499	221.837	624.559	1445.9499999999998	2757.295
morgan	AH0	i'm	2.6	220.73	648.93	1334.52	2999.38	0.20205	221.401	633.963	1360.48	2791.04
morgan	M	i'm	2.64	220.22	403.53	1304.42	2092.83	0.56089	218.4435	435.657	1309.27	2545.43
morgan	AY1	like	2.755	216.28	652.77	1680.97	1805.06	0.34819	218.21	640.708	1825.25	2846.97
morgan	W	well	2.885		564.45	1301.45	2425.62	0.7868	274.7115	548.911	1765.22	2783.74
morgan	EH1	well	2.98	240.68	750.01	1188.66	2848.52	0.67286	233.961	756.534	1235.13	2883.42
morgan	L	well	3.09	354.62	673.79	1108.5	2419.29	0.74802	217.658	711.1725	1912.2749999999999	3504.045
morgan	AY1	i	3.17	225.96	692.58	1840.3	2476.49	0.47911	223.47500000000002	686.081	1855.69	3153.83
morgan	M	made	3.26	216.0	304.0	1109.81	1852.96	0.347	218.345	352.827	1739.06	2716.32
morgan	EY1	made	3.38	244.64	521.08	1068.64	2454.86	0.37273	242.4535	528.003	2274.54	3115.64
morgan	D	made	3.48		418.5	1550.34	2311.0	0.49789	252.71800000000002	467.82	2278.12	3052.75
morgan	IH1	this	3.575	271.63	539.36	1750.84	2103.9	0.64012	264.47	497.5765	1821.565	3046.3450000000003
morgan	OW1	coat	3.95	255.97	507.67	1072.19	2698.44	0.42303	222.596	507.0085	1265.115	2648.6
morgan	T	coat	4.055		443.91	1127.75	2847.87	0.29289	326.661	416.37850000000003	1129.06	2997.75
morgan	DH	that	4.09		351.74	1603.62	2888.69	0.4513	246.882	406.5335	1522.76	2861.9849999999997
morgan	AH0	that	4.135	232.97	552.57	1655.75	2962.06	0.27707	364.098	536.312	1646.99	3101.3
morgan	T	that	4.195	197.7	560.86	1549.47	2340.66	0.46397	200.3595	582.066	1598.62	2740.2749999999996
morgan	AY1	i'm	4.26	194.67	765.02	1444.39	2861.16	0.4408	195.3665	762.777	1381.49	2840.24
morgan	M	i'm	4.3149999999999995		831.13	1421.61	3026.71	1.0	194.092	649.738	1251.4	2729.75
morgan	W	wearing	4.38		511.87	966.35	2993.19	0.62004	194.61	551.948	1121.26	2630.47
morgan	EH1	wearing	4.47	195.94	683.11	1795.05	2346.15	0.73154	195.146	667.025	1728.72	2328.8
morgan	R	wearing	4.56	201.36	645.76	1691.41	1992.78	0.83936	201.0075	647.448	1771.32	2792.5
morgan	IH0	wearing	4.66	204.59	622.54	2065.78	2220.81	0.97605	203.252	608.917	2021.52	2431.59
morgan	NG	wearing	4.84		356.5	1052.66	2341.16	0.38721	243.223	343.1105	1648.655	2665.93
morgan	AE1	and	5.03		677.85	1720.68	2886.62	0.8799	435.079	671.434	1948.3	3343.19
morgan	N	and	5.095000000000001	213.25	625.28	1143.1	1906.45	0.76122	218.189	568.488	1804.46	3308.24
morgan	D	and	5.140000000000001	221.13	352.67	1768.32	2686.95	0.46752	219.2825	468.551	1758.25	3304.97
morgan	AY1	i	5.195	210.04	652.98	1538.14	1898.71	0.29094	210.307	641.6095	1904.145	3146.5550000000003
morgan	M	made	5.28	208.34	353.76	1850.98	2636.07	0.60893	208.40949999999998	329.133	1861.62	2529.84
morgan	EY1	made	5.385	260.28	522.82	1798.58	2333.35	0.54179	252.1495	496.264	2123.1949999999997	2789.145
morgan	D	made	5.465		483.49	2186.36	2745.7	0.69873	265.548	417.429	2173.2	3900.41
morgan	AY1	my	5.575	205.56	688.61	1875.55	2236.02	0.48667	205.72899999999998	661.085	1772.25	2681.37
morgan	P	purse	5.6899999999999995		811.73	1675.8	2314.66	0.67022	204.2	636.848	1767.065	2517.38
morgan	ER1	purse	5.87	205.55	613.6	1675.52	1947.69	0.72933	210.065	554.8330000000001	1686.8	2745.095
morgan	D	and	6.085	215.88	424.65	1974.52	3085.54	0.58995	218.249	405.63750000000005	2038.975	3048.965
morgan	HH	he's	6.115	213.83	427.33	2221.93	2986.8	0.55945	213.841	405.7545	2174.765	2988.94
morgan	IY1	he's	6.145	212.15	427.5	2193.59	2934.69	0.61064	212.508	417.59450000000004	2070.6	2966.63
morgan	AY1	like	6.295	218.08	599.45	1804.62	1960.11	0.30873	218.0325	568.7194999999999	1749.875	3042.51
morgan	K	like	6.355		554.9	2083.91	2680.42	0.47885	302.5075	563.954	1906.05	2688.78
morgan	OW1	ok	6.42	227.17	618.18	1203.68	2690.17	0.72697	193.485	557.688	1397.44	2662.07
morgan	K	ok	6.495		613.73	1678.09	2664.46	0.4096	245.107	556.1310000000001	1692.96	2711.76
morgan	EY1	ok	6.57	202.08	482.06	2195.93	2749.05	0.53841	206.82999999999998	451.35350000000005	2144.1949999999997	2673.7200000000003
morgan	T	but	6.695	188.45	389.82	2201.4	2713.86	0.49214	198.005	400.892	2139.48	2678.56
morgan	UW1	you	6.779999999999999	233.21	426.94	2378.44	2799.02	0.72734	233.36950000000002	401.029	2340.3	2811.94
morgan	D	didn't	6.83	216.79	287.62	2206.64	2848.13	0.48223	221.705	344.7605	2226.99	2954.56
morgan	IH1	didn't	6.915	269.78	540.58	1974.37	2716.76	0.69913	269.004	491.60249999999996	2053.2	3038.4049999999997
morgan	D	didn't	7.05		1126.53	2249.58	3152.44	1.0	276.804	634.4984999999999	1652.1100000000001	3047.73
morgan	AH0	didn't	7.154999999999999	216.08	635.81	1728.55	2481.68	0.81754	218.242	640.7429999999999	1783.025	3106.6099999999997
morgan	N	didn't	7.21		502.23	1966.34	2512.36	0.748	210.091	507.8965	2020.505	2785.755
morgan	M	make	7.43		320.72	1801.15	2657.19	0.54149	200.203	327.52650000000006	1661.49	2644.34
morgan	EY1	make	7.5649999999999995	200.36	529.78	2510.85	2940.97	0.7188	195.89350000000002	534.5285	2363.335	2848.795
morgan	K	make	7.67		615.57	1152.12	2467.44	0.27951	200.418	1053.68	2486.28	2985.57
morgan	AH0	the	7.8		567.35	1691.23	3036.28	0.7048	208.198	567.126	1671.5	2972.99
morgan	AE1	fabric	7.985	247.57	855.1	1482.83	2507.75	0.66032	223.9885	795.7055	1518.7399999999998	2908.7749999999996
morgan	IH0	fabric	8.24		616.66	1723.46	2169.34	0.89173	558.789	585.469	1764.87	2183.61
morgan	R	right	8.445		523.17	1336.44	1788.71	0.52582	350.04400000000004	539.79	1534.0900000000001	2152.29
morgan	AY1	right	8.6	218.35	463.44	2310.42	2646.19	0.28489	226.953	509.5525	2092.425	2519.755
morgan	T	right	8.75		434.24	2407.64	2809.1	0.56723	429.428	451.485	2222.265	2718.55
morgan	IH1	which	9.54	216.81	437.88	2018.64	2638.13	0.45618	218.922	441.776	1856.17	2583.49
morgan	DH	the	9.915		248.78	1908.05	2870.84	0.39094	238.774	345.96500000000003	2072.395	2670.375
morgan	IY0	the	10.010000000000002	217.56	431.23	2429.11	2528.06	0.66206	220.701	452.96299999999997	2426.42	3042.145
morgan	AE1	answer	10.08	209.47	701.15	1929.26	2391.28	0.56566	214.754	660.639	1792.1	3021.08
morgan	N	answer	10.145	212.18	375.87	1694.73	2492.3	0.50016	210.72	370.394	1712.43	3048.49
morgan	W	was	10.295	205.0	436.86	1241.5	2069.31	0.55724	204.649	460.3185	1470.44	2256.8450000000003
morgan	AH0	was	10.34	208.41	446.77	1557.42	2834.38	0.27081	206.054	442.257	1596.17	2885.66
morgan	N	no	10.469999999999999	210.7	402.13	1718.28	3144.31	0.54476	212.653	470.0225	1740.41	2973.98
morgan	OW1	no	10.555	190.61	738.05	1446.46	2503.02	1.0	191.191	731.91	1404.18	2842.82
morgan	AY1	i	10.649999999999999	199.35	793.67	1562.26	3019.77	0.53631	100.149	791.073	1515.09	2889.43
morgan	AE1	hadn't	10.825	205.64	821.2	1649.63	2947.25	0.65865	203.978	822.735	1684.76	2966.36
morgan	N	hadn't	10.95		434.56	1317.48	1792.2	0.50969	96.84655000000001	421.0375	1732.17	3086.2349999999997
morgan	EY1	made	11.11		544.1	2207.97	2825.74	0.68306	318.6725	504.53	2110.58	2915.12
morgan	D	made	11.18		508.27	2189.19	2863.19	0.7272	99.2726	405.01800000000003	2051.24	2881.035
morgan	AE1	that	11.305		865.07	1666.26	2422.84	0.72591	425.388	818.642	1665.795	3014.67
morgan	AE1	fabric	11.505		774.82	1614.52	2351.55	0.58265	385.82	770.025	1636.13	2571.05
morgan	OW1	so	12.59	222.16	495.9	981.55	2847.66	0.37059	252.3175	622.288	1378.68	2807.19
morgan	M	my	13.21	227.72	366.35	1165.08	1910.79	0.46494	229.306	757.0295	1500.74	2972.4300000000003
morgan	AY1	my	13.285	222.12	689.74	1767.33	2482.96	0.44493	223.769	663.1595	1639.655	2394.95
morgan	AH0	prospectus	13.435	255.91	477.33	1852.81	2477.55	0.60361	262.14	525.564	1822.8	2847.38
morgan	EH1	prospectus	13.595	314.38	672.29	1604.25	2262.17	0.64856	313.274	658.808	1749.08	2615.64
morgan	K	prospectus	13.665		664.39	1700.58	2490.95	0.44267	314.978	595.463	1726.62	2411.95
morgan	AH0	prospectus	13.765	264.74	538.91	1806.09	2652.58	0.68708	265.097	533.9255	1789.0749999999998	3162.1499999999996
morgan	IH0	defense	13.940000000000001	226.82	599.86	1745.55	3143.67	0.86367	233.9185	506.313	1735.53	3024.63
morgan	EH1	defense	14.12	207.41	815.93	1730.6	3231.38	0.97986	208.12150000000003	727.789	1699.2	3290.4
morgan	N	defense	14.25	228.83	339.38	1792.67	3359.15	0.46558	222.47	285.01750000000004	1668.245	3144.58
morgan	AY1	i	15.18	224.42	629.54	2268.85	3125.63	0.54633	223.041	508.353	2147.69	2984.8
morgan	AH1	spun	16.365	251.74	769.19	1496.16	2375.5	0.96646	253.373	748.914	1490.42	3366.27
morgan	N	spun	16.68	274.56	421.08	1660.11	1987.53	0.5612	259.41999999999996	464.976	1782.46	3327.67
morgan	AA1	yarn	17.295	215.19	783.22	1258.33	2848.5	0.69812	217.38	802.838	1441.03	2884.88
morgan	R	yarn	17.515	211.13	563.44	1666.02	1901.25	0.70002	211.04649999999998	597.608	1664.3600000000001	2850.29
morgan	AH0	that	17.845	231.2	574.93	1837.85	2570.87	0.35997	232.444	523.292	1800.76	3190.62
morgan	T	that	17.905	204.12	431.48	1700.18	3021.67	0.41014	225.894	456.302	1715.79	3043.48
morgan	AY1	i	18.005	211.15	624.81	1938.34	3041.66	0.40514	215.0375	623.42	1944.17	3100.37
morgan	DH	then	18.125		366.82	1353.59	2158.93	0.41194	210.071	448.05	2015.35	2993.17
morgan	EH1	then	18.325000000000003	215.68	755.81	1754.62	2373.05	0.86582	215.647	717.592	1791.635	3164.23
morgan	N	then	18.655	224.96	517.46	1731.35	2914.96	0.72173	215.039	530.869	1785.21	3209.39
morgan	IH1	knit	19.28	248.69	661.67	1772.02	2414.27	0.94794	249.6715	570.51	2383.58	3191.39
morgan	T	knit	19.415		487.11	2205.88	2662.21	0.55846	354.2955	537.035	2179.1	3154.84
morgan	IH0	into	19.545	242.82	486.15	2387.68	3023.53	0.66803	240.596	471.9425	2293.73	3043.42
morgan	N	into	19.66	216.23	347.45	1321.73	2424.11	0.37901	219.183	306.529	1824.99	2867.495
morgan	T	into	19.785		764.1	2193.99	3018.34	0.74188	226.8365	559.205	2141.64	3021.58
morgan	UW1	into	20.075000000000003	212.9	425.97	1855.46	2569.87	0.68848	213.44	436.923	1750.37	2674.29
morgan	EY1	a	20.43	209.38	438.97	2257.36	2477.26	0.6355	224.748	449.09299999999996	2220.02	2785.655
morgan	EH1	sweater	20.725	216.08	712.61	1382.21	2937.09	0.65911	219.0225	681.5355	1474.4850000000001	2867.575
morgan	T	sweater	20.795	211.76	472.4	1677.72	1996.97	0.43269	212.854	535.838	1723.505	2750.59
morgan	ER0	sweater	20.869999999999997	209.66	586.05	1676.58	1904.1	0.80563	210.164	558.9	1565.9450000000002	2746.2349999999997
morgan	V	vest	20.939999999999998		399.06	1453.6	1799.33	0.38321	202.966	511.585	1689.33	2614.5
morgan	EH1	vest	21.085	198.28	801.13	1612.78	2455.78	0.91218	198.64	795.7885	1660.445	2885.4
morgan	AH0	that	21.990000000000002	225.89	574.07	1792.79	3192.35	0.34612	226.7195	515.568	1748.775	3246.67
morgan	AY1	i	22.119999999999997	210.67	654.24	1761.18	2597.47	0.38299	212.381	641.546	1689.73	2727.71
morgan	W	wore	22.255	209.68	592.83	1596.02	2664.4	0.90324	210.523	460.9365	1453.445	2535.4700000000003
morgan	R	wore	22.46	222.61	539.75	1300.56	1867.13	0.54018	221.3435	548.203	1531.09	2119.91
morgan	T	to	22.555		616.82	1766.79	3145.22	0.54923	221.234	491.794	1708.095	3016.0299999999997
morgan	M	my	22.665	222.31	322.31	1307.15	2041.82	0.42523	228.037	326.108	1391.32	2616.91
morgan	AY1	my	22.735	208.11	770.22	1626.18	1889.04	0.52282	208.44150000000002	731.123	1928.79	2864.76
morgan	D	defense	22.815		433.82	1733.19	2390.11	0.55184	207.517	448.649	2044.2549999999999	3095.15
morgan	N	defense	23.225		487.88	1661.95	3300.67	0.66248	200.791	337.437	1661.53	3138.95
morgan	OW1	so	23.485	214.51	501.08	1471.33	2334.23	0.51144	215.78300000000002	481.1225	1472.885	3228.24
morgan	DH	that	23.535	205.23	458.21	1423.42	2015.77	0.54531	205.601	480.655	1476.0349999999999	3257.725
morgan	T	that	23.6	206.51	592.18	1493.01	2668.05	0.47261	209.2165	609.713	1617.64	3106.39
morgan	AY1	i	23.655	204.38	720.68	1870.21	2732.01	0.53823	206.4675	643.101	1801.745	2905.5550000000003
morgan	D	could	23.835		463.11	1980.08	2770.98	0.63438	222.486	395.55	2019.8899999999999	2798.015
morgan	AH0	specifically	24.025	232.98	463.55	1628.77	3006.91	0.53255	233.101	465.334	1644.37	3008.7
morgan	IH1	specifically	24.17	246.36	543.22	1910.02	2999.61	0.68953	246.5765	527.4135	1831.0949999999998	2971.1949999999997
morgan	F	specifically	24.235		495.43	1748.13	2770.72	0.32931	242.211	469.426	1868.77	2938.59
morgan	IH0	specifically	24.285	257.53	507.92	2032.85	2599.74	0.74549	288.543	506.383	1869.86	2644.52
morgan	K	specifically	24.33		498.97	1894.66	2622.07	0.40136	181.388	545.9505	1710.585	2614.3
morgan	L	specifically	24.385	232.04	467.05	1188.72	2515.83	0.43534	233.585	450.5715	1578.3400000000001	2920.3050000000003
morgan	IY0	specifically	24.46	226.87	418.54	1854.33	2441.84	0.61705	211.591	435.659	1946.86	2824.44
morgan	EY1	say	24.7	211.36	623.59	2208.38	2530.11	0.86501	211.8485	608.652	2143.34	2917.66
morgan	DH	that	24.795		441.88	1980.78	2309.36	0.65519	199.3225	435.71	1925.03	2878.92
morgan	AH0	that	24.845	212.39	628.79	1725.49	2304.42	0.40535	212.849	621.256	1709.06	3053.33
morgan	T	that	24.89	205.94	531.2	1670.97	2110.77	0.4707	204.4365	536.527	1646.77	3026.5299999999997
morgan	AY1	i	24.95		729.17	1806.98	2409.9	0.52696	101.71600000000001	698.2255	1778.1999999999998	2816.325
morgan	W	was	25.009999999999998		559.2	1661.62	2581.67	0.86166	350.61345000000006	538.4559999999999	1643.795	2631.9
morgan	AH0	was	25.065	204.89	436.7	1811.46	2890.01	0.38292	201.021	437.3155	1756.96	2896.075
morgan	Z	was	25.14		406.07	1684.06	3012.99	0.34725	200.965	427.675	1754.45	3150.19
morgan	EH1	wearing	25.375	227.61	645.33	1947.5	2457.18	0.70386	225.59	640.354	1882.8850000000002	2487.625
morgan	R	wearing	25.465	223.48	644.14	1622.34	1959.32	0.81369	223.4075	658.726	1736.13	3282.625
morgan	IH0	wearing	25.535	222.07	644.35	1998.5	2311.38	1.0	221.9715	644.0525	1986.3	2491.245
morgan	NG	wearing	25.615000000000002	212.07	513.2	1973.92	2924.79	0.8211	215.467	374.281	1750.13	2552.07
morgan	OW1	clothing	25.854999999999997	211.53	609.23	1280.28	2968.15	0.72518	212.171	598.5635	1284.1399999999999	2949.015
morgan	IH0	clothing	25.98	207.7	600.58	1944.77	2211.5	0.90747	208.125	598.402	1992.22	2951.0
morgan	NG	clothing	26.05	202.27	398.68	1529.12	2306.57	0.54456	197.249	362.028	2236.97	2818.585
morgan	DH	that	26.115000000000002	197.8	418.87	1458.65	1879.03	0.50323	197.249	483.792	1655.24	2928.29
morgan	AH0	that	26.155	202.38	616.43	1688.16	2389.1	0.37727	201.51850000000002	611.486	1673.27	3003.2349999999997
morgan	T	that	26.185000000000002	203.44	609.0	1646.76	2815.94	0.51765	202.41500000000002	620.924	1707.26	2945.2799999999997
morgan	AY1	i	26.25	196.37	639.75	1987.02	2416.03	0.44978	197.542	609.672	2022.75	2993.615
morgan	IH1	did	26.555	209.92	573.58	2107.55	2633.81	0.81413	210.4765	522.1469999999999	2136.985	3012.88
morgan	D	did	26.765	226.72	457.12	2016.13	2959.14	0.63487	221.4145	478.62	2025.7849999999999	3208.2200000000003
morgan	IH1	spin	27.615000000000002	205.7	633.96	2092.91	2288.38	0.9598	210.062	619.145	2048.7400000000002	3038.5699999999997
morgan	N	spin	27.759999999999998	200.23	353.32	1845.72	2724.53	0.49777	198.83	337.095	1848.48	3001.22
morgan	M	myself	27.854999999999997	204.3	303.49	1332.62	1999.7	0.39978	204.319	300.062	1370.32	2158.94
morgan	EH1	myself	28.25		910.95	1524.04	2612.22	1.0	231.281	764.1965	1502.9699999999998	2732.31
quinn	AE1	that	0.52	296.31	574.13	1472.41	2622.23	0.25651	297.06	426.89	1348.49	2609.42
quinn	T	that	0.625		382.29	1450.31	2372.37	0.32228	287.809	425.728	1530.6399999999999	2648.955
quinn	W	quick	0.76		91.61	1350.42	2355.9	0.0	177.537	796.8779999999999	2025.67	3109.705
quinn	IH1	quick	0.825	288.98	293.76	1529.58	2312.18	0.0	292.412	296.0405	1618.2800000000002	2580.21
quinn	EY1	beige	1.1	339.66	351.69	2121.35	2651.96	0.22328	341.216	351.106	1720.0300000000002	2541.995
quinn	AA1	fox	1.555	240.62	622.69	1142.95	2600.89	0.36273	244.228	365.66999999999996	1241.9299999999998	2531.2349999999997
quinn	K	fox	1.71		380.62	1376.26	2197.87	0.208	243.8915	776.129	2183.64	3472.43
quinn	AH1	jumps	1.975	286.9	339.95	747.21	2219.93	0.0	289.7315	319.879	1506.195	2597.215
quinn	M	jumps	2.02	273.14	278.4	974.8	2359.32	0.27153	274.049	295.098	1631.01	2649.55
quinn	P	jumps	2.075	267.17	288.08	1491.79	2666.12	0.27603	269.319	285.828	1760.97	3058.01
quinn	IH0	in	2.21	298.33	305.45	1523.59	2541.07	0.24223	306.29650000000004	311.77	1580.68	2619.4
quinn	N	in	2.25	287.39	288.69	1153.85	2504.64	0.25503	287.8335	299.9735	1523.66	2615.98
quinn	DH	the	2.295	297.73	301.11	1132.12	2286.39	0.27585	300.963	321.572	1658.16	2717.93
quinn	IY0	the	2.385	298.45	304.16	2079.12	2372.65	0.39009	299.389	308.919	2043.43	2636.18
quinn	EH1	air	2.54	259.83	424.57	1856.68	2541.49	0.22777	260.3	351.653	1704.6	2405.27
quinn	OW1	over	2.89	331.18	347.26	1016.09	2201.98	0.0171	324.525	334.7305	1404.1100000000001	2629.385
quinn	V	over	2.975	275.04	282.8	1112.67	1958.46	0.22909	285.059	296.148	1586.69	2631.04
quinn	IY1	each	3.205	272.67	280.17	2133.32	2406.91	0.33081	271.474	281.993	1806.225	2659.72
quinn	IH1	thin	3.575	273.02	328.88	1668.21	2756.81	0.09878	275.192	307.669	1633.94	2731.53
quinn	N	thin	3.6950000000000003	250.54	255.5	1143.23	2311.41	0.20266	250.63400000000001	253.8275	1383.98	2668.705
quinn	D	dog	3.81		711.13	1710.08	2811.55	0.85949	240.842	348.429	1551.28	2660.58
quinn	AO1	dog	3.995	218.47	344.16	852.89	2632.29	0.0	221.6765	345.818	940.161	2587.92
quinn	G	dog	4.199999999999999		249.71	1115.78	3093.46	0.21831	231.90800000000002	346.46950000000004	1413.75	2778.125
quinn	L	look	4.49	326.67	327.93	1393.99	2732.92	0.26649	304.1655	323.79100000000005	1185.3400000000001	2566.625
quinn	K	look	4.645		685.19	1737.6	2821.54	0.46317	315.974	417.56	1644.65	2823.18
quinn	T	out	4.865	334.04	368.88	1391.63	2800.65	0.3004	344.302	379.3295	1474.96	2678.335
quinn	AY1	i	4.98		717.62	1644.07	2734.1	0.44192	307.917	522.179	1516.25	2706.2
quinn	T	shout	5.51		474.82	1587.09	2915.12	0.41444	262.718	351.3245	1621.67	2661.045
quinn	HH	he's	5.6850000000000005	292.05	305.12	1834.73	2267.92	0.35474	293.719	309.979	1759.885	2386.7349999999997
quinn	IY1	he's	5.75	294.91	306.7	1859.85	2648.87	0.32768	294.7355	309.118	1812.85	2649.95
quinn	Z	he's	5.865		803.82	1956.53	2746.83	0.56529	295.99	636.707	1835.02	2945.785
quinn	OY1	foiled	6.09	296.55	322.54	893.81	2543.1	0.0	297.163	333.598	1076.94	2711.4
quinn	L	foiled	6.220000000000001	320.62	341.09	865.51	2888.99	0.14257	318.137	347.251	1580.56	2723.035
quinn	D	foiled	6.33		1149.39	1995.02	2936.71	1.0	288.40250000000003	526.201	1797.6	2835.0
quinn	UW1	you	6.47	323.16	328.9	1576.57	2259.42	0.37426	323.1735	349.685	1717.33	2623.84
quinn	AH0	again	6.56	320.19	348.91	1755.09	2271.53	0.38594	320.955	334.6725	1804.995	2802.925
quinn	G	again	6.65		922.16	2171.07	2783.68	1.0	276.721	372.026	1872.77	2618.42
quinn	EH1	again	6.77	268.94	362.02	1602.32	2472.96	0.01967	258.474	341.774	1673.87	2675.51
quinn	R	creating	7.305	281.0	171.13	1593.09	2511.05	0.05203	283.123	285.43	1808.285	2411.17
quinn	IY0	creating	7.404999999999999	276.16	300.06	2215.48	2473.9	0.24684	277.525	302.88	1730.01	2576.91
quinn	EY1	creating	7.51	279.8	427.1	2216.65	2787.84	0.41735	279.8215	425.7795	1802.5700000000002	2616.955
quinn	T	creating	7.57	253.19	254.89	1755.4	2731.12	0.30366	156.5802	296.016	1805.7	2658.26
quinn	IH0	creating	7.62	269.08	293.35	2367.42	2973.45	0.39819	269.66	293.66049999999996	1725.25	2635.755
quinn	NG	creating	7.71	260.65	268.55	789.7	2138.15	0.1888	262.589	280.242	1618.76	2659.8
quinn	K	chaos	7.84		1246.38	2329.24	2878.73	0.91487	207.667	689.033	2544.8500000000004	3421.6899999999996
quinn	EY1	chaos	7.925000000000001	290.05	470.55	1658.25	2575.36	0.39049	291.682	399.0875	1494.29	2547.3450000000003
steve	AH1	from	0.545	229.61	270.33	1372.02	2880.74	0.0	237.962	277.2785	1411.5349999999999	2657.875
steve	M	from	0.5900000000000001	211.53	217.05	1212.5	2435.69	0.22579	216.136	222.935	1551.02	2684.42
steve	R	hour	1.375	180.5	455.62	1272.74	2338.59	0.39772	179.272	386.02200000000005	1290.4099999999999	2488.65
steve	AY1	i	1.505	193.74	531.23	1500.97	2753.69	0.07204	183.713	404.096	1215.28	2627.2
steve	HH	have	1.62	159.89	643.04	1465.92	2732.64	0.52195	154.578	361.731	1569.58	2811.81
steve	AE1	have	1.7	183.63	401.02	1449.52	2774.53	0.00309	181.7115	322.062	1385.87	2750.17
steve	N	not	1.79	169.03	187.24	1545.45	2847.01	0.18391	169.026	177.09449999999998	1600.9099999999999	2692.355
steve	AA1	not	1.855	170.36	222.77	993.15	2890.38	0.0	171.99	139.28300000000002	1342.96	2617.18
steve	T	not	1.9249999999999998		472.71	1602.03	2973.98	0.4163	173.353	506.469	1573.48	2721.49
steve	B	been	1.9949999999999999		476.9	1365.4	2521.34	0.51578	172.04950000000002	311.6015	1590.0500000000002	2611.48
steve	IH1	been	2.085	179.03	366.77	1823.7	2761.2	0.23145	183.149	274.509	1647.3449999999998	2691.8999999999996
steve	N	been	2.285	166.25	190.97	1147.53	2507.97	0.10608	167.67399999999998	209.75	1644.95	2668.98
steve	EH1	as	2.6550000000000002	174.21	434.01	1375.67	2738.55	0.02949	175.889	368.338	1319.66	2602.61
steve	Z	as	2.7350000000000003	145.31	927.58	2304.19	3140.8	0.67311	149.819	887.7255	2112.1400000000003	3198.125
steve	DH	others	2.88		316.14	1542.08	2783.32	0.3913	158.481	408.1675	1619.05	2708.545
steve	ER0	others	2.95	179.6	330.85	1456.84	2557.65	0.20219	179.607	295.05600000000004	1535.255	2702.5950000000003
steve	Z	others	3.0300000000000002	146.52	128.12	1599.42	2772.16	0.21096	164.993	1576.05	2759.26	3957.9
steve	AY1	i	3.525	187.83	347.09	1150.79	2711.77	0.0	188.722	296.641	1363.27	2618.21
steve	HH	have	3.61		907.87	1646.39	2660.67	0.78307	172.01049999999998	676.236	1502.055	2680.215
steve	AE1	have	3.6950000000000003	173.61	312.53	1227.51	2583.38	0.0	173.919	307.325	1553.07	2586.28
steve	N	not	3.79	180.15	195.52	1176.48	2730.89	0.11903	174.541	191.37	1431.41	2717.19
steve	AA1	not	3.8600000000000003	175.97	337.15	943.29	2271.01	0.0	177.45	291.839	996.078	2674.53
steve	T	not	3.9450000000000003	198.45	262.34	1699.83	2815.85	0.29647	196.86700000000002	280.53499999999997	1463.165	2692.325
steve	IY1	seen	4.25	171.56	262.07	2395.22	2951.24	0.34712	170.77949999999998	240.995	1620.19	2617.805
steve	N	seen	4.46	172.93	183.88	1381.18	2992.05	0.14438	167.39350000000002	1546.33	2601.55	3629.23
steve	Z	as	4.89		323.23	1702.26	2724.85	0.31323	189.12900000000002	1484.635	2606.285	3952.54
steve	AH1	others	4.96	194.62	546.31	607.54	2738.03	0.1698	194.846	397.65	1243.47	2696.37
steve	DH	others	5.025	170.94	253.28	1220.96	2877.5	0.23548	181.6985	271.462	1531.06	2686.08
steve	ER0	others	5.095	201.11	294.62	1514.81	2520.13	0.14694	201.905	274.634	1402.115	2493.34
steve	AO1	saw	5.455	195.39	535.22	915.38	2704.47	0.31717	195.569	480.06	1072.49	2691.21
steve	AY1	i	5.640000000000001	186.26	430.22	1421.67	2643.16	0.0	199.885	396.556	1237.73	2598.3
steve	K	could	5.725		266.47	1516.32	2519.0	0.18102	171.122	275.116	1576.175	2608.415
steve	N	not	5.869999999999999	188.61	236.7	1299.5	2813.39	0.20704	190.839	243.017	1578.23	2651.3
steve	AA1	not	5.9350000000000005	177.08	271.25	789.96	2600.59	0.0	178.755	301.03	919.293	2577.21
steve	T	not	6.015000000000001		238.91	1074.62	2655.0	0.14354	133.88185	766.801	1728.895	3065.51
steve	IH1	bring	6.195	173.67	427.97	1661.67	2255.26	0.34224	176.848	302.219	1700.19	2354.04
steve	NG	bring	6.37	173.82	199.22	1691.64	2504.7	0.22931	172.59	205.448	1634.69	2666.77
steve	AY1	my	6.82	175.45	520.92	1702.73	2653.85	0.13612	175.571	311.3855	1566.02	2531.8900000000003
steve	P	passions	6.9350000000000005		551.36	1562.1	2644.06	0.46985	177.446	303.8205	1426.835	2645.1949999999997
steve	AE1	passions	7.0649999999999995	185.51	590.64	1673.31	2961.78	0.33631	184.987	386.819	1345.755	2568.19
steve	AH0	passions	7.265000000000001	181.91	357.66	1639.99	2878.62	0.37356	182.27	238.055	1621.605	2649.505
steve	N	passions	7.35	172.83	274.91	1064.49	2761.41	0.21547	173.223	224.94299999999998	1623.87	2666.805
steve	Z	passions	7.445		823.84	1987.68	2694.11	0.57892	168.72699999999998	1524.11	2623.71	3726.02
steve	ER0	from	7.5600000000000005	198.16	242.31	1169.69	2201.32	0.02363	157.0805	250.684	1260.03	2371.08
steve	M	from	7.609999999999999	184.5	213.42	1277.38	2292.26	0.0	187.835	238.6285	1554.54	2623.88
steve	AH0	a	7.675	177.48	416.98	1512.48	2578.27	0.43554	179.085	281.0405	1600.88	2638.2200000000003
steve	K	common	7.77		466.03	1369.22	2313.25	0.25255	162.925	1332.02	2480.375	3667.05
steve	AA1	common	7.875	182.1	442.51	1016.21	2761.96	0.0	183.557	294.205	1214.34	2633.15
steve	M	common	7.95	165.01	208.22	1106.48	2622.91	0.18546	164.103	225.607	1576.26	2623.67
steve	AH0	common	8.0	173.96	368.4	1456.53	3359.87	0.34896	174.95350000000002	252.684	1589.2150000000001	2632.67
steve	N	common	8.065	171.67	235.48	1078.6	2707.93	0.15887	173.478	193.089	1606.03	2646.14
steve	R	spring	8.315	189.44	216.49	1515.36	2378.01	0.09815	382.30949999999996	249.8975	1693.22	2695.115
steve	IH1	spring	8.385	170.6	455.4	1868.97	2436.39	0.46203	172.063	295.497	1649.27	2560.39
steve	NG	spring	8.535	173.31	211.61	1143.9	2299.7	0.15345	170.887	176.777	1619.26	2671.9
steve	M	from	9.475000000000001	199.54	340.8	1591.4	2754.87	0.18728	201.683	289.2455	1479.4099999999999	2724.435
steve	DH	the	9.52		454.07	1689.87	2772.52	0.60253	200.454	1547.32	2608.47	3634.96
steve	AH0	the	9.585	195.96	327.12	1600.44	2830.15	0.31816	199.4845	271.202	1560.14	2739.4
steve	S	same	9.695		530.36	1816.2	2870.86	0.28232	142.4795	500.62	1753.86	2847.64
steve	EY1	same	9.775	185.29	418.94	2290.8	2600.84	0.41546	185.79950000000002	281.30150000000003	1686.3600000000001	2611.6099999999997
steve	M	same	9.850000000000001	177.82	207.48	1160.47	2274.65	0.19721	177.262	191.27800000000002	1603.31	2643.875
steve	S	source	9.985		1017.18	1950.63	3222.38	0.52033	171.781	767.1179999999999	1907.255	2989.0249999999996
steve	AO1	source	10.105	214.14	350.57	986.95	2401.17	0.05543	216.604	361.903	1313.71	2564.05
steve	R	source	10.175	210.96	315.77	1111.42	2453.63	0.12091	216.604	300.839	1364.44	2560.37
steve	AY1	i	10.355	218.58	364.57	1656.98	2771.42	0.0	226.724	318.9655	1538.33	2721.84
steve	HH	have	10.42	186.19	231.09	1443.8	2508.38	0.18741	187.044	273.672	1525.46	2621.26
steve	AE1	have	10.485	206.48	676.97	1256.32	2759.43	0.34273	203.52100000000002	491.409	1178.63	2609.44
steve	V	have	10.535	190.12	259.31	1161.9	2538.77	0.2231	197.55700000000002	967.6245	1977.69	3098.44
steve	N	not	10.585	189.02	213.25	1315.66	2843.45	0.17501	188.68	225.314	1625.32	2665.16
steve	AA1	not	10.665	190.02	517.39	1215.8	2781.0	0.21843	193.694	436.888	1307.62	2724.02
steve	T	not	10.745000000000001	201.33	237.45	2535.9	2728.52	0.4632	213.883	528.452	1591.76	2700.37
steve	EY1	taken	10.955	173.85	282.67	2239.09	2839.41	0.09201	174.878	255.599	1808.72	2558.37
steve	AH0	taken	11.129999999999999	166.17	223.24	1864.44	2722.1	0.21871	165.417	210.29700000000003	1764.98	2704.895
steve	AY1	my	11.825	179.15	416.42	1755.58	2691.94	0.0	178.115	279.918	1520.49	2610.9
steve	S	sorrow	11.965		870.15	1955.51	2754.0	0.45539	162.256	813.395	2012.07	3060.11
steve	AA1	sorrow	12.120000000000001	186.49	480.07	905.91	2616.32	0.0	187.92000000000002	566.555	1050.0	2658.66
steve	R	sorrow	12.21	179.24	461.7	833.73	2127.89	0.26005	180.524	1362.9470000000001	2902.0200000000004	4030.0499999999997
steve	OW0	sorrow	12.3	175.61	442.2	849.88	2281.52	0.22538	176.6135	394.619	860.721	2553.92
steve	AY1	i	12.425	178.42	389.72	1435.23	2555.74	0.0	177.876	310.507	1355.74	2470.19
steve	K	could	12.505		406.73	1609.46	2545.56	0.28027	160.6735	337.794	1656.9	2597.92
steve	D	could	12.615	181.17	194.01	1480.12	2469.07	0.23101	186.9515	181.8345	1620.2	2692.985
steve	N	not	12.655000000000001	173.96	234.39	1709.43	2964.89	0.28952	172.81349999999998	248.708	1615.67	2675.68
steve	AA1	not	12.73	167.13	384.45	852.89	2799.57	0.0	169.276	353.44550000000004	1357.545	2682.505
steve	T	not	12.8	168.54	283.87	1078.51	2464.65	0.1746	126.34815	479.07	2526.1	3573.45
steve	AH0	awaken	12.850000000000001	172.68	323.83	841.32	2454.88	0.14353	172.338	296.553	1806.54	3049.035
steve	W	awaken	12.920000000000002	167.81	274.77	631.62	2230.23	0.14151	167.6205	272.32550000000003	1590.625	2622.685
steve	EY1	awaken	13.005	165.48	265.11	2233.55	2483.85	0.05058	165.143	254.555	1619.51	2618.35
steve	K	awaken	13.105		397.43	2087.06	2427.38	0.39427	135.021	563.714	2094.36	2634.59
steve	AH0	awaken	13.21	183.48	409.29	1790.97	2710.22	0.48604	180.056	289.889	1614.3200000000002	2498.175
steve	N	awaken	13.36	177.01	191.26	1269.43	2670.99	0.13208	172.28	1485.0	2208.32	3539.66
steve	AY1	my	14.085	183.7	442.05	1512.64	2814.02	0.0	182.98000000000002	279.077	1402.2	2696.15
steve	HH	heart	14.19	148.77	548.47	1307.94	2715.7	0.40278	163.20100000000002	893.609	1564.28	2740.95
steve	AA1	heart	14.309999999999999	195.68	506.31	1037.2	2209.28	0.10831	194.262	528.297	1613.015	2623.51
steve	T	heart	14.46		389.17	1684.89	3015.18	0.37837	169.93900000000002	433.238	1692.12	2607.76
steve	AH0	to	14.57	198.63	299.17	1801.31	2969.94	0.37146	190.755	248.908	1764.7350000000001	2902.91
steve	OY1	joy	14.86	173.33	455.58	836.33	2587.18	0.17391	172.5105	481.506	1742.77	2600.97
steve	AE1	at	15.04	179.96	369.91	1715.51	2809.35	0.03319	174.8005	302.312	1596.69	2701.52
steve	AH0	the	15.2	175.8	283.18	1740.3	2789.2	0.28239	178.686	245.328	1629.77	2846.73
steve	EY1	same	15.39	172.85	405.28	2137.3	2770.63	0.3495	175.864	316.421	1731.98	2663.71
steve	M	same	15.485	169.51	207.12	1726.51	2383.37	0.33288	167.74	1547.58	2599.0	3622.09
steve	T	tone	15.620000000000001		491.99	1844.46	2767.0	0.48244	156.122	576.038	2209.62	3318.01
steve	OW1	tone	15.81	160.64	391.07	1218.72	2414.92	0.17701	159.781	340.769	1353.275	2530.58
steve	N	tone	16.02	165.32	197.36	1814.88	2599.23	0.25571	154.975	191.243	1599.35	2643.38
steve	D	and	16.615000000000002	176.66	250.07	1212.18	2906.53	0.24036	173.0335	210.947	1581.58	2710.9399999999996
steve	AO1	all	16.71	177.88	382.42	861.56	2853.59	0.05913	177.298	367.71500000000003	2529.285	3552.6400000000003
steve	L	all	16.82	176.42	349.17	718.45	2994.11	0.11526	176.81650000000002	370.669	2635.89	3631.31
steve	AY1	i	16.9	169.79	548.88	1725.94	2808.28	0.1923	170.3245	382.218	1491.41	2594.89
steve	AY1	i	17.735		168.62	1633.67	2699.94	0.0	162.978	296.541	1567.55	2647.04
steve	AH0	alone	18.145000000000003	162.36	361.94	1483.29	2899.68	0.34507	163.028	224.711	1583.23	2644.76
steve	L	alone	18.22	154.92	219.34	1527.21	2935.41	0.12728	154.656	195.443	1452.06	2662.82
steve	OW1	alone	18.36	153.53	463.62	1531.68	2662.32	0.43586	153.9365	274.607	1277.71	2565.04
steve	N	alone	18.535	168.66	202.43	1614.23	2882.52	0.22127	165.383	179.844	1642.91	2679.91
wina	D	stood	0.495		369.96	1632.57	3416.15	0.45974	347.1365	436.0055	1721.825	3718.955
wina	OW1	so	0.675		507.57	1528.89	3500.86	0.54232	386.728	474.264	1531.565	3512.925
wina	S	still	0.7749999999999999		1086.88	1714.72	3751.31	0.51547	369.4295	633.082	2010.005	3140.87
wina	IH1	still	1.0150000000000001	176.03	432.33	588.78	2256.67	0.08424	176.348	426.842	1969.6200000000001	2872.17
wina	L	still	1.135	186.88	505.0	1039.2	2906.75	0.4557	175.345	459.66150000000005	1367.3600000000001	3164.635
wina	DH	that	1.225		552.91	2001.3	2997.96	0.80213	192.6335	351.65	1577.37	2968.32
wina	T	that	1.3250000000000002	202.16	359.6	1782.6	2630.14	0.37995	204.6865	360.317	1887.01	3081.46
wina	EY1	a	1.38	207.97	418.22	2002.0	3165.9	0.5468	210.087	417.432	1880.11	3100.56
wina	L	squirrel	1.845	198.42	456.91	1019.97	3683.7	0.37254	202.235	470.161	1109.86	2949.64
wina	B	busy	1.935	184.1	259.48	1445.92	3429.93	0.30333	180.95	213.221	1588.925	2629.02
wina	IH1	busy	1.995	205.47	407.02	2264.04	3013.38	0.44132	203.954	401.5085	1927.9450000000002	2837.045
wina	IY0	busy	2.175	261.67	475.27	2106.29	2659.51	0.87556	264.384	365.1305	2064.025	2859.8050000000003
wina	W	with	2.23	239.2	397.23	809.37	2555.44	0.3898	235.04500000000002	283.7305	1660.04	2614.19
wina	IH1	with	2.27	232.59	465.32	1970.31	2987.68	0.51195	244.71699999999998	428.8905	1825.1100000000001	2968.5550000000003
wina	DH	with	2.31	207.48	419.27	2246.71	3170.09	0.68865	211.113	374.82349999999997	2022.575	2750.225
wina	IH1	its	2.35	197.56	395.22	2186.53	3147.19	0.39272	205.5	394.46950000000004	2207.005	3178.705
wina	T	its	2.4000000000000004	193.86	243.02	2210.8	3261.59	0.39561	194.721	358.648	1809.23	3102.7
wina	R	harvesting	2.665	282.1	608.56	1148.5	1997.49	0.59873	271.5315	580.051	1635.9	2273.07
wina	AH0	harvesting	2.77	219.04	427.15	2155.58	3268.15	0.59473	235.0765	425.267	2152.53	3331.26
wina	IH0	harvesting	3.02	172.27	479.21	2545.36	2913.2	0.79855	173.995	445.387	2540.83	3010.38
wina	R	ran	3.58	203.83	209.78	1042.21	1701.65	0.0	200.953	331.246	1381.03	2489.32
wina	AE1	ran	3.705	227.37	490.95	2253.91	3100.62	0.35663	214.02100000000002	468.542	2143.4	3041.68
wina	N	ran	3.7800000000000002	266.86	447.13	2271.02	3315.0	0.72867	255.669	380.001	1658.29	2597.42
wina	D	down	3.875		414.39	2184.69	3392.26	0.62058	253.7345	473.153	2158.915	3325.585
wina	N	down	4.074999999999999	223.55	428.71	1804.38	3236.33	0.60298	220.691	472.63800000000003	1940.4250000000002	3149.2749999999996
wina	AH0	a	4.135	241.99	484.23	2191.39	2842.37	0.68978	240.297	441.8315	2030.5	2721.2650000000003
wina	AY1	pine	4.385	186.14	521.65	1484.51	1955.1	0.04935	188.56099999999998	581.411	1883.39	3063.75
wina	N	pine	4.484999999999999	197.82	365.89	955.34	2514.19	0.33001	193.9145	346.577	2490.03	3213.35
wina	OW1	close	4.6850000000000005	194.22	497.79	1249.51	2770.16	0.44534	189.6655	491.538	1495.35	3180.9
wina	Z	close	4.76		365.24	1722.39	3876.5	0.19424	206.463	607.359	1893.8	3403.41
wina	IH0	beside	4.895	266.08	272.45	1964.83	3734.25	0.27176	293.34799999999996	345.22	1965.1750000000002	3296.5
wina	AY1	beside	5.13	175.27	855.25	1835.65	2535.17	0.74969	173.543	644.231	2001.65	3104.7
wina	D	beside	5.234999999999999		392.62	2588.52	3533.37	0.67711	164.5275	443.188	2111.09	3126.7650000000003
wina	IH1	him	5.35	180.12	425.86	2660.62	3202.46	0.58728	197.00799999999998	379.6295	2688.11	3711.5550000000003
wina	M	him	5.455		278.65	1399.13	3046.59	0.37411	178.8175	345.67499999999995	1657.44	2647.59
wina	AO1	saw	6.105	272.85	770.15	1308.7	3674.8	0.82779	281.1825	531.807	1304.08	3111.11
wina	M	him	6.23	216.59	402.03	1864.63	2708.75	0.32892	222.697	365.588	1655.3	2566.4
wina	AH1	suddenly	6.53	291.45	740.34	1880.98	3500.12	1.0	217.1445	710.6279999999999	1855.2350000000001	3538.26
wina	AH0	suddenly	6.645	261.83	339.75	913.35	1848.36	0.1839	276.846	357.152	1538.65	2257.87
wina	N	suddenly	6.710000000000001	193.06	346.54	647.56	1870.55	0.23623	208.3655	380.00199999999995	1633.27	2537.7349999999997
wina	L	suddenly	6.765000000000001	183.23	372.9	2623.23	3253.8	0.67707	186.85950000000003	323.751	1813.01	2724.42
wina	IY0	suddenly	6.82	183.54	492.52	2651.71	3223.57	1.0	182.92700000000002	435.742	2222.02	3038.0550000000003
wina	D	and	6.925000000000001	169.8	382.87	2495.98	3158.37	0.64756	173.6735	652.426	2214.57	3635.88
wina	IH1	skipped	7.13	272.19	532.36	2510.5	2875.04	0.8131	269.564	515.761	2527.8900000000003	2908.45
wina	P	skipped	7.215		526.95	2105.58	2732.97	0.56015	267.28	510.606	1936.5900000000001	2650.74
wina	AE1	back	7.390000000000001	168.02	962.8	1998.25	3051.64	0.95829	198.81	878.842	2082.32	3084.46
wina	OW1	scolding	8.185		687.11	1273.96	3515.08	0.91349	335.617	589.092	1292.9	3235.64
wina	L	scolding	8.280000000000001		653.63	1032.44	3600.59	0.69449	359.8145	581.419	1867.67	3113.325
wina	D	scolding	8.36	286.33	300.94	1199.84	3579.18	0.29517	297.4845	320.2175	1625.1599999999999	2705.7250000000004
wina	OW1	so	8.655	235.43	464.9	1031.7	3442.48	0.30812	228.19400000000002	477.6145	1257.48	2942.465
wina	DH	that	9.21	187.15	349.22	2026.46	3116.26	0.5473	182.275	330.0635	1911.885	2822.69
wina	AH0	that	9.280000000000001	175.19	523.15	1927.49	3189.17	0.31118	180.076	510.443	1869.45	3113.42
wina	T	that	9.350000000000001		542.73	1990.26	3181.19	0.54851	172.0735	999.5595000000001	2193.125	3288.925
wina	EH1	beth	9.57	233.2	905.65	1865.34	3022.18	1.0	219.62150000000003	698.627	1824.0149999999999	3131.45
wina	L	looked	9.765	254.41	342.72	1066.83	3432.69	0.20054	256.308	315.295	1606.02	2937.77
wina	AH1	up	10.05	168.89	811.07	1633.13	3240.39	1.0	179.1985	717.117	1628.35	3170.64
wina	AH1	the	11.025	197.92	421.51	1824.94	2733.86	0.51226	201.9275	506.739	1809.71	3051.93
wina	IH1	wistful	11.235	198.95	397.55	2005.96	2932.43	0.35325	195.754	353.411	1739.44	2779.715
wina	L	wistful	11.465	248.06	255.48	1179.45	3184.07	0.09023	249.5625	444.519	1471.87	3386.0
wina	EY1	face	11.675	186.27	551.33	2564.92	2887.46	0.78034	192.09199999999998	535.5245	2592.59	3013.195
wina	HH	behind	11.95		1158.7	1647.26	2901.93	0.98328	216.979	987.443	1682.375	2971.21
wina	AY1	behind	12.059999999999999	195.34	373.75	1249.96	1834.75	0.0	198.6085	467.701	1999.58	2905.96
wina	AH0	the	12.219999999999999	227.4	374.78	1893.0	3019.5	0.45621	235.79	442.0135	1827.1100000000001	3024.325
wina	AH0	and	13.2	226.62	247.75	1600.54	2322.37	0.19713	221.79	375.608	2291.47	3477.37
wina	B	beckoned	13.375	221.94	318.36	2121.07	3128.0	0.5181	213.94	279.308	1651.615	2618.175
wina	EH1	beckoned	13.455	287.08	515.95	1493.52	2727.65	0.29654	277.84349999999995	639.7365	2234.29	3160.175
wina	K	beckoned	13.555		733.67	2300.59	2398.25	0.62978	317.129	984.255	2292.1800000000003	3270.2749999999996
wina	AH0	beckoned	13.649999999999999	300.6	396.93	1114.83	2412.6	0.31611	296.685	734.477	2318.41	3328.08
wina	IH1	with	13.825	200.71	392.49	2019.94	2877.13	0.34423	203.4605	385.808	1974.53	2885.34
wina	DH	with	13.89	199.81	326.83	2145.71	2938.24	0.54662	189.047	287.317	2072.0	2939.06
wina	EY1	a	13.965	176.97	531.35	2246.19	2802.39	0.7739	95.0432	510.753	2158.33	2744.5
wina	R	reassuring	14.055	186.08	209.65	1659.47	2475.75	0.13545	186.393	289.657	1666.445	2580.37
wina	AH0	reassuring	14.24	273.67	359.17	2457.53	3085.62	0.55853	262.74199999999996	430.83799999999997	2403.66	3162.895
wina	NG	reassuring	14.545	200.73	326.46	760.93	2284.08	0.28361	194.36599999999999	338.172	1290.11	2575.23
wina	M	smile	14.75	231.07	294.61	1256.6	3403.97	0.36657	231.127	377.54150000000004	1768.515	3152.26
zoe	OW1	oh	1.6400000000000001	241.75	697.6	1252.86	3132.38	0.93356	242.2515	619.326	1253.195	3091.0249999999996
zoe	B	but	1.84	215.54	278.51	1285.78	2929.92	0.28739	215.8175	391.922	1329.9	2708.27
zoe	AH1	but	1.895	247.89	672.5	1317.45	2833.28	0.7071	245.842	527.395	1332.845	2783.5299999999997
zoe	T	but	1.955	212.48	463.59	2133.27	3034.75	0.52673	222.2895	692.809	1969.15	2802.45
zoe	AE1	had	2.12	247.06	850.48	1577.53	2870.64	0.68025	245.33300000000003	781.924	1413.755	2827.585
zoe	IY0	the	2.32	242.37	435.44	2429.86	2832.52	0.66866	233.867	404.22249999999997	2164.02	2876.925
zoe	AA1	artisan	2.425	129.57	811.36	1450.89	2356.97	0.84474	128.301	780.581	1426.5	2290.92
zoe	T	artisan	2.565	265.36	386.06	1533.02	2360.53	0.34296	262.151	422.672	1477.5	2518.56
zoe	AH0	artisan	2.62	272.81	489.34	2097.13	3059.34	0.67652	272.6005	433.96	1657.04	2679.35
zoe	AH0	artisan	2.835	282.76	493.97	1941.65	2976.33	0.64884	277.214	387.284	1693.1	2797.63
zoe	N	artisan	2.895	265.86	277.79	1471.54	2595.95	0.30519	266.047	280.41049999999996	1638.9850000000001	2664.58
zoe	HH	who	2.995		1019.02	2196.83	2945.48	1.0	260.041	574.907	1857.2	2610.8
zoe	UW1	who	3.11	253.64	330.76	1771.13	2743.48	0.42092	250.38799999999998	277.758	1728.42	2836.1
zoe	M	made	3.2249999999999996	225.58	232.98	1560.38	2325.35	0.33628	226.8725	246.889	1640.75	2635.81
zoe	EY1	made	3.38	224.97	390.92	2507.84	2890.78	0.40045	224.8175	373.446	2496.5950000000003	2956.635
zoe	M	me	3.57	217.73	242.78	1511.03	2468.04	0.34084	217.488	245.95600000000002	1563.21	2591.185
zoe	IY1	me	3.69	214.81	643.37	2480.99	2929.17	1.0	216.59500000000003	425.70400000000006	2579.475	3633.6949999999997
zoe	IY0	created	3.965	227.08	629.41	2259.39	2865.14	1.0	224.62400000000002	479.8585	2263.13	2871.11
zoe	EY1	created	4.035	215.86	617.02	2282.05	2924.84	0.86665	216.4805	469.1975	2334.7749999999996	3177.565
zoe	IH0	created	4.16	226.45	411.02	2139.89	2946.26	0.56664	224.062	378.937	2013.37	2859.5
zoe	D	created	4.220000000000001		572.22	2132.96	3073.2	0.78793	208.796	1445.33	2938.62	3631.5
zoe	M	me	4.295	210.78	242.26	1682.79	2467.72	0.38133	209.283	243.129	1682.71	2578.99
zoe	IY1	me	4.375	213.75	605.9	2590.38	3047.04	1.0	213.8745	2627.925	3193.94	4476.014999999999
zoe	N	instead	4.535	190.87	248.11	1789.28	2884.77	0.32699	192.401	309.1875	1729.87	2735.56
zoe	EH1	instead	4.955	217.89	802.78	1963.08	2974.86	1.0	224.306	720.98	1852.54	2936.335
zoe	D	instead	5.105	203.87	550.76	1922.31	2980.48	0.7215	188.39600000000002	511.174	1995.72	3102.05
zoe	AH0	a	5.385	230.13	778.73	1526.63	3045.63	0.99039	203.711	609.891	1439.52	2957.21
zoe	EH1	fair	5.775	213.74	731.69	1992.9	2681.86	0.89326	214.787	670.1955	2062.54	2661.04
zoe	M	woman	6.18	187.62	259.15	1595.1	2641.96	0.38855	186.901	243.125	1603.9	2612.01
zoe	AH0	woman	6.265000000000001	179.29	452.41	1875.16	2881.56	0.5706	179.875	307.50699999999995	1763.3049999999998	2835.46
zoe	UW0	today	6.93	229.32	404.28	2089.6	2999.98	0.54512	219.66649999999998	373.7405	1903.705	2974.26
zoe	D	today	6.984999999999999		678.25	2146.96	2946.89	0.91014	211.921	435.596	2085.63	2789.6
zoe	EY1	today	7.09	235.07	793.52	2023.89	2695.48	1.0	236.494	696.3315	1916.115	2839.9449999999997
zoe	AY1	i	7.195	235.22	736.51	1882.46	2437.49	0.56969	235.69150000000002	610.2945	1695.42	3219.995
zoe	W	would	7.25	231.51	408.11	1072.31	2655.59	0.4693	234.2705	386.01300000000003	1076.94	2594.645
zoe	D	would	7.380000000000001		251.06	1730.5	2586.3	0.3455	137.33955	331.316	1692.62	2667.05
zoe	B	be	7.43		454.47	1862.96	2868.82	0.60424	233.7735	418.862	1874.0149999999999	2889.615
zoe	IY1	be	7.505	226.77	287.0	2506.95	2872.61	0.41357	225.284	342.044	2209.4849999999997	2671.1949999999997
zoe	W	wise	7.635	187.05	204.49	1060.28	2309.31	0.12238	199.608	280.8	1520.3899999999999	2621.425
zoe	AY1	wise	7.914999999999999	214.55	816.4	2022.88	2843.7	0.76012	214.952	771.8585	2119.33	2863.7200000000003
zoe	Z	wise	8.184999999999999		961.93	2099.81	2936.54	0.65729	206.723	580.749	2043.625	3012.9849999999997
zoe	AE1	and	8.344999999999999	212.69	701.27	1893.85	3051.92	0.95431	210.30349999999999	418.22900000000004	1617.685	2855.29
zoe	N	and	8.455	200.42	437.06	1864.11	2890.47	0.62811	201.547	996.815	1956.64	2994.41
zoe	D	and	8.504999999999999	196.06	243.16	1937.55	2917.33	0.37816	197.3345	319.481	1436.46	2633.76
zoe	IY1	we	9.940000000000001	234.66	379.49	2341.5	2804.11	0.551	233.659	325.779	1640.28	2717.39
zoe	W	would	10.0	217.41	300.64	1279.71	2745.46	0.33589	220.032	290.071	1595.185	2623.925
zoe	D	would	10.120000000000001	220.37	301.13	1763.08	2665.96	0.40843	219.82850000000002	306.776	1667.78	2622.06
zoe	W	weave	10.195	195.56	221.37	1393.06	2509.36	0.22828	204.919	225.252	1531.75	2562.28
zoe	M	my	10.66	191.6	211.49	1605.99	2434.27	0.31119	191.02	208.11	1497.05	2547.63
zoe	AY1	my	10.75	205.8	673.18	2136.4	2850.13	0.56602	205.901	519.447	2014.8049999999998	2717.63
zoe	EH1	friends	11.045	201.02	683.67	1853.41	2876.8	0.75137	201.27	551.351	1451.82	2730.27
zoe	AH0	and	11.42	207.34	587.91	1795.64	3020.33	0.75948	159.9265	432.27	1714.05	3104.55
zoe	D	and	11.545		674.13	1760.92	2809.97	0.82803	199.2055	412.53999999999996	1580.47	2775.475
zoe	AY1	i	11.795	183.59	839.93	1797.22	2835.76	0.70854	186.61	583.815	1880.42	2863.71
zoe	AE1	and	12.095		739.29	1777.06	2905.18	0.98619	152.3195	428.272	1921.6399999999999	4299.54
zoe	N	and	12.17	192.76	244.67	1995.94	3108.66	0.36515	195.212	216.929	1636.84	2814.71
zoe	IH0	in	12.265	211.53	569.71	2099.98	2983.5	0.88028	210.186	279.076	2109.92	3000.43
zoe	N	in	12.335	203.5	251.98	1827.33	2865.86	0.34082	202.938	227.619	1771.45	3109.88
zoe	DH	the	12.405000000000001	185.96	228.19	1419.87	2995.14	0.25004	195.241	227.619	1623.05	2826.58
zoe	AH0	the	12.455	208.82	605.67	1628.5	2996.46	0.74922	205.743	302.379	1520.93	2796.93
zoe	M	moonlight	12.55	207.5	232.97	1751.68	2680.68	0.38232	207.236	224.9305	1534.99	2609.98
zoe	UW1	moonlight	12.66	225.24	406.9	1543.14	2906.86	0.50556	224.71800000000002	270.657	1578.55	2716.09
zoe	N	moonlight	12.739999999999998	208.28	225.35	1851.33	2995.39	0.30563	209.016	226.39100000000002	1658.595	2711.9300000000003
zoe	L	moonlight	12.809999999999999	196.87	410.55	1334.8	2899.02	0.38399	197.236	404.417	1099.26	2898.5699999999997
zoe	T	moonlight	13.075		562.85	1979.36	2762.88	0.55963	147.8755	732.9205	2138.665	2972.0950000000003
zoe	IH1	spin	13.370000000000001	209.72	614.43	1994.15	2931.5	0.88676	208.419	492.7835	1821.0	2958.795
zoe	N	spin	13.425	199.07	238.58	1044.54	2129.85	0.15641	200.106	377.249	1505.41	2971.52
zoe	R	yarn	13.94	170.87	612.11	1725.83	2262.08	0.79737	171.934	267.757	1646.89	2402.55
zoe	N	yarn	14.09	176.21	284.09	2142.55	3012.72	0.45544	175.436	1059.6	1802.025	2957.49
zoe	N	and	14.545	213.27	665.26	2017.47	2941.33	1.0	205.08	616.543	2147.11	2987.88
zoe	D	and	14.594999999999999	201.09	218.56	1437.3	2603.26	0.25005	205.146	1167.15	1721.45	3616.84
zoe	EH1	tell	14.745000000000001	222.97	742.32	1365.25	2869.11	0.71384	222.356	649.789	1287.42	2734.18
zoe	L	tell	14.805	211.69	603.88	1162.08	2928.07	0.64956	214.8145	581.016	1177.21	2850.4700000000003
zoe	R	our	14.935	207.84	561.83	1452.1	2278.55	0.67886	209.324	519.579	1541.77	2440.15
zoe	IY0	stories	15.415	189.13	351.28	2271.2	2808.99	0.44738	188.197	319.525	1954.55	2757.15
zoe	AH0	to	15.7	201.37	440.65	1035.45	2757.81	0.45245	199.597	344.586	966.897	2659.84
zoe	W	one	15.780000000000001	174.89	276.09	1322.93	2675.34	0.30446	176.237	304.896	895.607	2642.14
zoe	AH1	one	15.845	182.27	734.9	1602.91	2836.62	0.94545	184.00549999999998	481.2735	1117.9	2703.5649999999996
zoe	N	one	15.905000000000001	176.0	311.09	1858.61	2827.98	0.43667	175.539	241.022	1614.79	2795.55
zoe	AH0	another	15.955	177.81	653.64	1804.03	3016.58	0.8616	178.15	289.051	1676.56	2841.09
zoe	N	another	16.009999999999998	173.1	307.36	1882.48	2913.86	0.43604	173.107	243.264	1623.205	2753.795
zoe	AH1	another	16.09	170.41	622.28	1365.78	2929.49	0.63126	170.181	455.043	1288.865	2829.715
zoe	DH	another	16.18		832.99	2358.76	3330.58	1.0	185.281	523.44	2019.6399999999999	3118.3050000000003
zoe	ER0	from	16.96	209.81	550.53	1522.16	2306.56	0.6314	207.4705	274.641	1421.25	2190.1
zoe	M	from	17.03	195.88	292.16	1841.79	2918.91	0.19873	194.782	228.72500000000002	1583.625	2675.42
zoe	D	dusk	17.12		757.95	1857.56	3031.6	0.94182	183.70499999999998	567.223	1827.56	3022.0
zoe	AH1	dusk	17.240000000000002	189.03	792.6	1292.91	2919.36	0.92646	188.788	605.05	1361.26	2850.4
zoe	IH1	till	17.765	183.69	961.99	1776.0	3040.87	1.0	186.019	430.5375	1151.287	2926.08
zoe	L	till	17.835	187.03	462.71	1000.17	3011.34	0.37649	186.1305	429.8865	1285.87	2740.56
zoe	M	midnight	17.91	179.93	266.02	1610.14	2966.66	0.4037	179.842	254.77	1606.385	2635.165
zoe	IH1	midnight	17.98	177.79	510.67	2010.26	3074.69	0.63413	178.2955	346.904	1833.52	2885.25
zoe	D	midnight	18.060000000000002	165.51	303.8	1993.68	2867.86	0.45771	163.3175	276.051	1667.58	2704.04
