clip	phoneme	word	mid	site_f0	site_f1	site_f2	site_f3	site_res	trk_p	trk_f1	trk_f2	trk_f3
aiden	D	crowds	1.9100000000000001	115.73	260.72	1620.6	2684.07	0.33432	115.166	250.4765	1567.65	2133.75
aiden	D	and	2.12	125.42	180.83	1131.83	2580.82	0.14626	126.61000000000001	278.9655	1845.8200000000002	2727.715
aiden	IY1	keep	2.27	124.96	345.55	2296.83	2650.3	0.48074	124.22	230.41	1884.37	2196.71
aiden	R	your	2.46	113.6	453.28	1401.83	1971.42	0.43659	113.81649999999999	381.97749999999996	1384.685	1771.27
aiden	UW0	virtue	2.935	99.04	442.51	1453.62	2622.86	0.6057	128.656	324.658	1567.77	2552.99
aiden	ER0	or	3.29		577.96	1272.6	2130.44	0.51481	133.404	617.238	1304.27	2276.49
aiden	W	walk	3.385	125.01	390.39	1134.73	2251.78	0.45387	126.148	436.124	1025.26	2433.365
aiden	AO1	walk	3.465	121.43	734.52	1192.75	2600.19	0.72972	121.675	780.891	1101.575	2666.915
aiden	IH1	with	3.64	129.63	425.05	1735.64	2694.24	0.35354	129.44400000000002	322.24800000000005	1569.035	2248.215
aiden	L	lose	4.58	121.57	544.49	1216.43	2222.8	0.56833	123.5015	361.174	1389.92	2514.97
aiden	UW1	lose	4.795	134.29	348.89	1853.56	2748.59	0.47155	133.92700000000002	222.112	1607.3	2252.17
aiden	Z	lose	4.88		477.27	1871.28	2537.85	0.40733	122.67150000000001	178.58550000000002	1102.721	1540.645
aiden	AH0	the	4.984999999999999	133.4	380.5	1764.36	2593.1	0.43618	104.23825	395.5405	1412.79	2215.175
aiden	AA1	common	5.15	118.18	812.54	1447.48	2556.33	0.84505	118.366	699.236	1309.4	2641.21
aiden	M	common	5.225	118.87	276.71	1572.3	2483.33	0.41253	118.455	323.8195	1568.705	2391.06
aiden	AH0	common	5.275	117.03	511.01	1723.28	2859.4	0.62604	117.43	252.479	1681.99	2396.3
aiden	N	common	5.324999999999999	117.64	306.97	1888.88	3083.76	0.4368	117.296	300.5945	1626.565	2598.8450000000003
aiden	AH1	touch	5.545		729.03	1465.96	1957.47	0.8771	121.419	760.3430000000001	1382.45	2711.5950000000003
aiden	IH1	if	6.324999999999999		385.51	2223.67	2955.31	0.37801	132.55949999999999	205.758	1899.96	2468.45
aiden	N	neither	6.475	124.1	288.27	1632.29	2131.67	0.35473	125.0925	309.12	1673.95	2502.59
aiden	AY1	neither	6.574999999999999	115.19	801.99	1763.13	2587.89	1.0	114.533	740.359	1700.11	2071.44
aiden	DH	neither	6.654999999999999		432.53	1904.32	2702.16	0.62528	108.41765000000001	253.683	1808.92	2199.15
aiden	ER0	neither	6.73	108.87	534.17	1634.96	1975.04	0.684	109.443	448.157	1650.65	2068.54
aiden	OW1	foes	7.01	134.94	527.84	1472.49	2600.17	0.577	135.82150000000001	446.005	1548.98	2606.06
aiden	Z	foes	7.155	146.49	1149.79	2117.95	2950.2	0.74346	124.203	168.173	849.192	1269.73
aiden	N	nor	7.225	128.3	326.21	1886.11	2934.03	0.46528	125.589	326.5305	1864.175	2575.9700000000003
aiden	R	nor	7.305	119.33	544.38	1537.71	2371.3	0.62683	118.621	558.2935	1628.255	2654.555
aiden	L	loving	7.37	120.52	315.73	1138.4	2664.89	0.17651	118.369	380.50800000000004	1435.27	2769.1949999999997
aiden	AH1	loving	7.4399999999999995	120.67	711.0	1359.78	2800.18	0.79835	120.17699999999999	729.577	1304.92	2909.31
aiden	IH0	loving	7.535	124.54	385.45	2369.03	2909.0	0.57816	122.42	178.129	2237.94	2510.41
aiden	NG	loving	7.605	119.98	279.41	1197.08	2479.82	0.27985	119.206	235.074	1652.92	2304.9049999999997
aiden	EH1	friends	7.8149999999999995	119.1	685.08	1727.49	2871.19	0.71392	119.2105	591.316	1801.51	2809.85
aiden	N	friends	7.895	116.88	283.66	1804.49	2801.79	0.38389	117.30199999999999	259.903	1774.29	2416.7
aiden	HH	hurt	8.190000000000001		767.29	1764.29	2239.74	0.70367	122.19999999999999	505.517	1580.71	1882.78
aiden	UW1	you	8.635	138.48	421.63	1385.9	2788.66	0.49672	137.1225	347.273	1627.99	2570.78
aiden	IH1	if	9.25	140.43	477.79	2316.2	2440.4	0.62945	119.549	287.92	1968.475	2488.8050000000003
aiden	F	if	9.379999999999999		542.07	1995.75	2840.78	0.40758	353.51099999999997	341.345	1685.2649999999999	2434.76
aiden	AO1	all	9.51		697.67	1053.73	2784.34	0.62127	139.374	723.79	1115.64	2954.55
aiden	L	all	9.635	141.75	509.95	1026.07	2891.08	0.4601	139.32600000000002	522.854	1156.86	2779.64
aiden	M	men	9.705	140.65	246.41	1519.44	2478.72	0.34897	139.993	404.69100000000003	1676.89	2682.825
aiden	EH1	men	9.765	131.55	543.35	1984.34	2960.86	0.50915	131.365	382.9165	1916.83	2757.77
aiden	N	men	9.835	127.49	273.83	1384.82	2263.86	0.28102	127.51150000000001	293.679	1533.97	2309.04
aiden	N	count	10.145	114.91	385.99	1029.36	2229.15	0.3759	105.148	345.1945	1262.565	2386.16
aiden	T	count	10.190000000000001		525.85	1321.92	2578.12	0.39052	182.0675	331.207	1649.02	2447.92
aiden	W	with	10.23		330.6	1042.91	2564.24	0.33149	119.4065	362.097	1626.67	2507.39
aiden	IH1	with	10.275	135.56	356.96	1713.0	2728.73	0.17946	133.2625	320.89	1614.27	2511.4
aiden	UW1	you	10.59	136.81	346.63	1226.88	2618.59	0.32787	130.2925	343.295	1471.96	2441.12
aiden	AH1	but	10.940000000000001		580.59	1489.81	2663.35	0.6033	611.499	551.27	1403.15	2749.09
aiden	N	none	11.07	126.71	264.08	1823.93	2907.63	0.35838	126.7915	288.79499999999996	1680.6350000000002	2521.705
aiden	AH1	none	11.149999999999999	121.06	659.18	1534.24	2901.86	0.77205	120.96100000000001	581.2685	1495.825	2773.13
aiden	N	none	11.235	118.55	282.93	1899.29	3005.87	0.40266	119.1435	273.623	1710.8	2463.07
aiden	UW1	too	11.435	116.77	330.32	1736.62	2645.42	0.41246	116.3615	295.147	1708.78	2549.57
aiden	M	much	11.52	113.95	1330.72	2496.83	3336.85	1.0	114.1435	379.88800000000003	1289.01	2467.4300000000003
aiden	AH1	much	11.65	115.42	731.04	1485.62	2714.1	0.88914	114.165	551.043	1593.95	2592.78
aiden	IH1	if	12.655		617.66	2318.02	3095.12	0.97587	147.716	251.559	2013.99	2636.25
aiden	UW1	you	12.844999999999999	113.58	322.26	2106.77	2587.38	0.4806	119.328	151.92785	1651.435	1985.745
aiden	AH0	can	12.935	115.22	490.11	2029.6	2790.49	0.29262	115.09100000000001	289.209	1900.66	2494.59
aiden	N	can	13.0	108.91	302.58	1885.92	2746.02	0.42954	112.0565	267.4865	1748.085	2229.6099999999997
aiden	IH1	fill	13.245000000000001	146.53	528.9	1575.2	2876.23	0.57022	145.8775	526.7795	1551.45	2734.11
aiden	L	fill	13.395	142.27	515.98	984.18	2845.96	0.45836	142.2505	573.031	1143.545	2982.875
aiden	IY0	the	13.620000000000001		305.57	2541.44	2940.69	0.49554	121.481	146.5675	2241.3500000000004	2496.625
aiden	AH0	unforgiving	13.705	131.33	734.86	1647.29	2649.56	0.95044	130.11849999999998	605.6765	1780.02	2718.49
aiden	N	unforgiving	13.82	124.33	269.37	1388.01	1960.28	0.27496	122.2145	264.124	1695.35	2466.34
aiden	ER0	unforgiving	13.985	128.98	386.29	1606.65	2004.18	0.36811	124.88499999999999	340.53	1625.47	2035.49
aiden	G	unforgiving	14.05	115.88	300.42	1534.17	2710.37	0.34854	112.774	181.193	1976.45	2521.71
aiden	IH1	unforgiving	14.11	120.13	433.61	2220.13	2739.52	0.4961	121.673	258.918	1723.68	2294.05
aiden	V	unforgiving	14.165		287.38	2020.82	2590.88	0.42568	113.691	251.17649999999998	1649.645	1992.615
aiden	IH0	unforgiving	14.21	124.31	338.73	2385.26	2652.95	0.49049	121.75399999999999	113.414	1869.97	2249.08
aiden	NG	unforgiving	14.280000000000001	112.66	246.66	1305.29	2333.78	0.24256	113.054	239.018	1716.99	2404.21
aiden	M	minute	14.36	112.43	276.12	1852.12	2681.26	0.47891	112.568	232.959	1644.67	2161.73
aiden	IH1	minute	14.425	112.89	576.84	2018.53	2864.34	0.79988	113.33	364.7445	1994.255	2654.785
aiden	N	minute	14.48	114.31	303.51	1838.8	2966.17	0.42107	113.65799999999999	321.679	1914.125	2569.6899999999996
aiden	AH0	minute	14.58	117.71	629.87	1882.16	2710.25	0.8428	119.791	542.4045	1859.315	2695.3149999999996
aiden	IH1	with	15.030000000000001	123.37	408.87	1925.21	2714.1	0.36101	123.483	308.942	1663.84	2013.02
aiden	K	sixty	15.315		513.74	1902.71	2539.69	0.41138	306.4715	390.1	1332.17	1339.66
aiden	W	worth	16.075		454.04	1069.93	2086.05	0.54638	143.816	491.548	1257.85	2238.89
aiden	AH1	of	16.455		450.21	1594.75	2762.19	0.39783	136.02100000000002	379.316	1624.94	2592.36
aiden	V	of	16.53	112.96	252.01	1608.46	2665.25	0.31307	115.7465	282.022	1504.41	2196.88
aiden	D	distance	16.59		366.21	2287.6	2728.82	0.58697	125.479	293.918	1819.76	2354.42
aiden	IH1	distance	16.655	117.94	486.31	1864.63	2850.2	0.5374	122.298	298.72900000000004	1814.065	2501.375
aiden	AH0	distance	16.865	113.09	623.33	1692.13	3063.86	0.79037	112.32	434.935	1698.565	2840.21
aiden	R	run	17.095	123.65	478.85	1404.03	2004.64	0.47796	119.076	755.9649999999999	1419.0	2077.995
aiden	AH1	run	17.185		744.46	1471.81	2752.04	0.90903	71.90305000000001	669.073	1462.555	2752.08
aiden	IH0	is	18.32		366.45	1859.39	2843.4	0.23961	92.5742	186.607	1628.47	2261.31
aiden	AE1	and	19.0		579.45	1703.2	2817.28	0.72592	138.39100000000002	479.8695	1704.3049999999998	2609.605
aiden	N	and	19.174999999999997	121.75	546.23	1945.3	2886.22	0.81006	118.96	271.107	1808.92	2569.79
aiden	D	and	19.225		282.79	1777.38	2760.43	0.39064	135.7205	345.2965	1977.81	2716.67
aiden	EH1	everything	19.29	129.44	644.57	1791.01	2342.62	0.65222	124.928	624.9385	1725.095	2234.66
aiden	V	everything	19.354999999999997	111.67	717.72	1587.04	2380.77	0.63509	122.785	401.433	1629.14	2093.0
aiden	R	everything	19.4		354.0	1452.15	2208.98	0.29559	137.5855	300.359	1606.99	2082.4399999999996
aiden	IY0	everything	19.450000000000003	118.16	300.86	2594.66	2793.47	0.32228	119.66	37.0775	1491.945	1896.955
aiden	NG	everything	19.630000000000003	126.51	261.93	1702.47	2545.65	0.33942	126.30449999999999	249.4805	1627.155	2135.55
aiden	DH	that's	19.685000000000002	123.64	279.51	1692.15	2485.91	0.37962	122.2775	284.4665	1707.81	2364.5249999999996
aiden	AE1	that's	19.715	119.47	407.78	1745.11	2699.22	0.09551	118.1635	201.86200000000002	1390.74	1988.44
aiden	IH1	in	19.915	121.24	604.63	1951.95	2741.77	0.9169	118.485	449.1105	2010.815	2842.205
aiden	N	in	19.97	107.02	326.68	1822.9	2956.5	0.45274	111.51849999999999	325.014	1834.2	2712.56
aiden	IH0	it	20.04		557.85	1580.74	2887.15	0.64322	88.0304	493.0395	1903.9850000000001	2838.2200000000003
aiden	IH0	is	21.44	121.25	358.75	1889.13	3014.8	0.22801	123.887	240.3375	1521.565	2121.7200000000003
aiden	B	be	22.475	112.03	300.14	1574.63	2692.05	0.37549	110.61850000000001	245.015	1656.78	2415.45
aiden	IY0	be	22.54	115.02	291.73	2521.59	3066.01	0.42494	116.943	149.8885	2143.76	2461.4350000000004
aiden	AH0	a	22.604999999999997	112.82	564.94	1885.17	2724.16	0.74445	111.936	342.086	1730.31	2378.32
aiden	M	man	22.67	112.45	299.96	1764.86	2451.26	0.49791	112.1495	333.772	1689.98	2234.73
aiden	AE1	man	22.79	111.83	769.38	2014.21	2745.36	0.6868	111.8035	642.707	2022.43	2527.33
aiden	M	my	23.23		1242.24	2221.51	3331.5	1.0	152.16750000000002	555.6585	1585.4250000000002	2530.4049999999997
aiden	AY1	my	23.310000000000002	126.17	674.36	1831.36	2710.17	0.44499	123.8245	429.6255	1601.43	2281.5950000000003
aiden	AH1	son	23.545		737.62	1435.32	2918.09	0.88075	109.2555	716.1324999999999	1326.75	2893.7
ashley	T	doubt	2.44		242.66	1814.4	2514.9	0.30839	207.106	341.202	1378.02	2514.27
ashley	OW1	over	2.54	206.41	356.3	948.85	2674.67	0.02157	205.025	353.0105	1256.3000000000002	2657.0249999999996
ashley	V	over	2.625		261.65	2110.8	2824.78	0.42679	205.032	317.58349999999996	1577.13	2445.705
ashley	ER0	over	2.715	203.23	381.53	1226.94	2157.17	0.22868	198.6905	316.787	1384.95	2561.44
ashley	W	whether	2.79	182.57	221.34	920.06	2580.92	0.11827	194.939	481.502	1170.01	2633.37
ashley	EH1	whether	2.855	194.93	596.45	1580.98	2734.67	0.48754	187.922	311.578	1636.85	2626.66
ashley	DH	whether	2.915	184.34	220.81	1697.55	2966.51	0.30574	202.65750000000003	327.071	1773.71	2604.07
ashley	ER0	whether	2.985	190.2	297.45	1792.65	2284.33	0.24763	189.231	241.59	1738.39	1854.15
ashley	B	be	3.1500000000000004		325.57	2039.49	3087.19	0.50734	130.53205	262.491	2051.205	2767.7799999999997
ashley	IY0	be	3.2199999999999998	197.1	318.63	2489.19	3046.01	0.46788	196.4435	253.9325	1921.9650000000001	2643.355
ashley	AH0	a	3.29	186.01	468.51	1915.6	2682.35	0.60419	173.707	265.097	1684.56	2470.91
ashley	M	man	3.3899999999999997	177.8	227.16	1843.88	2530.1	0.39476	178.511	247.107	1693.31	2405.14
ashley	AE1	man	3.58	180.54	781.36	1889.6	2774.79	0.66899	179.314	465.3575	1818.1	2717.9750000000004
ashley	N	man	3.805	171.07	180.45	1657.09	3024.83	0.19707	174.62	246.765	1654.37	2281.37
ashley	W	woman	4.205	144.8	177.97	802.25	2276.78	0.01759	149.395	339.076	1540.2849999999999	2509.48
ashley	M	woman	4.375	149.83	175.31	1018.29	2530.8	0.10899	157.0195	316.387	1645.56	2492.63
ashley	AH0	woman	4.4399999999999995	157.7	170.37	905.45	2533.78	0.0	154.638	351.39	1613.27	2545.45
ashley	N	woman	4.615	166.24	169.1	947.73	2768.2	0.03115	162.601	266.08000000000004	1629.555	2333.4449999999997
ashley	DH	there've	5.32		1304.73	1534.68	2741.18	1.0	148.3631	492.41949999999997	1957.915	2719.995
ashley	EH1	there've	5.390000000000001	207.65	575.77	2055.32	2751.77	0.59754	210.827	369.242	1619.01	2411.94
ashley	R	there've	5.455	225.26	414.64	1587.0	2421.92	0.43706	219.3845	314.651	1620.55	2468.13
ashley	IH0	been	5.59	223.47	430.91	1969.39	2747.57	0.4266	202.899	283.089	1608.0	2422.71
ashley	R	rumors	5.720000000000001		176.0	1494.69	2437.13	0.02687	227.637	307.5425	1568.375	2320.25
ashley	UW1	rumors	5.84	234.62	302.38	1123.63	2650.14	0.22615	233.14249999999998	261.7605	1627.7849999999999	2485.63
ashley	M	rumors	5.945	201.11	217.91	1412.17	2387.72	0.27531	199.996	326.0455	1489.96	2524.0
ashley	ER0	rumors	6.075	204.18	351.27	1503.31	2134.21	0.26033	206.288	280.519	1636.46	2336.18
ashley	AO1	all	6.609999999999999	212.81	458.54	832.38	3052.21	0.16715	225.566	665.0355	1123.5900000000001	3031.14
ashley	L	all	6.71	250.79	487.6	959.66	3040.42	0.40567	247.167	315.655	1607.03	2583.68
ashley	M	manner	6.785	227.48	233.85	1387.96	2605.4	0.29623	227.566	368.49699999999996	1842.9250000000002	2625.545
ashley	AE1	manner	6.87	213.2	659.31	2095.1	3060.65	0.55239	209.5405	485.7185	1992.72	2895.1
ashley	N	manner	6.9399999999999995	192.55	251.97	1936.14	2989.47	0.36363	198.976	481.585	1805.85	2587.21
ashley	ER0	manner	7.0	194.96	576.21	1734.95	2294.01	0.80517	193.334	436.734	1638.79	2285.69
ashley	L	allegations	7.234999999999999	185.15	488.9	1141.67	2880.26	0.45778	188.07299999999998	399.432	1667.05	2654.19
ashley	AH0	allegations	7.29	189.69	441.87	1785.02	2685.07	0.53439	184.797	122.984	1647.0	2151.39
ashley	G	allegations	7.365		700.54	2183.47	2528.9	0.84293	181.042	96.19765	1364.9299999999998	1633.1
ashley	EY1	allegations	7.465	174.48	269.83	2311.88	2671.35	0.07909	165.863	197.19299999999998	1637.675	1986.865
ashley	AH0	allegations	7.68	177.82	339.17	1739.3	2894.03	0.36755	171.557	270.117	1709.85	2480.06
ashley	N	allegations	7.795	173.38	280.02	1255.15	2836.07	0.26317	176.4495	244.435	1643.67	2342.22
ashley	OW1	bold	8.565000000000001	209.05	390.64	782.1	2456.84	0.06167	209.215	341.1645	1311.745	2705.865
ashley	L	bold	8.655000000000001	220.6	411.61	808.6	2931.3	0.24112	217.47050000000002	314.927	1716.52	2663.5
ashley	L	claims	8.935	218.78	300.99	1624.2	2864.26	0.28612	151.28	402.451	1807.97	2806.2
ashley	EY1	claims	9.055	183.36	453.29	2321.7	2716.44	0.50104	181.26100000000002	291.33	1741.68	2433.4
ashley	M	claims	9.205	177.14	301.55	1586.28	2459.35	0.45758	176.81	219.152	1612.28	2242.94
ashley	N	and	9.469999999999999	185.73	299.98	1614.54	2838.32	0.3687	184.1895	269.0355	1737.4499999999998	2459.67
ashley	P	public	9.575		561.72	1498.16	2683.78	0.46435	174.532	606.386	1509.88	2682.96
ashley	AH1	public	9.655000000000001	201.03	589.04	1063.93	2918.27	0.44182	184.195	471.676	1303.66	2817.48
ashley	B	public	9.715	168.63	218.52	1417.22	2802.82	0.25341	167.77050000000003	280.172	1625.66	2353.81
ashley	L	public	9.77	181.65	307.12	1077.24	2820.65	0.14576	184.345	323.7675	1559.945	2605.745
ashley	IH0	public	9.815	181.29	299.42	1267.05	2810.49	0.17588	115.2585	248.175	1499.9	2137.94
ashley	K	public	9.879999999999999		272.14	925.71	3146.17	0.03689	58.6684	363.6425	1255.2	2545.8
ashley	L	lies	9.969999999999999	199.15	392.98	873.19	2973.72	0.2287	181.823	425.645	1235.23	2748.09
ashley	AY1	lies	10.18	156.95	677.25	1707.13	2781.7	0.39973	158.20499999999998	414.53049999999996	1668.81	2703.18
ashley	IY1	he's	11.205	244.6	270.22	2518.68	2802.46	0.38519	240.741	124.481	1720.15	2309.02
ashley	Z	he's	11.32		1379.72	2305.62	3429.9	0.87409	122.925	194.8225	1119.495	1858.575
ashley	B	belligerent	11.385		294.34	1938.22	2924.15	0.45137	178.171	364.214	1332.905	2340.26
ashley	AH0	belligerent	11.43	224.2	398.85	894.83	2874.88	0.26988	215.1935	311.5525	1486.985	2603.785
ashley	L	belligerent	11.5	195.67	306.42	1011.0	3096.4	0.12642	199.341	292.026	1504.53	2513.55
ashley	IH1	belligerent	11.58	202.67	419.28	1661.12	2921.61	0.32061	193.858	336.303	1702.08	2746.46
ashley	ER0	belligerent	11.76	184.08	339.67	1855.52	2321.26	0.3565	173.562	283.544	1649.54	2368.58
ashley	AH0	belligerent	11.829999999999998	157.49	374.83	1760.03	2602.74	0.42657	158.279	221.327	1715.7849999999999	2448.6400000000003
ashley	IY1	she's	12.48	208.77	246.36	2459.36	2797.0	0.33055	210.62150000000003	204.22899999999998	1788.375	2314.7
ashley	Z	she's	12.605	173.05	188.51	2011.6	2953.03	0.30045	183.048	171.7125	1288.5685	2022.94
ashley	IH0	in	12.675	186.86	395.12	1837.37	2978.86	0.48388	180.2715	296.654	1835.11	2732.32
ashley	N	in	12.725	174.96	267.01	1764.55	2618.64	0.35035	174.838	290.14300000000003	1546.6	2312.38
ashley	AH0	a	12.785	168.47	266.93	1269.72	2600.93	0.15246	153.79500000000002	227.414	1751.6	2128.085
ashley	AH1	funk	13.005	174.57	535.72	1160.23	2901.83	0.38006	167.54	370.273	1317.47	2597.105
ashley	NG	funk	13.115	164.42	215.35	1569.37	2584.63	0.23542	171.4555	254.376	1636.67	2330.58
ashley	W	when	13.745000000000001		271.31	1721.23	2705.94	0.38896	188.768	264.1035	1580.6399999999999	2378.885
ashley	HH	he	13.91		626.93	2626.44	3410.82	0.83065	179.763	253.262	1808.88	2568.39
ashley	IY1	he	14.02	225.49	249.33	2569.67	3156.83	0.35673	225.198	195.72050000000002	1873.395	2330.415
ashley	F	fades	14.14		919.74	1989.26	2753.87	0.60271	205.555	228.359	1814.1	2487.44
ashley	EY1	fades	14.3	177.93	405.62	2255.4	2633.72	0.37699	178.5935	273.2105	1678.46	2282.955
ashley	D	fades	14.440000000000001	170.25	186.19	1837.4	2727.97	0.2939	169.29899999999998	65.10265	1360.385	1458.87
ashley	AH0	the	14.625	188.55	325.51	1222.7	2570.68	0.2313	167.47	274.841	1669.0349999999999	2387.6800000000003
ashley	W	world	14.695	145.39	361.66	1566.49	2477.23	0.50568	173.517	372.115	1377.12	2597.19
ashley	ER1	world	14.77	178.59	479.48	1065.24	3309.92	0.25502	176.703	395.148	1243.83	2729.02
ashley	L	world	14.84	178.86	412.88	655.27	2707.0	0.20105	178.114	269.988	1663.94	2311.55
ashley	D	world	14.905000000000001	154.34	185.87	869.54	2687.04	0.0993	173.981	207.8	1918.69	2787.715
ashley	T	teeters	14.99		204.68	2279.14	3044.1	0.38485	147.06315	173.333	1346.6	1969.35
ashley	IY1	teeters	15.085	206.01	342.26	2461.26	3017.14	0.50567	203.374	301.498	2059.5	2764.19
ashley	T	teeters	15.16		434.59	2032.24	2761.8	0.48509	94.5817	319.312	1714.925	2093.585
ashley	ER0	teeters	15.285	193.18	307.24	1669.9	2097.78	0.22602	194.669	336.6	1685.83	2445.26
ashley	W	when	15.805		181.9	1657.47	2813.69	0.22304	172.597	178.82375	1452.955	2040.0749999999998
ashley	N	when	15.905000000000001	174.29	305.25	1810.44	2867.66	0.41775	169.0095	333.999	2002.4099999999999	2698.035
ashley	IY1	she	16.175	177.67	240.27	2535.03	3122.12	0.33369	173.236	265.606	1746.7	2211.43
ashley	R	crime	17.225	191.86	604.48	1641.15	2891.74	0.75694	203.904	636.26	1002.5319999999999	2629.86
ashley	AY1	crime	17.33	202.85	762.14	1873.03	2771.48	0.60883	201.262	563.6725	1633.895	2686.59
ashley	M	crime	17.45	194.17	212.07	1199.46	2299.12	0.2143	189.7345	283.53	1581.74	2522.195
ashley	B	blossoms	17.52		184.51	1216.73	2691.63	0.1721	386.2575	349.393	1560.7	2715.66
ashley	L	blossoms	17.57	212.46	334.89	905.39	2891.01	0.1435	213.4405	590.046	1078.745	2915.255
ashley	AA1	blossoms	17.665	221.68	492.59	853.09	2987.64	0.0	213.4795	555.0889999999999	1133.4450000000002	2856.81
ashley	AH0	blossoms	17.91	178.13	364.33	1361.75	2986.32	0.32157	172.294	239.425	1603.1	2297.47
ashley	M	blossoms	18.03	181.06	196.43	963.36	2990.69	0.13121	179.344	255.593	1655.0	2287.92
ashley	OW1	o	18.884999999999998	246.49	485.54	941.25	2912.07	0.33478	244.827	449.033	1092.32	2788.91
ashley	HH	how	19.09		1083.88	1423.9	3008.67	0.86174	203.75900000000001	583.46	1227.77	2940.27
ashley	DH	the	19.25	172.05	196.64	1646.1	2875.51	0.26273	194.5975	246.56	1840.43	2377.53
ashley	IY0	the	19.325000000000003	229.75	384.41	2252.21	2615.83	0.55115	212.845	381.9715	1543.2800000000002	2367.315
ashley	P	operatic	19.55		593.79	1196.58	2620.9	0.42691	74.7323	360.806	1360.66	2577.62
ashley	AE1	operatic	19.805	191.43	601.39	1886.65	2736.87	0.41138	190.1015	476.22249999999997	1841.28	2664.5299999999997
ashley	T	operatic	19.950000000000003		702.36	1955.82	2870.88	0.64816	171.162	304.525	2058.58	2504.39
ashley	IH0	operatic	20.055	185.81	335.84	1855.87	2622.0	0.3722	183.1935	296.205	1697.95	2272.35
ashley	IH0	impulse	20.395	185.28	213.12	2075.99	2685.03	0.0	183.281	261.097	1711.65	2421.82
ashley	P	impulse	20.61		785.06	1101.89	2789.69	0.53902	186.407	536.003	1360.6	2912.72
ashley	L	impulse	20.775	185.88	366.54	745.53	2762.24	0.15081	175.1935	318.855	1395.02	2557.61
ashley	IH1	dip	22.34	199.03	350.51	2397.32	2950.18	0.33494	198.1815	218.31900000000002	1703.0949999999998	2227.3199999999997
ashley	P	dip	22.42	183.98	209.48	2358.83	2771.12	0.39297	182.73149999999998	179.328	1655.2849999999999	2049.465
ashley	D	deep	22.520000000000003	165.58	182.67	2300.54	2769.89	0.38288	169.36	208.37599999999998	1813.135	2392.5299999999997
ashley	IY1	deep	22.685000000000002	205.86	242.73	2643.67	3010.18	0.35862	214.868	222.6535	1826.25	2358.995
ashley	M	my	22.98		1002.81	1721.07	3169.88	1.0	200.417	466.303	1455.05	2710.85
ashley	AY1	my	23.075	178.18	666.48	1845.46	2762.75	0.43747	178.0485	264.024	1755.28	2411.09
ashley	D	darling	23.18		488.41	1927.46	2892.21	0.65231	173.959	297.79	1613.53	2463.31
ashley	AA1	darling	23.259999999999998	170.71	451.88	1184.53	2389.38	0.08961	168.249	401.169	1259.11	2375.85
ashley	R	darling	23.335	172.61	456.26	1284.24	2350.15	0.40202	172.38150000000002	367.623	1437.22	2517.4
ashley	L	darling	23.41	169.61	319.14	1515.21	2851.23	0.28556	170.017	260.015	1808.48	2494.37
ashley	IH0	darling	23.465	172.48	342.55	2217.74	2766.65	0.4623	169.492	215.59449999999998	1695.125	2280.0550000000003
ashley	IH0	into	23.875	199.83	239.83	2222.22	2911.11	0.0173	195.614	231.46949999999998	1755.99	2436.27
ashley	T	into	23.990000000000002		808.27	2163.06	2694.95	0.76476	115.61655	275.31449999999995	2005.145	2597.975
ashley	AH0	the	24.15	189.1	396.61	1241.38	2757.38	0.3439	165.152	344.92	1594.95	2378.12
ashley	B	blank	24.215		356.34	1538.66	2790.25	0.42699	98.66329999999999	328.24	1607.56	2357.47
ashley	L	blank	24.29	187.92	489.52	1102.74	2900.5	0.44809	184.2135	564.2864999999999	1505.705	2848.95
ashley	AE1	blank	24.354999999999997	182.66	694.62	1732.35	2909.13	0.5012	178.901	247.923	1733.15	2342.34
ashley	NG	blank	24.42	177.26	327.25	1811.64	2450.79	0.47148	174.349	253.123	1594.435	2274.035
ashley	UW1	pool	24.755	186.65	334.91	751.23	2451.03	0.20104	182.813	413.41	1235.03	2707.66
ashley	L	pool	24.93	176.84	264.28	823.06	2960.51	0.00656	169.0915	307.921	1621.11	2579.07
bob	IY1	sea	1.8599999999999999	185.95	357.09	2065.34	2132.22	0.4582	187.525	277.121	1717.17	2419.08
bob	AH0	and	1.9899999999999998	168.51	492.44	1556.04	2097.65	0.56035	264.574	402.23	1650.51	2498.21
bob	N	and	2.025	136.2	329.55	1272.02	2094.18	0.34153	140.941	290.06600000000003	1470.5149999999999	2364.02
bob	D	and	2.0549999999999997	134.7	292.76	1332.97	2240.94	0.31268	134.098	314.9935	1376.69	2243.125
bob	AH0	the	2.14	126.36	359.29	1356.82	2315.51	0.31278	132.284	316.278	1317.96	2356.3
bob	K	sky	2.3200000000000003		1450.19	1621.52	3467.58	0.84898	144.69799999999998	460.741	1197.5875	2427.1
bob	AY1	sky	2.515	122.09	650.11	1237.63	2060.95	0.16496	124.68	698.339	1423.66	2639.58
bob	W	were	2.71	139.66	375.08	1242.96	2662.92	0.45315	140.527	331.52049999999997	1469.3850000000002	2625.115
bob	ER0	were	2.8049999999999997	128.29	413.21	1017.43	1889.84	0.10172	128.304	353.993	1181.36	2694.67
bob	W	welded	2.9050000000000002	112.59	305.91	1307.2	1872.81	0.3512	116.80799999999999	356.424	1397.33	2682.58
bob	EH1	welded	3.0	163.32	574.49	1302.35	1995.44	0.35386	161.8615	600.488	1189.69	2662.18
bob	L	welded	3.09	179.35	535.51	1052.27	2359.26	0.50868	179.366	499.52000000000004	1038.75	2579.11
bob	D	welded	3.175	138.0	316.02	1374.21	2704.34	0.34715	135.8065	316.389	1523.95	2490.05
bob	IH0	welded	3.24	129.5	299.6	1495.58	2265.11	0.22485	128.9325	309.468	1571.1	2416.19
bob	D	welded	3.29	105.81	272.65	1556.66	2758.49	0.33492	110.432	290.5205	1603.41	2432.315
bob	AH0	together	3.415	122.51	348.16	1637.74	1952.26	0.35858	124.121	320.299	1786.7	2495.78
bob	G	together	3.505	98.39	1383.74	2320.8	3369.1	1.0	108.462	306.22	1784.46	2509.44
bob	EH1	together	3.5999999999999996	123.91	596.12	1465.85	1988.61	0.45001	124.238	523.776	1447.73	2562.23
bob	DH	together	3.685	136.96	329.21	1450.94	2280.45	0.38664	138.281	319.2445	1573.51	2580.2799999999997
bob	ER0	together	3.755	172.49	457.17	1350.5	1800.77	0.42747	172.10750000000002	321.0865	1399.275	2458.0
bob	W	without	3.825	139.65	379.06	919.08	1546.73	0.3846	139.572	319.135	1385.7649999999999	2649.215
bob	IH0	without	3.885	129.53	443.02	1360.6	2147.07	0.47585	132.156	318.142	1377.04	2463.11
bob	T	without	4.154999999999999	146.15	501.89	1156.36	2299.71	0.3381	148.98	421.978	1313.62	2453.35
bob	AH0	a	4.25	132.92	356.82	1297.39	2338.56	0.29573	136.543	287.601	1418.695	2382.105
bob	OY1	joint	4.58	141.57	540.25	997.08	2247.17	0.43453	142.8715	564.542	1090.55	2801.18
bob	N	joint	4.75	92.89	148.42	1605.26	2258.07	0.13781	91.07235	320.723	1512.97	1820.35
bob	D	and	5.295	112.65	357.29	1485.35	2465.62	0.41592	112.29849999999999	350.15999999999997	1460.77	2256.895
bob	IH0	in	5.335	116.89	402.32	1484.33	2075.96	0.42281	115.948	298.699	1561.63	2366.46
bob	N	in	5.380000000000001	112.91	265.58	1364.94	2106.75	0.26439	109.776	260.8955	1638.3049999999998	2352.83
bob	DH	the	5.42	103.6	252.19	1420.56	2205.46	0.28092	104.54849999999999	290.653	1508.05	2140.25
bob	AH0	the	5.49	112.33	544.22	1317.77	2303.16	0.58608	111.513	321.394	1303.95	2270.84
bob	L	luminous	5.58	110.59	318.47	1340.57	2198.26	0.23649	107.485	287.0775	1312.08	2200.625
bob	UW1	luminous	5.67	138.95	357.81	1106.19	2139.33	0.32087	138.064	320.2675	1343.185	2499.0950000000003
bob	M	luminous	5.74	121.23	294.87	1061.46	2162.34	0.32004	120.952	407.074	1533.6	2713.6
bob	AH0	luminous	5.779999999999999	117.32	438.55	1249.3	2196.84	0.40963	117.05250000000001	401.8245	1177.6799999999998	2455.98
bob	N	luminous	5.83	106.42	251.71	1285.92	2322.87	0.22686	106.941	384.489	1204.955	2113.4399999999996
bob	AH0	luminous	5.91	103.33	443.3	1463.23	2432.93	0.46467	99.49164999999999	336.16	1402.79	2244.32
bob	EY1	space	6.275	148.46	428.88	1700.48	1969.74	0.30471	146.46550000000002	370.246	1740.855	2334.31
bob	AH0	the	6.8100000000000005	112.21	378.42	1577.91	2396.2	0.39135	110.848	336.8225	1568.075	2237.8
bob	T	tan	6.92		545.15	1637.08	2606.04	0.47264	157.025	393.168	1321.85	2246.35
bob	AE1	tan	7.08	187.7	558.34	1544.0	2232.98	0.25402	184.08499999999998	543.759	1619.5	2306.2
bob	N	tan	7.25	144.76	298.25	1470.34	2190.56	0.33585	148.497	319.342	1691.9299999999998	2429.0150000000003
bob	L	sails	7.7	171.5	403.29	1162.59	2012.0	0.32493	157.0265	333.955	1224.48	2534.28
bob	Z	sails	7.785	101.58	366.6	1805.18	2922.06	0.34814	121.339	295.4275	1815.73	2752.19
bob	AH0	of	7.845000000000001	119.46	402.4	1401.35	2229.33	0.22577	118.959	319.538	1486.42	2398.66
bob	V	of	7.895	93.54	345.56	1319.64	3020.85	0.31717	95.9164	300.591	1557.65	2569.35
bob	B	barges	8.065		415.45	1243.96	2165.79	0.4232	96.987	328.0165	1285.26	2495.105
bob	AA1	barges	8.2	147.01	587.57	1131.86	1909.6	0.29657	144.28449999999998	598.706	1003.03	2630.31
bob	R	barges	8.315	133.24	518.56	1380.57	1808.02	0.53324	135.989	484.101	1548.62	2375.1949999999997
bob	IH0	barges	8.485	173.07	347.75	1521.8	2258.71	0.33204	157.9205	318.422	1736.0	2511.08
bob	R	drifting	8.719999999999999	127.26	311.79	1528.57	2670.86	0.25405	122.805	323.4585	1705.145	2523.2799999999997
bob	IH1	drifting	8.77	147.16	434.48	1556.86	1606.2	0.33209	144.898	337.218	1696.895	2548.615
bob	F	drifting	8.83	140.97	414.63	1540.03	2701.42	0.24187	141.55450000000002	286.0585	1442.31	2282.995
bob	IH0	drifting	8.945	120.72	345.46	1841.69	1887.28	0.38795	119.6	294.464	1698.64	2502.56
bob	NG	drifting	9.010000000000002	124.49	356.85	989.52	1988.83	0.37662	122.355	297.815	1435.33	2188.6800000000003
bob	AH1	up	9.095	148.24	606.45	1176.22	1850.54	0.52195	146.414	603.772	1034.22	2612.84
bob	P	up	9.175	144.81	540.89	1140.27	1863.19	0.37966	215.46050000000002	685.8499999999999	972.675	2502.4700000000003
bob	IH0	with	9.280000000000001	115.24	349.07	1365.11	1796.67	0.07279	116.4365	325.422	1489.05	2622.95
bob	AH0	the	9.455		387.71	1587.66	2532.72	0.4077	115.668	317.281	1605.545	2508.5249999999996
bob	T	tide	9.55		713.83	1675.99	2759.37	0.59446	162.778	304.031	1465.58	2483.84
bob	AY1	tide	9.739999999999998	144.22	614.57	1254.44	1789.6	0.11221	155.183	659.538	1226.41	2521.26
bob	D	tide	9.94	145.98	393.95	1771.52	1885.8	0.51464	150.722	301.41	1611.69	2473.1
bob	IY1	seemed	10.49	171.11	347.48	1925.18	2040.14	0.41429	170.648	296.7025	1854.1950000000002	2505.1499999999996
bob	M	seemed	10.615	165.94	316.11	1286.17	2208.59	0.40978	163.663	306.529	1628.9	2460.76
bob	D	seemed	10.66	143.05	270.74	1624.65	2329.73	0.34642	119.12275	306.529	1535.28	2063.45
bob	AH0	to	10.8	129.93	359.68	1432.59	2334.81	0.39693	134.307	317.055	1698.78	2543.82
bob	T	stand	10.985		1086.15	2003.15	3088.85	0.9163	165.68099999999998	321.233	1643.48	2499.72
bob	AE1	stand	11.125	170.2	563.11	1529.65	1649.02	0.25681	166.0205	635.5245	1552.72	2420.94
bob	N	stand	11.24	141.99	513.69	1536.4	2575.83	0.67515	140.8105	359.221	1527.63	2538.85
bob	D	stand	11.305	120.55	325.51	1528.85	2647.86	0.38887	126.89099999999999	317.765	1633.95	2477.69
bob	IH1	still	11.665	123.5	428.45	1547.85	1871.31	0.31491	134.6825	335.587	1665.51	2600.69
bob	L	still	11.855		387.07	1032.79	2333.59	0.263	144.465	339.4175	1384.56	2628.4700000000003
bob	IH0	in	11.95	127.86	485.08	1598.46	1684.98	0.60851	127.894	373.962	1537.66	2525.36
bob	N	in	12.045	115.29	326.72	1415.99	2313.96	0.36746	116.077	302.13149999999996	1500.475	2386.02
bob	R	red	12.165	137.81	318.16	1046.35	1836.6	0.10297	137.242	316.906	1480.43	2449.53
bob	EH1	red	12.27	169.43	506.93	1520.17	1562.16	0.2868	166.9525	426.1105	1522.225	2572.3549999999996
bob	D	red	12.39	110.07	337.01	1720.83	2530.54	0.44034	124.78999999999999	291.7935	1590.755	2302.7
bob	L	clusters	12.565	154.45	466.14	1203.18	2092.01	0.43783	154.668	556.434	1191.27	2817.6
bob	AH1	clusters	12.64	164.76	571.27	1231.74	2246.44	0.47785	164.7255	611.254	1236.4450000000002	2701.605
bob	ER0	clusters	12.865	125.78	355.39	1537.36	1942.56	0.28047	128.062	293.1125	1671.35	2612.295
bob	AH0	of	13.02	127.25	410.53	1313.91	2270.6	0.20484	124.292	330.066	1464.16	2475.39
bob	AE1	canvas	13.33	171.16	560.27	1205.75	1740.02	0.16206	168.989	472.541	1559.455	2640.705
bob	N	canvas	13.425	130.34	346.47	1343.9	2246.53	0.38216	134.7375	319.05949999999996	1421.2150000000001	2283.67
bob	V	canvas	13.510000000000002	85.08	330.35	1388.62	2631.86	0.32119	84.0479	305.7665	1439.58	2301.785
bob	AH0	canvas	13.615	81.88	372.62	1528.55	2590.79	0.37148	85.14975000000001	311.4	1460.87	2398.44
bob	AA1	sharply	14.030000000000001	153.0	622.14	1213.11	1712.36	0.39753	151.987	674.113	1146.51	2434.56
bob	R	sharply	14.115	125.54	508.39	1212.19	1659.29	0.46079	130.017	517.241	1209.865	2376.4
bob	P	sharply	14.185		617.88	1318.08	2488.38	0.46729	339.96115	658.387	1306.195	2328.955
bob	L	sharply	14.245000000000001	125.85	378.85	1294.2	2017.82	0.32151	126.4225	344.719	1624.62	2469.88
bob	IY0	sharply	14.325	106.42	321.12	1494.13	1950.02	0.18702	117.544	293.96	1611.315	2342.6
bob	IY1	peaked	14.555	137.53	281.23	1927.55	2160.27	0.294	149.018	274.248	1919.06	2338.47
bob	K	peaked	14.67		1488.69	1983.55	2577.07	0.96008	258.759	258.523	1815.45	2062.045
bob	IH1	with	15.195	123.93	363.31	1417.83	1939.89	0.12122	124.2125	283.273	1543.8400000000001	2290.6099999999997
bob	DH	with	15.24	105.07	314.59	1460.83	2130.49	0.37024	115.187	287.559	1464.01	2183.95
bob	G	gleams	15.315	96.6	220.81	1241.48	2605.26	0.2173	98.856	315.1	1351.53	2440.145
bob	L	gleams	15.399999999999999	129.35	372.3	1175.42	2431.86	0.27826	129.0935	316.196	1481.8	2502.77
bob	IY1	gleams	15.535	147.25	335.13	2139.58	2686.62	0.43214	148.114	248.89800000000002	1618.625	2136.52
bob	M	gleams	15.695	180.15	308.73	1307.09	2168.03	0.40242	176.571	280.816	1627.97	2353.75
bob	AH1	of	15.905000000000001	145.38	563.05	1106.87	2112.5	0.41005	145.312	423.53099999999995	1074.76	2639.4449999999997
bob	V	of	16.04		441.72	1428.53	2665.1	0.40778	118.988	259.4645	880.5464999999999	2277.08
bob	AA1	varnished	16.275	142.46	613.58	1132.59	2023.67	0.34175	144.166	721.84	1009.707	2807.34
bob	R	varnished	16.35	125.77	566.58	1286.25	1712.39	0.57804	126.82	590.756	1331.025	2429.99
bob	N	varnished	16.405	120.04	312.91	1419.19	2408.16	0.34726	121.487	321.951	1492.855	2287.805
bob	IH0	varnished	16.48	125.5	357.62	1659.47	2157.58	0.3729	124.911	276.3565	1781.8249999999998	2383.75
bob	EY1	space	16.965	91.61	317.1	1655.74	2216.43	0.03886	92.1976	313.9995	1413.365	1497.7849999999999
charlotte	T	to	2.5		823.97	1935.21	3321.74	0.72531	236.402	400.789	1676.02	2591.3
charlotte	B	bring	2.59	184.15	340.99	1446.27	2508.38	0.38986	191.8675	314.471	1869.3600000000001	2570.6949999999997
charlotte	IH1	bring	2.6799999999999997	186.29	507.13	1833.52	2569.77	0.5811	187.147	332.535	1569.6	2320.23
charlotte	NG	bring	2.7649999999999997	182.59	505.28	1972.22	2880.94	0.80714	185.779	327.871	2045.33	2806.745
charlotte	DH	these	2.855	167.13	548.31	1935.64	2899.67	0.78084	170.2575	382.58	1903.84	2774.38
charlotte	IY1	these	2.9400000000000004	192.25	472.75	2300.78	2819.48	0.71329	187.348	157.278	1711.1	2312.78
charlotte	Z	these	3.05		583.38	2060.09	3126.71	0.48316	192.464	251.52750000000003	1423.4450000000002	2057.955
charlotte	IH1	things	3.1950000000000003	162.59	515.99	1993.02	2915.91	0.64297	166.679	362.6835	1785.47	2690.215
charlotte	NG	things	3.285	157.62	619.5	1990.13	2919.4	1.0	157.521	389.2205	1806.3400000000001	2849.725
charlotte	Z	things	3.38	149.74	372.68	1918.44	2998.87	0.36806	155.574	252.10250000000002	1317.73	1990.505
charlotte	W	with	3.4450000000000003	157.57	400.4	1381.52	2647.97	0.52816	156.42	435.779	1484.3249999999998	2657.63
charlotte	IH0	with	3.495	154.05	462.18	1443.19	2807.08	0.37212	161.42899999999997	402.736	1322.91	2601.8
charlotte	HH	her	3.57	144.97	443.9	1514.81	2844.42	0.37674	143.21499999999997	358.198	1403.18	2458.4
charlotte	ER1	her	3.65	144.57	500.55	1719.96	2800.91	0.50805	145.423	327.2495	1817.4299999999998	2591.23
charlotte	AH1	the	3.925	136.56	403.66	1361.65	2835.95	0.38152	136.256	382.164	1044.0065	2528.275
charlotte	AO1	store	4.175000000000001	133.89	522.85	1025.48	2655.34	0.33825	139.631	547.933	1083.91	2585.92
charlotte	R	store	4.365		442.32	1074.01	2755.09	0.30958	125.032	720.226	1080.025	2764.6400000000003
charlotte	K	six	5.154999999999999		476.66	1852.75	2640.58	0.37882	200.429	239.187	1694.97	2219.06
charlotte	UW1	spoons	5.484999999999999	170.86	418.76	1521.71	2572.07	0.52188	171.1565	325.021	2090.615	2674.2250000000004
charlotte	N	spoons	5.575	173.98	390.79	1250.84	2811.45	0.4296	173.593	371.752	2018.9	2935.01
charlotte	V	of	5.73		1075.86	2138.31	3282.34	1.0	135.64800000000002	301.6965	1832.67	2498.6499999999996
charlotte	EH1	fresh	5.955	209.38	790.11	1919.3	2724.11	0.988	198.677	743.502	1707.55	2700.05
charlotte	SH	fresh	6.0649999999999995		710.63	2090.3	3100.31	0.15997	201.0385	329.619	2066.785	2726.365
charlotte	N	snow	6.225	164.31	478.1	1418.43	2613.71	0.59663	182.7025	349.35450000000003	1822.8	2658.5150000000003
charlotte	OW1	snow	6.3149999999999995	148.55	493.69	1489.45	2718.22	0.49814	149.769	532.271	1955.01	2622.59
charlotte	P	peas	6.425000000000001		504.59	1718.29	2361.31	0.46862	148.542	379.8905	1607.805	2282.145
charlotte	IY1	peas	6.57	143.68	411.54	2172.31	2671.98	0.57756	145.85750000000002	164.5	1491.82	1946.53
charlotte	Z	peas	6.755		437.9	1953.88	2909.61	0.40241	148.0705	202.61149999999998	1150.867	1754.005
charlotte	V	five	7.31		628.46	1869.98	2823.66	0.63274	172.354	484.679	1796.815	2536.04
charlotte	IH1	thick	7.54	193.15	655.18	1932.0	2643.23	0.97198	197.941	295.012	1452.51	1881.31
charlotte	K	thick	7.62		441.08	2102.59	2433.6	0.4218	301.3095	236.27	1366.95	1732.46
charlotte	AE1	slabs	7.89	175.56	974.8	1263.25	2828.04	0.76963	176.055	814.372	992.3015	2598.115
charlotte	B	slabs	7.9799999999999995		505.85	1175.69	2707.27	0.50368	173.9175	729.255	1041.6	2707.53
charlotte	AH0	of	8.100000000000001	153.24	434.81	1323.93	2761.16	0.25545	156.993	331.53	1738.59	2653.29
charlotte	V	of	8.170000000000002		343.18	1570.88	2477.78	0.369	145.933	340.6355	1775.335	2555.215
charlotte	UW1	blue	8.345	179.53	399.18	1326.57	2639.9	0.44356	177.001	377.288	1895.805	2636.91
charlotte	CH	cheese	8.45		494.24	2170.51	2997.03	0.0	178.031	254.09300000000002	2110.0950000000003	2673.4849999999997
charlotte	IY1	cheese	8.615	140.38	447.41	2223.66	2783.33	0.6526	141.4525	179.774	1648.89	2075.67
charlotte	Z	cheese	8.795		433.83	2040.34	2883.93	0.41375	140.79399999999998	280.2325	1216.69	2107.225
charlotte	M	maybe	9.305	154.58	627.64	1680.12	2680.34	1.0	153.464	515.13	1547.625	2859.365
charlotte	EY1	maybe	9.370000000000001	153.08	601.2	2032.19	2715.33	0.77395	153.52800000000002	487.1195	1560.5349999999999	2225.4
charlotte	B	maybe	9.440000000000001	145.08	414.73	1973.55	2706.45	0.58703	148.378	300.121	1756.92	2330.5
charlotte	IY0	maybe	9.495000000000001	147.18	404.03	2071.96	2740.06	0.60486	149.99450000000002	316.838	1762.76	2534.02
charlotte	AH0	a	9.559999999999999	147.91	434.35	1938.75	2802.44	0.55726	144.01350000000002	300.724	1643.875	2287.56
charlotte	HH	her	10.280000000000001	140.54	676.22	1563.61	2635.86	0.57547	140.146	545.5415	1516.5349999999999	2653.51
charlotte	AH1	brother	10.485	133.57	547.57	1328.18	2745.49	0.47275	101.8176	513.5345	1037.4835	2670.71
charlotte	DH	brother	10.530000000000001		482.36	1237.14	2817.44	0.53252	129.4465	364.4475	930.5790000000001	2478.755
charlotte	B	bob	10.844999999999999		359.64	1272.61	2736.23	0.37047	149.197	440.717	1033.605	2672.97
charlotte	IY1	we	11.485	172.47	380.95	1608.6	2447.98	0.4157	169.153	322.77700000000004	1642.005	2488.7200000000003
charlotte	AO1	also	11.55	198.61	499.85	1147.67	2844.78	0.34719	190.42149999999998	469.6465	1426.065	2711.6099999999997
charlotte	L	also	11.600000000000001		533.31	1165.38	3057.88	0.5362	210.36	731.272	1200.09	3204.79
charlotte	OW0	also	11.75	188.85	613.85	1602.47	2861.19	0.79016	215.235	427.8575	1968.27	2746.895
charlotte	N	need	11.795	176.27	449.68	2081.8	2704.58	0.69284	180.81400000000002	334.158	1821.22	2520.16
charlotte	IY1	need	11.855	168.39	460.77	2216.72	2729.51	0.67563	168.8795	155.913	1654.94	1925.73
charlotte	D	need	11.915	164.35	354.68	2188.54	2770.04	0.55411	110.50215	274.01	1713.72	2234.48
charlotte	AO1	small	12.325	195.17	529.74	924.66	3320.31	0.31203	193.146	790.6865	1092.7150000000001	3192.205
charlotte	P	plastic	12.530000000000001		842.19	2148.24	3078.82	0.78405	193.7305	752.228	1416.4	2832.23
charlotte	AE1	plastic	12.66	184.14	854.09	1230.37	3072.27	0.58819	168.38150000000002	793.344	1029.91	2633.73
charlotte	EY1	snake	13.16	148.53	849.2	2100.79	2847.02	1.0	147.73149999999998	593.5445	1736.635	2845.935
charlotte	K	snake	13.3		891.64	2132.26	2636.6	0.67347	150.152	124.145	1524.69	1503.7
charlotte	B	big	13.615		459.78	1889.84	2651.55	0.61594	144.436	335.939	1869.55	2449.7
charlotte	IH1	big	13.68	156.71	468.02	1958.58	2560.13	0.51568	157.24200000000002	390.322	1860.52	2498.46
charlotte	G	big	13.755		966.03	2021.13	2270.08	1.0	157.012	277.03	1607.81	2009.9
charlotte	OY1	toy	13.98	153.35	487.94	1213.78	2213.72	0.37066	153.112	426.949	1158.36	2400.86
charlotte	AA1	frog	14.245000000000001	135.55	625.48	1100.29	2378.29	0.3458	138.221	586.807	951.9355	2250.0249999999996
charlotte	G	frog	14.335		534.73	1209.43	2405.12	0.49632	133.2775	603.027	972.837	2437.99
charlotte	AH0	the	14.59	131.52	459.71	1419.38	2601.82	0.4799	132.158	348.72	1274.61	2453.77
charlotte	K	kids	14.665		1162.11	2099.81	2922.46	0.81201	98.8564	222.8515	1338.0149999999999	1608.56
charlotte	IH1	kids	14.75		479.11	2122.07	2659.24	0.58409	142.52749999999997	165.06	1426.87	1835.73
charlotte	D	kids	14.84		364.15	2219.52	2412.14	0.57099	66.7533	157.996	1431.39	1954.25
charlotte	N	can	15.865	157.33	431.98	1991.88	3015.5	0.64723	161.422	363.548	1879.53	2698.62
charlotte	UW1	scoop	16.095	193.83	402.3	1438.03	2631.57	0.47395	198.222	313.227	1619.73	2520.0
charlotte	DH	these	16.225		387.4	1877.08	2792.25	0.56112	192.695	214.036	1793.4899999999998	2245.685
charlotte	IY1	these	16.295	165.55	470.36	2179.55	2800.1	0.68611	164.776	286.501	1802.35	2483.17
charlotte	Z	these	16.384999999999998		587.25	2047.35	2957.02	0.48294	165.06650000000002	147.2405	1138.085	1414.795
charlotte	NG	things	16.615000000000002	143.08	605.67	1976.09	2728.94	0.98103	143.381	287.596	1799.06	2352.05
charlotte	Z	things	16.705	139.07	268.3	1960.73	2905.19	0.32814	134.948	185.8615	1121.3	1758.21
charlotte	IH0	into	16.759999999999998	145.88	412.4	1955.29	2710.77	0.37729	149.446	212.735	1672.52	2225.1099999999997
charlotte	N	into	16.8	140.16	379.04	2004.14	3273.38	0.56984	140.53	206.2345	1546.29	2176.045
charlotte	T	into	16.845		903.2	1979.53	3363.22	0.78825	136.476	320.892	1691.54	2399.76
charlotte	R	three	17.035	173.48	454.63	1493.29	2335.24	0.46932	183.121	280.716	1809.8400000000001	2363.01
charlotte	IY1	three	17.115000000000002	181.61	379.18	1257.11	2281.56	0.34633	180.631	286.415	1733.87	2375.38
charlotte	R	red	17.205	172.08	432.03	1548.77	2358.13	0.45193	174.713	312.57000000000005	1572.355	2508.125
charlotte	D	red	17.34	167.56	645.63	1455.48	2380.36	0.73464	167.3495	608.614	1314.84	2752.77
charlotte	B	bags	17.425		747.78	1403.9	2347.28	0.81178	164.474	757.115	1177.565	2175.1400000000003
charlotte	G	bags	17.625		585.29	1677.62	2529.34	0.63643	134.833	468.9605	1552.645	2119.0
charlotte	W	will	18.200000000000003	135.26	380.68	1038.9	2389.69	0.41518	139.678	359.463	1078.64	2416.93
charlotte	L	will	18.285	135.4	463.16	1124.2	3037.81	0.4113	136.906	500.6685	1105.755	2782.865
charlotte	G	go	18.345		400.92	1365.27	2257.68	0.40598	135.825	394.927	1227.305	2454.425
charlotte	OW1	go	18.43	136.59	561.86	1348.81	2522.78	0.62761	137.3405	515.046	1138.57	2479.1
charlotte	M	meet	18.52	142.82	408.67	1115.65	2612.53	0.52406	138.6155	390.496	1000.2435	2596.435
charlotte	IY1	meet	18.604999999999997	159.03	463.71	2414.47	2731.53	0.71822	156.873	154.9563	1646.125	2073.5299999999997
charlotte	ER0	her	18.82	159.24	524.71	1099.16	2686.62	0.36006	161.398	412.003	1427.325	2592.5
charlotte	W	wednesday	18.9	144.1	498.82	1215.17	2751.33	0.65582	148.07299999999998	507.149	1032.78	2767.75
charlotte	EH1	wednesday	18.965	135.35	739.69	1712.75	2768.6	0.81978	138.9	631.966	1185.0749999999998	2622.09
charlotte	N	wednesday	19.04	135.35	656.67	1673.12	2885.6	0.9198	135.144	351.723	1702.52	2648.2
charlotte	EY2	wednesday	19.354999999999997	127.75	535.42	2263.42	2711.83	1.0	132.408	196.834	1406.99	2072.1
charlotte	T	at	19.619999999999997		452.54	1726.92	2835.73	0.43015	109.264	405.774	1610.78	2805.47
charlotte	EY1	train	19.915	131.3	773.43	2093.54	2837.14	1.0	132.3415	630.145	1735.8	2400.58
charlotte	N	train	19.98	127.69	546.32	2077.32	2793.34	0.83788	129.132	276.8935	1782.915	2385.765
charlotte	S	station	20.055		511.55	2006.72	3098.88	0.30299	126.72	367.994	1482.38	2522.96
charlotte	EY1	station	20.22	125.3	537.27	2050.95	2679.93	0.63192	125.3175	285.12350000000004	1496.505	2210.54
charlotte	N	station	20.490000000000002		690.68	2321.97	3137.39	1.0	124.50399999999999	244.124	1910.575	2675.24
cheryl	AH0	stella	1.4300000000000002		910.41	2019.07	2974.61	1.0	165.736	860.005	1376.54	2310.16
cheryl	AE1	ask	1.69	232.5	900.98	1642.18	2316.54	0.7704	234.3665	876.7515000000001	916.577	1969.905
cheryl	B	bring	2.075		423.85	1628.14	2345.02	0.51878	386.7345	399.741	1767.83	2129.49
cheryl	R	bring	2.12	371.51	465.45	1664.04	2542.26	0.5436	397.6915	341.35	1610.6799999999998	2211.085
cheryl	IH1	bring	2.16	310.09	589.06	2163.44	2567.98	0.8664	283.9595	595.838	1977.1950000000002	2360.3149999999996
cheryl	NG	bring	2.205	273.83	293.91	1469.93	2315.59	0.35331	304.772	273.476	2224.59	2789.88
cheryl	DH	these	2.25	294.47	438.96	1973.35	3185.08	0.64971	281.2895	244.7255	1985.375	2513.665
cheryl	TH	things	2.435		475.06	1838.91	2406.59	0.42357	561.745	50.1244	765.939	1058.53
cheryl	Z	things	2.62		327.26	2163.29	2646.23	0.38513	230.417	173.99239999999998	893.7579999999999	1709.1329999999998
cheryl	TH	with	2.7350000000000003		584.25	1867.26	2521.45	0.8108	240.789	114.902	1483.72	1798.23
cheryl	ER0	her	2.885	203.96	603.08	1451.59	2190.39	0.63589	204.546	711.0799999999999	1580.8200000000002	2030.06
cheryl	DH	the	3.0549999999999997	202.38	455.69	1849.23	2447.88	0.642	218.98250000000002	357.70399999999995	1817.945	2402.705
cheryl	AH0	the	3.0949999999999998	214.99	418.33	1951.55	3398.28	0.53569	200.8795	320.83	1702.06	2282.26
cheryl	AO1	store	3.3049999999999997	170.59	563.8	1135.08	2908.47	0.4423	187.446	517.4269999999999	1105.6	2719.585
cheryl	R	store	3.415		812.01	1770.99	2378.8	1.0	120.04750000000001	818.0260000000001	1439.94	2205.55
cheryl	IH1	six	4.06	306.13	585.86	2306.92	2501.7	0.89444	297.8035	340.4815	2185.55	2510.285
cheryl	UW1	spoons	4.385	309.17	478.59	1291.26	2350.72	0.57694	316.621	408.769	1515.02	2763.16
cheryl	EH1	fresh	4.755	236.15	688.81	2037.12	2136.11	0.82059	241.9775	758.35	1953.08	2577.87
cheryl	N	snow	4.98	256.56	373.84	2141.16	3189.26	0.59072	257.568	275.603	1832.435	2621.465
cheryl	OW1	snow	5.055	217.43	570.48	1422.93	3085.6	0.66801	226.007	574.424	1402.5900000000001	2894.975
cheryl	P	peas	5.16		816.28	1970.2	2786.12	0.73129	222.3145	368.3515	1450.565	2551.395
cheryl	Z	peas	5.45		529.05	2145.87	2904.7	0.47208	199.7385	59.9167	940.57	974.372
cheryl	AY1	five	5.945	226.19	1018.39	1795.22	2883.33	1.0	233.457	976.116	1533.68	2549.69
cheryl	V	five	6.05		732.06	1903.18	2535.86	0.71245	230.87	385.131	1992.2	2683.09
cheryl	IH1	thick	6.17	155.36	558.75	2512.76	2610.82	0.87895	158.998	455.813	2135.04	2553.04
cheryl	K	thick	6.23		614.07	2003.75	2423.25	0.49095	236.3255	258.303	1855.62	2064.67
cheryl	AE1	slabs	6.455	245.07	742.33	1749.28	2210.81	0.57402	248.625	750.3365	1721.8	2299.355
cheryl	B	slabs	6.535	248.1	728.85	1885.9	3269.8	0.90045	248.068	644.523	1529.65	2803.63
cheryl	Z	slabs	6.58		716.73	2200.43	3298.77	0.56371	248.026	592.422	1585.535	2920.485
cheryl	AH0	of	6.625	244.45	466.92	1763.27	3122.27	0.50006	255.746	293.511	1642.33	2537.33
cheryl	L	blue	6.755	229.28	389.98	1356.0	3138.36	0.35652	229.059	301.632	1745.95	2756.47
cheryl	UW1	blue	6.84	209.67	423.88	2377.35	2996.15	0.72166	214.891	299.9325	2366.0	3075.7
cheryl	IY1	cheese	7.1	199.54	414.56	1617.26	3073.23	0.4786	204.875	279.759	2166.37	2998.45
cheryl	Z	cheese	7.225		495.18	2063.89	2336.9	0.44457	205.32299999999998	223.9225	1286.3899999999999	2065.84
cheryl	M	maybe	7.494999999999999	234.52	373.14	1974.74	2847.46	0.67125	230.8955	247.928	1770.43	2396.23
cheryl	EY1	maybe	7.57	242.67	475.25	2104.99	2926.24	0.50227	234.417	326.152	2176.68	3098.4
cheryl	B	maybe	7.640000000000001	240.56	343.1	2205.16	3259.13	0.56331	248.601	256.631	1957.76	2833.1
cheryl	IY0	maybe	7.705	277.68	355.98	1558.5	3036.73	0.32858	272.401	291.623	2253.05	3100.69
cheryl	AH0	a	7.779999999999999	282.91	551.46	2119.19	2855.69	0.77619	277.406	361.533	1854.945	2652.8900000000003
cheryl	AE1	snack	8.015	205.98	924.12	1931.3	2289.4	0.88436	210.144	785.6385	1379.25	1766.145
cheryl	HH	her	8.29		988.22	1888.25	2731.56	0.91414	225.882	694.6835	1677.78	2160.15
cheryl	ER0	her	8.370000000000001	214.54	694.79	1582.01	2168.97	0.86856	233.6045	778.12	1597.8	2176.19
cheryl	B	brother	8.41		439.13	1366.35	2255.26	0.47593	211.0605	537.8485000000001	1497.125	2118.87
cheryl	DH	brother	8.54	197.02	487.05	1559.73	2946.97	0.61421	197.2885	488.4065	1222.6799999999998	2806.92
cheryl	ER0	brother	8.59	201.11	592.22	1724.47	2232.69	0.83474	207.998	512.02	1711.1799999999998	2847.64
cheryl	B	bob	8.649999999999999		357.97	1411.34	2500.8	0.4	197.1375	376.7175	1551.44	2552.52
cheryl	AA1	bob	8.79		859.73	1364.77	2736.23	0.8842	106.292	792.134	976.527	2725.26
cheryl	IY1	we	9.585	268.25	481.52	2425.36	3031.14	0.75273	269.8465	300.667	1942.33	2791.02
cheryl	AO1	also	9.655000000000001	268.44	719.29	1557.36	2282.76	0.83966	262.2935	665.595	1447.195	2770.365
cheryl	L	also	9.690000000000001	304.6	670.83	1501.61	3272.94	0.85125	279.7695	723.446	1306.26	2698.97
cheryl	N	need	9.865	341.36	387.23	2115.69	2783.44	0.60561	384.828	311.46	1873.95	2212.75
cheryl	D	need	9.99	257.54	354.81	2083.19	2264.82	0.53312	287.27750000000003	266.787	2087.5	2864.87
cheryl	AH0	a	10.045	253.77	496.98	2088.13	2231.16	0.68616	252.5555	220.719	1687.6999999999998	2263.9300000000003
cheryl	M	small	10.205	252.36	291.72	1453.44	2455.73	0.40911	254.2025	253.0505	1650.75	2350.335
cheryl	AO1	small	10.27	227.19	750.84	1154.05	3415.53	0.74098	228.127	721.04	1176.36	2903.13
cheryl	P	plastic	10.379999999999999	357.87	761.5	1997.37	2671.55	0.69919	319.8265	568.7225	1243.47	2484.915
cheryl	AE1	plastic	10.5	295.55	809.74	2066.86	2756.04	0.75911	292.058	681.5	1814.9850000000001	2632.49
cheryl	S	plastic	10.565		1109.32	2240.1	3267.23	0.60567	313.2645	59.7767	913.988	1241.34
cheryl	K	plastic	10.719999999999999		653.2	2305.96	2917.84	0.58749	324.36249999999995	98.57595	1563.19	1963.355
cheryl	EY1	snake	10.934999999999999	216.42	448.2	2073.72	2901.78	0.4333	216.084	323.7665	2084.84	2915.79
cheryl	K	snake	11.030000000000001		831.24	2260.86	2895.32	0.67277	167.5265	417.176	2205.22	2572.17
cheryl	D	and	11.16	221.82	328.4	1546.09	2990.6	0.39558	413.0595	215.59300000000002	1634.465	2196.235
cheryl	AH0	a	11.195	207.4	477.76	2173.68	2744.77	0.67596	221.5975	300.1735	1819.955	2558.645
cheryl	B	big	11.24		382.88	1669.18	2802.15	0.48459	213.887	217.193	1743.36	2250.18
cheryl	IH1	big	11.309999999999999	228.84	471.28	1973.71	2792.24	0.52754	222.63	361.04449999999997	2017.005	2791.545
cheryl	G	big	11.375	243.32	420.96	1568.58	2619.92	0.46507	239.388	198.742	1728.76	2497.82
cheryl	OY1	toy	11.58	234.89	686.19	1563.12	2837.02	0.97255	234.27550000000002	602.884	1522.85	2866.22
cheryl	AA1	frog	11.84	189.71	922.17	1551.62	2404.13	1.0	199.679	1010.79	1277.625	1831.545
cheryl	G	frog	11.915	209.47	511.26	1608.34	2775.61	0.55518	201.1305	577.711	1562.37	2672.25
cheryl	DH	the	12.09		637.24	1944.41	2319.86	0.89674	210.981	264.11	1469.14	1817.29
cheryl	IH1	kids	12.325		598.23	2047.78	2539.54	0.8601	160.2835	466.015	1834.425	2425.1549999999997
cheryl	D	kids	12.440000000000001		248.41	1480.91	2421.46	0.29242	298.4635	271.9685	1641.355	2273.435
cheryl	K	can	13.155000000000001	230.47	302.54	2044.6	3088.97	0.33224	262.19	299.83299999999997	2485.465	3097.485
cheryl	N	can	13.225	238.56	321.0	1807.3	2378.36	0.44088	243.492	116.085	1705.43	1998.64
cheryl	UW1	scoop	13.405	307.67	411.36	2202.01	3055.02	0.66032	301.964	179.385	2132.25	2454.3
cheryl	IY1	these	13.57	347.6	368.8	1978.55	2789.47	0.46319	346.889	210.31	2274.46	2782.5
cheryl	Z	these	13.655		438.31	2170.39	2601.55	0.43551	338.64300000000003	62.83425	1294.4099999999999	1538.77
cheryl	IH1	things	13.785	253.35	542.23	1994.3	2572.16	0.7082	273.395	443.4295	2113.315	2507.625
cheryl	NG	things	13.875	247.8	402.7	1491.88	2556.15	0.5449	247.707	311.718	2202.46	2826.63
cheryl	Z	things	13.98		684.53	2304.76	3382.32	0.56528	251.962	88.5896	740.3295	1346.665
cheryl	IY1	three	14.36	236.43	466.6	2341.12	2682.58	0.70967	230.18	249.6425	1441.76	2259.005
cheryl	R	red	14.42	248.62	434.32	1978.23	2645.46	0.59915	241.677	225.81	1682.56	2509.17
cheryl	EH1	red	14.495	260.61	735.7	2061.13	2895.11	0.92323	261.577	627.767	1849.11	2522.23
cheryl	D	red	14.559999999999999	242.93	361.4	2134.23	2970.87	0.55078	257.874	360.0105	2035.3000000000002	2710.9750000000004
cheryl	AE1	bags	14.76	188.01	910.31	2193.17	2898.88	0.93798	192.83249999999998	828.893	1821.2649999999999	2534.195
cheryl	G	bags	14.89		399.75	2113.87	3091.16	0.55541	202.117	244.515	1557.61	2369.05
cheryl	D	and	15.105	224.67	477.72	1154.84	2771.89	0.48522	224.837	751.8265	1193.28	2672.3199999999997
cheryl	W	we	15.14	224.54	522.25	1163.68	3127.68	0.68344	224.3105	442.89599999999996	1135.145	2737.465
cheryl	IY1	we	15.190000000000001	228.18	445.94	1928.63	2802.58	0.59439	226.524	335.728	1769.9	2652.77
cheryl	W	will	15.235	220.85	408.34	1361.99	2863.31	0.53704	227.7955	339.4445	1385.085	2656.835
cheryl	AH0	will	15.265	221.91	470.95	1215.62	3000.66	0.33681	219.66750000000002	386.4515	1137.855	2835.46
cheryl	L	will	15.309999999999999	221.89	456.77	1138.1	3132.21	0.40478	221.445	494.076	1136.7	3158.6
cheryl	OW1	go	15.45	229.14	699.52	1225.66	3061.21	0.93112	228.841	669.798	1078.05	2917.32
cheryl	M	meet	15.535	274.41	315.26	1346.73	2585.18	0.42292	285.7895	395.372	1570.27	2545.59
cheryl	T	meet	15.675	297.1	410.34	2178.51	2689.25	0.5009	284.6005	314.9075	2301.975	2893.125
cheryl	HH	her	15.719999999999999	287.06	574.25	1954.86	2965.24	0.60258	140.247	235.93	2078.015	2432.715
cheryl	ER0	her	15.795	229.23	681.08	1441.04	2289.59	0.79498	248.90500000000003	732.148	1597.01	2266.61
cheryl	W	wednesday	15.865	216.99	531.89	1160.28	2475.91	0.69896	221.044	567.797	1005.55	2586.83
cheryl	EH1	wednesday	15.935	196.82	748.43	1878.73	2802.06	0.89061	207.375	695.304	1194.01	2562.42
cheryl	N	wednesday	16.015	206.91	425.62	2167.02	2552.6	0.67436	197.962	377.21900000000005	1605.065	2183.915
cheryl	Z	wednesday	16.07	224.52	298.62	1493.44	2474.31	0.27055	209.3515	175.64215000000002	1438.12	1813.975
cheryl	D	wednesday	16.105		860.63	2412.44	3110.24	1.0	402.1415	28.8682	1151.845	1323.8
cheryl	EY2	wednesday	16.16	199.59	426.9	1430.87	2943.13	0.56712	209.889	420.07050000000004	1805.4499999999998	2455.41
cheryl	N	train	16.61	207.73	351.49	1618.28	2909.06	0.44729	201.17	298.278	2012.57	2750.13
cheryl	EY1	station	16.795		378.21	1590.68	3040.9	0.16394	201.18200000000002	241.904	2085.73	2861.21
cheryl	N	station	17.1	238.85	289.91	2026.57	3242.91	0.43991	237.7505	297.733	1825.29	2505.19
chris	AY1	i'm	1.755	177.23	759.6	1466.53	2121.3	0.44065	179.6375	768.581	1472.93	1886.88
chris	M	i'm	1.82	178.37	288.66	1157.26	2169.31	0.33267	179.008	584.586	1292.2	2129.64
chris	AH0	about	1.8900000000000001	178.88	510.27	1199.62	2115.02	0.5079	177.1125	619.1885	1224.695	2316.62
chris	B	about	2.025		197.33	917.84	2359.27	0.11827	164.0745	301.70349999999996	1540.225	2408.3
chris	T	about	2.3049999999999997		632.67	1163.99	2670.0	0.42761	288.27	665.1949999999999	1109.5349999999999	2852.1
chris	AH0	to	2.41	218.3	387.47	1629.16	2308.31	0.49016	224.887	327.3365	1575.375	2249.535
chris	EY1	say	2.695	150.3	431.76	2025.64	2482.29	0.38483	153.35750000000002	295.373	1697.68	2162.15
chris	IH1	is	2.92	130.41	380.39	2162.0	2628.57	0.34989	130.6105	187.17149999999998	1558.72	1934.7350000000001
chris	Z	is	3.0700000000000003		364.13	1759.98	2572.38	0.34017	118.393	140.696	1031.02	1315.84
chris	EY1	a	3.23	122.31	381.98	2241.35	2498.21	0.54502	121.92	233.424	1714.9	2156.56
chris	M	massive	3.62	161.29	236.15	1375.23	2218.65	0.29702	155.877	274.6015	1401.46	2219.01
chris	AE1	massive	4.025	205.34	709.67	1627.72	2148.4	0.49337	207.146	624.2785	1392.115	1491.81
chris	IH0	massive	4.32	163.21	399.3	1659.77	2428.69	0.45425	161.126	337.1945	1578.25	2126.18
chris	V	massive	4.4	156.96	350.36	1557.5	2425.54	0.37118	137.5445	346.179	1306.62	2403.515
chris	OW1	over	4.49	132.86	442.25	891.49	2403.2	0.21618	133.85500000000002	341.424	1309.12	2719.76
chris	V	over	4.585	113.01	625.92	1913.6	2855.87	0.64024	124.87100000000001	340.342	1348.12	2477.42
chris	M	simplification	4.865	111.24	257.48	1460.3	2253.78	0.35331	114.901	266.9	1527.25	2177.955
chris	L	simplification	4.96	106.2	390.04	1041.66	2372.42	0.27024	104.0205	314.481	1252.82	2645.35
chris	IH0	simplification	5.07	114.26	380.26	1460.19	2545.98	0.37465	112.525	304.0665	1462.885	2172.835
chris	EY1	simplification	5.234999999999999	163.53	346.67	2149.94	2625.89	0.21826	164.6435	175.291	1633.65	2062.385
chris	AH0	simplification	5.43	88.59	639.13	1580.66	2320.55	0.78957	171.5	477.5695	1643.1149999999998	1908.365
chris	N	simplification	5.545		280.88	1672.81	2555.32	0.35206	101.1445	354.5155	1523.53	1912.815
chris	T	but	6.01	149.37	441.23	1483.7	1857.32	0.36919	147.4955	319.875	1249.3249999999998	2142.565
chris	IH0	in	6.055	144.62	521.38	1575.44	2192.29	0.6744	145.797	333.932	1275.73	1902.62
chris	N	in	6.109999999999999	141.96	493.2	1495.62	2046.78	0.63564	142.045	369.932	1233.69	1469.51
chris	AH0	a	6.18	154.59	476.98	1681.7	2688.55	0.56485	155.095	342.80100000000004	1598.6100000000001	2064.38
chris	EH1	sense	6.415		750.68	1631.93	2661.58	0.81614	310.302	583.156	1603.78	2041.73
chris	N	sense	6.55	159.88	240.37	1724.52	2436.99	0.30172	160.117	319.581	1632.74	2109.78
chris	UW1	human	6.93		455.68	1597.22	2364.57	0.60437	245.60399999999998	326.878	1375.87	2032.22
chris	M	human	6.975		371.15	1062.68	2342.18	0.44834	260.522	541.261	889.922	2207.02
chris	AH0	human	7.02		501.27	1538.69	2222.65	0.56994	258.205	414.0565	1502.8	1806.605
chris	N	human	7.075	216.76	330.71	1202.85	2228.78	0.32878	223.668	299.935	1511.145	2345.375
chris	EY1	brains	7.295	178.75	491.96	1869.94	2306.05	0.48733	179.0645	344.316	1916.72	2398.47
chris	N	brains	7.37	166.59	286.9	1786.81	2330.05	0.38507	170.108	276.01	1496.06	2036.44
chris	Z	brains	7.44	167.37	296.25	1529.91	2461.0	0.27504	163.817	246.0565	1096.0140000000001	1574.2350000000001
chris	AA1	are	7.575	134.39	557.98	1077.49	1712.87	0.21787	134.986	772.685	1247.74	2721.0
chris	R	roughly	8.0		252.06	838.14	2845.14	0.0	216.2845	271.188	1577.305	2387.185
chris	AH1	roughly	8.145		606.07	1162.09	1834.0	0.51532	251.565	779.672	1341.7649999999999	2279.02
chris	F	roughly	8.225		766.97	1667.91	2676.15	0.45312	250.989	557.6725	853.5519999999999	2215.02
chris	L	roughly	8.3	236.06	379.53	1420.74	2706.75	0.35739	236.703	282.327	1495.08	2374.54
chris	IY0	roughly	8.36	218.14	318.32	2084.39	2396.88	0.28949	219.895	181.821	1461.67	1828.11
chris	AO1	thought	8.55	196.99	618.7	1174.53	2326.95	0.5424	198.595	719.3935	1202.4850000000001	2522.03
chris	T	thought	8.64	197.75	435.01	1262.31	2438.71	0.31643	196.297	560.698	1291.81	2379.27
chris	AH0	of	8.725	195.0	462.77	1532.3	2624.39	0.39578	195.956	386.42949999999996	1514.5349999999999	2343.825
chris	V	of	8.825	179.83	444.63	1585.74	2740.91	0.44331	175.947	344.7635	1303.75	2331.88
chris	EH1	as	8.92	166.65	503.29	1662.27	2610.54	0.20859	167.64	395.726	1658.28	2399.62
chris	HH	having	9.075	179.71	397.7	1840.89	2676.44	0.43025	178.2165	307.377	1568.99	1918.14
chris	AE1	having	9.145	156.1	697.4	1528.83	2226.06	0.44819	158.441	762.767	1494.92	1826.93
chris	V	having	9.215	152.73	617.45	1512.89	2430.2	0.54898	150.9405	717.019	1375.69	2220.27
chris	IH0	having	9.27	154.34	501.74	1688.88	2515.43	0.66025	155.59550000000002	420.865	1693.355	2323.0
chris	NG	having	9.325	137.29	463.91	1394.95	2361.05	0.63328	138.876	416.701	1650.33	2317.59
chris	AH0	a	9.465	111.63	655.79	1356.08	2266.4	0.7648	114.569	729.6945000000001	1286.915	2334.84
chris	AY1	highly	9.73	155.73	634.54	1651.68	2317.17	0.30584	155.74400000000003	687.1125	1672.755	2087.925
chris	L	highly	9.809999999999999	151.04	535.7	1631.32	2477.74	0.66811	148.608	522.4695	1580.92	2216.77
chris	IY0	highly	9.875	147.17	306.22	1922.43	2342.37	0.21366	148.514	283.741	1677.41	2151.81
chris	L	logical	9.96	124.83	383.8	1222.74	2321.54	0.30989	129.85	338.8315	1494.21	2564.895
chris	AA1	logical	10.07	117.64	681.21	1187.32	2230.96	0.48618	119.1525	731.514	1128.16	2549.62
chris	IH0	logical	10.205	130.63	361.16	1794.97	2708.44	0.40863	126.38050000000001	282.0075	1736.0900000000001	2350.565
chris	AH0	logical	10.27	122.67	390.23	1132.34	2323.29	0.30982	120.4735	341.7935	1300.855	2479.925
chris	R	part	10.48	118.54	540.47	1339.98	1658.15	0.5545	120.057	633.6155	1500.4850000000001	1935.155
chris	DH	the	10.615	117.94	435.42	1407.91	2287.89	0.5125	117.1185	319.52549999999997	1359.9299999999998	2307.1800000000003
chris	AH0	the	10.66	102.9	381.88	1384.36	2207.71	0.35339	92.5829	320.279	1445.5	2364.03
chris	EY1	brain	10.895	119.52	459.47	1977.53	2379.52	0.43733	120.207	358.681	1903.77	2357.47
chris	N	brain	10.98	131.96	314.12	1403.31	2286.26	0.34576	130.6825	317.70000000000005	1436.92	2263.2799999999997
chris	DH	that	11.02	125.32	290.41	1581.39	2385.01	0.36758	128.5665	275.7635	1574.78	2277.255
chris	AH0	that	11.059999999999999	107.39	436.22	1633.31	2404.77	0.10479	118.125	339.01	1642.2150000000001	2395.84
chris	T	that	11.120000000000001		417.18	1669.0	2463.04	0.39369	356.704	289.307	1267.4450000000002	1938.1550000000002
chris	EY1	takes	11.26	112.74	343.23	2182.04	2725.24	0.21766	113.881	116.14	1529.56	1725.86
chris	AH0	a	11.45	98.64	504.15	1011.62	1986.29	0.45658	98.986	358.598	1326.94	2564.52
chris	AO1	long	11.79	119.57	679.45	807.32	2095.79	0.50248	120.305	624.4065	1021.125	2995.835
chris	NG	long	11.899999999999999	132.9	487.15	1063.38	2394.92	0.61452	129.716	364.073	1124.7	2547.02
chris	T	time	12.015		682.11	1728.34	2957.77	0.58465	126.8785	435.8915	1118.589	2030.565
chris	AY1	time	12.18	103.82	687.81	1545.32	2294.95	0.35217	104.205	653.826	1523.71	2140.535
chris	M	time	12.335	135.56	333.85	1294.49	2238.73	0.44155	128.229	281.6145	1622.365	2114.25
chris	AE1	and	12.57	111.33	363.04	2041.52	2574.73	0.47148	107.018	257.411	1672.26	2028.09
chris	N	and	12.780000000000001	101.24	386.25	1543.24	2232.65	0.48406	103.119	358.45050000000003	1579.37	2081.58
chris	IH1	thinks	13.29	160.99	353.74	1973.33	2460.88	0.23672	157.186	236.919	1617.38	2023.96
chris	NG	thinks	13.34	145.53	383.61	1157.3	2316.94	0.45256	144.498	296.479	1728.94	2336.21
chris	K	thinks	13.385	131.04	375.74	1725.77	2394.77	0.29246	130.258	220.14999999999998	1496.505	2071.055
chris	V	very	13.510000000000002	129.64	251.85	1490.38	2383.21	0.28781	130.017	273.918	1520.34	1998.84
chris	EH1	very	13.58	152.14	424.44	1374.89	1682.11	0.07326	145.6285	422.8405	1458.395	1945.18
chris	R	very	13.649999999999999	177.74	376.05	1419.08	1624.16	0.31959	171.043	439.104	1613.45	2081.53
chris	IY0	very	13.735	194.23	380.27	1970.51	2229.13	0.49739	187.8175	193.71	1541.16	1800.8
chris	K	carefully	13.84		551.21	1786.59	2803.98	0.40275	153.191	288.647	1646.855	2028.3799999999999
chris	EH1	carefully	13.93	173.49	478.99	1498.91	1735.51	0.22341	176.00549999999998	448.0525	1681.52	2070.3450000000003
chris	F	carefully	14.09		470.2	1472.09	2663.68	0.25597	156.753	286.403	1361.84	2358.89
chris	AH0	carefully	14.14	166.18	415.85	1022.4	2960.0	0.32431	323.7005	331.679	1582.76	2692.865
chris	L	carefully	14.2	160.18	339.7	1180.31	2617.62	0.22683	160.119	312.499	1603.9650000000001	2493.24
chris	IY0	carefully	14.344999999999999	147.81	306.81	2155.03	2529.03	0.26031	147.923	105.56299999999999	1352.73	1674.8
chris	AH0	about	14.51	136.76	637.2	1414.43	2294.13	0.74947	138.12900000000002	545.623	1308.35	2258.95
chris	B	about	14.605	113.95	279.51	1344.25	2285.24	0.30163	124.09	386.0535	1219.35	2273.775
chris	T	about	14.915	76.93	391.79	1123.0	2397.37	0.25684	209.1848	295.483	1631.26	2626.93
chris	EH1	whether	15.08	144.42	577.19	1415.69	2265.84	0.39563	143.93	521.1395	1378.78	1759.275
chris	DH	whether	15.145	144.79	566.94	1418.74	2283.96	0.68339	153.4095	401.44100000000003	1356.9499999999998	1775.09
chris	ER0	whether	15.205	158.39	461.14	1391.73	1847.83	0.44976	162.202	488.50350000000003	1440.13	2117.47
chris	N	not	15.405	129.39	406.6	1573.03	2406.64	0.52106	129.83	356.19899999999996	1434.955	2110.58
chris	AA1	not	15.469999999999999	129.73	799.04	1393.78	1877.7	0.79441	130.277	889.614	1384.88	1854.63
chris	T	not	15.530000000000001	117.23	249.6	1255.53	2355.22	0.19042	124.519	707.974	1183.61	2192.94
chris	D	ideas	15.739999999999998		362.03	2215.69	2690.86	0.56784	115.461	228.86700000000002	1647.625	2225.38
chris	IY1	ideas	15.835	122.31	343.87	2245.48	2482.18	0.46801	121.364	172.8	1636.04	2123.53
chris	AH0	ideas	15.920000000000002	112.83	433.0	1662.33	2411.92	0.49345	113.007	362.6775	1637.135	2448.825
chris	N	consistent	16.34	121.01	311.55	1603.65	2386.38	0.3839	121.049	296.272	1594.22	2091.18
chris	IH1	consistent	16.505		475.86	1684.11	2515.89	0.46633	243.238	306.98449999999997	1397.375	1977.93
chris	AH0	consistent	16.744999999999997	205.87	472.07	1641.67	2575.04	0.54841	205.887	382.639	1645.95	2338.22
chris	N	consistent	16.83		418.58	1656.21	2534.19	0.5566	190.781	336.1535	1661.15	2337.26
chris	N	and	16.955	114.67	389.77	1697.96	2599.94	0.52183	115.04599999999999	354.5885	1548.0300000000002	2287.44
chris	D	and	17.005		267.9	1654.06	2581.73	0.34912	117.20150000000001	291.7735	1271.24	2197.425
chris	OW1	so	17.21	186.52	480.18	1147.02	2448.9	0.37557	187.157	415.193	1225.71	2600.94
chris	AO1	on	17.355	172.74	748.72	1055.36	2662.34	0.53525	173.48250000000002	826.178	1072.72	2808.09
chris	N	on	17.48	169.02	355.55	1341.63	2484.73	0.39541	169.239	415.799	1189.03	1754.51
chris	N	and	17.619999999999997	111.18	238.11	1681.46	2158.27	0.28928	112.871	212.61450000000002	1593.71	1997.255
chris	AY1	binds	17.805	112.73	656.4	1420.51	2168.44	0.24924	118.361	824.8265	1563.925	2384.65
chris	N	binds	17.88	120.81	326.09	1535.66	2184.89	0.3916	120.384	338.6845	1561.94	2110.015
chris	D	binds	17.924999999999997	114.46	279.11	1753.71	2217.06	0.38175	118.69200000000001	198.2885	1591.1799999999998	1903.315
chris	M	them	18.095	105.73	252.31	1377.96	2409.97	0.3248	105.606	290.603	1441.31	2285.99
chris	UW1	to	18.21	106.33	348.32	1555.65	2350.91	0.40415	108.0745	293.33	1557.89	2345.3
chris	IH1	symbols	18.385	187.79	512.32	1652.33	2693.65	0.54853	186.131	338.8695	1572.795	2298.7799999999997
chris	M	symbols	18.445	171.11	248.98	1239.94	2380.61	0.28599	171.123	274.181	1604.95	2221.79
chris	B	symbols	18.485	163.43	200.83	1241.26	2356.88	0.19495	163.45100000000002	266.091	1580.08	2296.23
chris	AH0	symbols	18.52	178.97	442.73	896.53	2694.62	0.33719	174.517	456.328	1292.2849999999999	2938.0299999999997
chris	AH0	and	18.875	136.87	454.34	1525.37	2343.22	0.49539	153.202	392.552	1526.15	2022.69
chris	D	and	18.955	110.12	303.35	1420.35	2226.36	0.34214	110.4825	331.552	1489.3899999999999	1974.13
chris	EH1	etcetera	18.990000000000002	108.8	409.02	1506.52	2234.13	0.08417	107.6505	324.089	1457.63	1885.19
chris	T	etcetera	19.045		393.08	1429.71	2210.46	0.325	200.769	312.377	1401.595	1982.2649999999999
chris	EH1	etcetera	19.185	157.4	633.01	1496.48	2159.06	0.53452	156.569	606.2655	1433.3	1720.185
chris	T	etcetera	19.25	152.17	515.86	1510.92	2152.49	0.42528	151.2005	439.422	1347.13	1630.96
chris	AH0	etcetera	19.465	143.5	599.76	1345.26	2216.0	0.67693	144.483	768.6495	1281.07	2106.84
chris	AY1	kind	20.22		899.41	1635.13	2396.43	0.74281	276.057	707.927	1523.42	1765.875
chris	N	kind	20.28		415.64	1660.29	2166.55	0.55302	277.60450000000003	289.6035	1443.085	2152.705
chris	D	kind	20.314999999999998		312.47	1598.5	2222.3	0.38817	249.933	317.015	1641.99	2269.505
chris	AH0	of	20.345		475.42	1721.98	2647.82	0.49909	247.4015	324.0235	1607.68	2191.92
chris	V	of	20.39	230.29	448.35	1712.45	2690.64	0.4729	234.152	226.867	1132.68	1896.7
chris	L	slow	20.585	186.65	377.59	861.58	2250.66	0.20059	188.42700000000002	333.4685	1538.29	2697.025
chris	OW1	slow	20.83	174.89	520.18	1025.38	2373.22	0.44128	175.263	500.935	1026.04	2653.54
chris	AE1	and	21.255		452.5	2025.06	2551.23	0.60424	143.634	262.46500000000003	1536.145	2055.34
chris	N	and	21.36	146.1	436.95	1670.2	2130.99	0.58728	146.839	283.831	1321.97	1764.605
chris	D	and	21.41	143.93	333.73	1498.0	2409.66	0.39193	143.34300000000002	235.788	913.765	1673.23
chris	TH	thought	21.485		543.66	1386.66	2707.47	0.35506	167.951	171.219	1112.12	1524.98
chris	AO1	thought	21.605	168.58	551.21	1030.45	2271.86	0.3843	172.539	641.136	1135.56	2572.34
chris	T	thought	21.695	179.8	593.61	1267.26	2427.03	0.42404	176.988	654.457	1116.2849999999999	2362.55
chris	IH0	to	21.77	192.02	370.75	1718.49	2756.97	0.48033	193.7715	255.64	1674.97	2205.02
chris	B	be	21.814999999999998	157.99	185.41	1868.28	2369.06	0.32005	161.688	228.73	1605.38	1944.66
chris	IY0	be	21.89	147.07	295.27	2125.34	2631.27	0.35682	151.599	190.231	1592.28	1988.61
chris	R	relatively	22.0		469.1	1721.22	2206.78	0.5685	139.47899999999998	331.933	1502.99	2400.515
chris	L	relatively	22.115000000000002	190.69	476.49	1016.4	2208.89	0.40327	190.91	567.904	1112.79	2802.81
chris	AH0	relatively	22.17	181.67	394.58	1228.62	2586.43	0.33795	186.651	351.861	1470.36	2596.74
chris	V	relatively	22.314999999999998	157.26	223.94	1560.26	2582.64	0.28312	156.8435	311.613	1560.2	2159.4
chris	L	relatively	22.375	156.64	331.6	1200.9	2387.45	0.21937	155.768	329.806	1435.78	2413.01
chris	IY0	relatively	22.43	131.19	324.49	2027.73	2516.43	0.30154	133.375	252.98000000000002	1699.58	2314.2749999999996
chris	N	new	22.509999999999998	144.22	411.11	1896.16	2422.53	0.59563	143.7005	232.034	1609.97	2174.85
chris	UW1	new	22.630000000000003	158.57	325.9	1465.44	2373.11	0.34416	158.7055	314.83050000000003	1531.53	2294.795
chris	IH0	in	22.72	138.5	467.25	1499.35	2227.55	0.55265	139.81	324.49199999999996	1370.395	1792.615
chris	B	brain	22.82	120.31	262.33	1550.74	2290.35	0.33	120.2915	302.28	1373.4299999999998	2259.7799999999997
chris	R	brain	22.9	130.79	492.6	1373.89	1599.55	0.48975	133.171	389.798	1469.78	1971.48
chris	EY1	brain	22.975	140.31	461.77	1529.96	2115.52	0.34139	140.341	394.598	1758.68	2192.75
chris	N	brain	23.015	138.1	361.64	1856.58	2032.89	0.51261	139.555	287.5665	1639.4099999999999	2155.44
chris	IH0	development	23.08	136.53	416.21	1637.16	2229.37	0.48241	128.017	328.222	1588.98	1987.145
chris	V	development	23.12		412.69	1649.49	2405.85	0.43448	111.91	315.24199999999996	1613.865	2173.695
chris	EH1	development	23.175	117.78	547.48	1156.55	1941.37	0.25249	117.989	531.2629999999999	1112.535	2455.89
chris	L	development	23.245	104.1	542.96	1006.28	2195.0	0.5081	104.4315	514.211	1000.6335	2603.295
chris	AH0	development	23.43	106.12	578.54	1589.8	2577.56	0.6992	107.55449999999999	460.7965	1565.54	2457.4449999999997
chris	N	development	23.525	112.49	362.4	1491.89	2509.18	0.43727	107.67750000000001	374.3225	1579.3600000000001	2250.5950000000003
chris	AE1	and	23.675	129.64	491.34	1863.12	2354.22	0.62729	128.037	439.3115	1747.3	2184.645
chris	N	and	23.78	122.48	467.86	1570.57	2592.13	0.61308	123.9075	369.63199999999995	1543.745	2284.775
chris	D	and	23.825000000000003	126.03	396.16	1560.14	2387.57	0.47471	123.739	387.986	1690.26	2357.95
chris	IH1	is	23.895000000000003	120.61	400.49	1766.9	2581.66	0.30062	120.7425	309.378	1758.56	2471.01
chris	AH0	associated	24.035	118.5	403.68	1531.74	2505.54	0.41955	118.5655	264.66999999999996	1045.339	1713.0300000000002
chris	OW1	associated	24.185	149.43	425.66	1377.29	2316.09	0.30288	151.39	332.5305	1431.17	2311.1499999999996
chris	EY2	associated	24.39	125.67	380.24	2002.75	2584.08	0.24457	126.07849999999999	303.2585	1850.6999999999998	2450.825
chris	AH0	associated	24.455	116.46	429.5	1557.37	2221.8	0.46466	117.861	350.197	1382.7849999999999	2117.705
chris	D	associated	24.485	107.0	360.48	1142.02	2197.68	0.35061	108.27449999999999	340.4845	1383.6100000000001	2373.225
chris	W	with	24.515	102.98	406.62	1223.27	2305.75	0.50188	105.13749999999999	342.933	1319.705	2392.92
chris	L	language	24.67	100.05	393.09	868.7	2170.31	0.22765	100.64644999999999	325.317	1501.57	2574.66
chris	W	whereas	25.509999999999998		394.58	886.13	3107.06	0.40316	124.5655	317.0085	1371.62	2544.145
chris	R	whereas	25.655	124.01	505.84	1500.01	1786.14	0.55296	124.831	434.858	1605.67	1969.63
chris	AE1	whereas	25.725	121.03	572.63	1524.66	1972.61	0.26899	121.143	543.9635000000001	1566.52	2019.9099999999999
chris	IY1	we	25.97		450.83	1821.21	2370.56	0.58307	123.336	283.547	1569.58	2039.42
chris	AO1	also	26.125		495.62	819.24	2768.33	0.22015	300.532	496.802	1190.91	2727.64
chris	S	also	26.33		373.15	1599.18	3131.56	0.17897	322.101	257.307	885.015	2189.79
chris	OW0	also	26.42	173.15	355.53	1062.07	2221.01	0.11641	169.25900000000001	333.20000000000005	1273.745	2539.835
chris	HH	have	26.490000000000002	167.49	361.66	1654.96	2125.94	0.35001	166.378	359.411	1690.33	2140.65
chris	AE1	have	26.555	141.73	679.69	1461.68	2095.69	0.40411	145.45600000000002	783.096	1485.72	1786.86
chris	DH	this	26.65	129.63	345.94	1415.35	2357.41	0.3997	130.584	327.275	1496.3	2210.9
chris	IH0	this	26.71	130.99	410.23	1511.31	2538.62	0.26069	130.438	257.0555	1194.535	1896.27
chris	AH1	other	26.939999999999998		575.86	1163.21	2696.82	0.45804	310.191	580.9694999999999	1007.423	2705.08
chris	DH	other	27.009999999999998		426.81	1390.53	2481.26	0.49739	367.195	346.79	1125.9	2053.56
chris	ER0	other	27.085	236.28	459.54	1430.76	1671.22	0.45976	222.61	478.9895	1397.7150000000001	1871.73
chris	AY1	kind	27.295	153.63	702.2	1481.61	2096.33	0.35059	147.775	718.31	1599.15	1841.5500000000002
chris	D	kind	27.4	130.55	329.04	1715.58	2550.95	0.43032	138.929	293.254	1743.065	2268.65
chris	AH0	of	27.44	131.17	442.69	1582.14	2247.45	0.37819	130.1115	352.425	1496.0149999999999	1908.29
chris	IH1	thinking	27.630000000000003	130.57	469.31	1859.3	2516.62	0.494	131.6005	276.49699999999996	1804.79	2361.38
chris	NG	thinking	27.695	126.72	333.29	2102.29	2674.47	0.53351	126.658	249.774	1651.48	2220.645
chris	K	thinking	27.740000000000002		406.01	2074.64	2688.92	0.39582	124.16550000000001	288.3805	1770.2	2305.3
chris	IH0	thinking	27.815	130.6	435.73	2187.08	2658.82	0.6375	129.014	213.46300000000002	1673.73	2200.415
chris	NG	thinking	27.925	124.06	392.52	996.48	2386.93	0.43938	123.2515	340.06050000000005	1733.27	2369.17
chris	DH	that	28.035		212.95	1643.74	2569.46	0.28306	117.205	322.442	1604.0300000000002	2118.465
chris	AE1	that	28.2	112.24	741.3	1538.81	2362.1	0.51362	114.3655	637.359	1603.82	2259.78
chris	T	that	28.36		562.2	1513.27	2450.12	0.45692	156.428	431.39250000000004	1471.895	2163.45
chris	IH1	in	28.45	146.83	446.78	1822.67	2531.29	0.58152	143.5	337.70000000000005	1697.26	2344.295
chris	DH	the	28.54	130.15	452.08	1519.9	2220.06	0.5601	132.8655	368.4255	1489.185	1982.15
chris	AH0	the	28.585	124.86	484.01	1531.29	1901.62	0.54196	127.53	313.225	1603.59	2214.53
chris	B	brain	28.64	107.39	395.86	1599.58	2447.7	0.48265	106.548	305.22	1527.53	2441.885
chris	EY1	brain	28.805	122.89	476.99	1784.78	2264.2	0.43382	122.533	409.906	1746.57	2218.57
chris	N	brain	28.87	121.39	309.12	1600.24	2277.29	0.37951	119.03450000000001	326.827	1617.22	2395.61
chris	DH	that's	28.915	121.4	426.85	1539.38	2437.79	0.53238	119.166	333.913	1557.48	2381.64
chris	AE1	that's	28.97	113.3	545.22	1563.01	2402.74	0.24062	115.221	451.445	1544.78	2169.86
chris	M	more	29.195	143.23	277.02	1015.06	2283.6	0.27892	144.26600000000002	297.536	1346.48	2469.0150000000003
chris	AO1	more	29.285	144.96	517.54	1207.28	1865.42	0.39663	145.7005	409.55	1316.44	2570.075
chris	R	more	29.355	139.66	595.92	1319.51	1661.85	0.63581	143.2885	496.45450000000005	1531.06	2325.21
chris	N	intuition	29.44	141.72	429.66	1775.39	2679.84	0.59833	137.339	319.60400000000004	1735.975	2469.26
chris	T	intuition	29.495		415.81	1939.05	3047.67	0.45203	134.1535	189.8275	1382.6799999999998	2179.55
chris	UW0	intuition	29.595	146.49	319.89	948.26	2479.63	0.0	165.83	304.135	1458.82	2567.84
chris	IH1	intuition	29.689999999999998	181.17	397.53	1789.73	2371.73	0.29901	175.918	285.145	1719.07	2038.49
chris	AH0	intuition	29.85	140.36	460.53	1683.76	2684.69	0.54022	133.831	307.288	1800.92	2513.08
chris	N	intuition	29.905	124.12	306.64	2032.92	2775.97	0.46651	120.8195	278.242	1808.56	2543.815
chris	B	based	29.950000000000003		265.71	1457.76	2531.79	0.31261	113.028	312.907	1683.11	2379.56
chris	EY1	based	30.060000000000002	103.95	399.92	1940.87	2528.2	0.2928	108.038	292.69	1644.065	2269.635
chris	AY1	kind	30.43	157.16	679.45	1621.89	2210.0	0.36906	156.27800000000002	689.295	1657.55	1695.64
chris	D	kind	30.509999999999998	140.98	406.05	1592.08	2408.59	0.49226	142.301	389.876	1658.83	2077.27
chris	AH0	of	30.560000000000002	137.4	519.45	1527.85	2320.83	0.50228	137.669	411.9325	1491.4650000000001	2149.17
chris	V	of	30.630000000000003	127.71	439.64	1479.58	2578.52	0.4172	126.0215	325.426	1494.65	2146.07
chris	IY0	the	30.84	116.54	337.47	2275.88	2735.61	0.48484	117.216	111.277	1546.09	1888.3
chris	IH1	thinking	31.295	180.98	385.17	2140.92	2726.89	0.35643	179.453	162.802	1804.68	2417.66
chris	IH0	thinking	31.435	182.29	360.73	2251.63	2616.43	0.50498	177.596	179.223	1910.4	2408.0150000000003
chris	NG	thinking	31.505	150.02	292.8	1274.9	2503.53	0.31677	147.899	289.6325	1800.4	2363.325
chris	IH0	with	31.604999999999997	140.75	414.91	1490.94	2307.87	0.26716	139.281	317.495	1489.04	2394.87
chris	AH1	gut	32.155	138.1	655.06	1435.11	2358.59	0.72284	141.168	597.981	1518.86	2335.23
chris	T	gut	32.33		473.64	1739.31	2607.62	0.44704	177.075	492.855	1511.57	2414.92
chris	AY1	type	32.730000000000004	109.99	508.28	1838.9	2367.37	0.16986	110.98	449.321	1672.33	2100.38
chris	AH0	approach	32.955		493.05	1221.81	2164.62	0.4866	110.345	372.3835	1213.17	2258.3500000000004
chris	OW1	approach	33.28	121.46	431.48	1405.65	2106.25	0.32447	114.923	329.199	1393.295	2225.385
chris	AE1	and	34.05	135.03	528.0	1914.58	2295.76	0.69469	135.612	560.6215	1554.955	1787.8649999999998
chris	N	and	34.230000000000004	138.19	413.73	1433.69	2255.92	0.50261	140.54000000000002	394.808	1509.96	2106.16
chris	D	and	34.285	144.87	359.34	1541.95	2436.06	0.42959	144.18	311.258	1401.13	2084.95
chris	DH	that's	34.33	177.83	384.92	1628.81	2482.74	0.49969	161.40800000000002	402.893	1716.05	2266.21
chris	AE1	that's	34.394999999999996	208.48	678.56	1620.6	2474.04	0.447	205.588	623.459	1675.43	2312.57
chris	T	that's	34.465	210.92	627.45	1644.49	2430.33	0.52953	209.6975	560.927	1345.43	2144.36
chris	AH0	been	34.595	211.68	518.13	1486.56	2253.29	0.52138	213.29	410.877	1484.66	1945.58
chris	N	been	34.635	189.39	474.71	1433.78	2085.93	0.59473	202.8065	612.454	1320.12	1429.665
chris	ER0	around	34.739999999999995	162.77	543.62	1062.29	1639.44	0.50812	163.219	804.268	1442.9050000000002	2191.8999999999996
chris	N	around	34.94	149.25	363.17	1320.93	2262.18	0.40258	149.523	352.18449999999996	1227.01	2141.9300000000003
chris	IH1	in	35.175	131.96	470.27	2084.79	2618.91	0.68311	133.57	320.441	1651.93	2076.59
chris	N	in	35.405	140.19	420.63	1388.27	2014.82	0.50351	132.282	635.093	1304.86	1779.69
chris	AO1	all	35.49	185.87	554.47	973.16	2239.99	0.36839	190.8345	456.51	1380.37	2891.7
chris	R	sorts	35.745	188.86	375.95	1478.08	2368.54	0.33916	180.644	335.644	1524.31	2429.13
chris	T	sorts	35.785	167.36	257.35	1503.99	2564.34	0.25014	166.771	144.074	1098.93	1783.64
chris	V	of	35.894999999999996	145.1	357.41	1625.86	2072.51	0.39068	151.61149999999998	329.508	1646.46	1960.49
chris	AE1	animals	35.975	157.78	488.15	1930.3	2305.77	0.26202	154.1795	509.4095	1654.29	1915.75
chris	N	animals	36.05	142.76	626.21	1425.34	2129.75	0.82182	143.1575	737.35	1294.76	1520.58
chris	AH0	animals	36.144999999999996	135.77	505.61	1089.1	2173.24	0.47611	135.41449999999998	380.6685	1242.1950000000002	2523.8450000000003
chris	L	animals	36.185	131.36	404.22	1033.83	2693.0	0.29104	134.51	342.8	1295.66	2561.07
chris	IH1	really	36.535	173.27	393.31	1391.44	2114.29	0.1888	168.699	326.804	1450.9050000000002	2484.06
chris	L	really	36.58	167.05	387.55	1322.6	2431.76	0.3434	168.709	354.8695	1405.615	2334.65
chris	IY0	really	36.625	141.9	404.61	1421.86	2427.4	0.48275	141.0845	367.2865	1409.08	2334.765
chris	L	long	36.68	137.24	343.53	1217.31	2362.43	0.24319	137.888	431.998	1285.56	2510.76
chris	AO1	long	36.754999999999995	121.67	677.69	995.96	1985.53	0.56891	123.143	707.45	1175.6599999999999	2884.01
chris	NG	long	36.835	123.88	382.57	1055.8	2472.04	0.43276	126.493	395.023	1481.69	2522.13
chris	AY1	time	37.14		757.01	1461.48	1985.97	0.43427	183.2315	687.114	1469.0349999999999	2125.26
chris	M	time	37.325	118.06	284.64	1589.65	2387.83	0.43003	118.6635	320.228	1635.3449999999998	2150.185
chris	N	and	37.725	141.29	403.46	1849.56	2492.41	0.57431	140.5015	305.3835	1545.905	2048.1
chris	D	and	37.765	140.32	268.98	2158.47	2777.48	0.45157	140.4475	187.645	1340.46	2002.44
chris	IY1	seems	37.89	185.55	358.3	2128.08	2593.61	0.4722	186.2315	201.738	1723.12	2182.29
chris	M	seems	37.93	170.49	291.39	1642.02	2394.4	0.45396	170.80450000000002	315.276	1707.81	2350.82
chris	AH0	to	38.075	185.31	388.06	1565.3	1974.77	0.47698	175.792	277.16	1689.59	2450.41
chris	W	work	38.14	150.4	435.04	1318.12	1861.15	0.57196	151.74	307.6395	1406.65	2549.2200000000003
chris	IH1	really	38.540000000000006	211.25	417.07	1566.91	2394.53	0.29155	213.808	306.631	1563.8200000000002	2367.705
chris	L	really	38.595	183.11	361.4	1317.49	2535.23	0.29965	198.07049999999998	309.2025	1474.245	2350.59
chris	IY0	really	38.66	166.16	327.34	2071.73	2503.03	0.3205	163.312	260.822	1692.53	2310.115
chris	K	quickly	38.739999999999995		429.22	1307.82	2286.09	0.21729	163.39800000000002	437.348	1407.89	2139.79
chris	IH1	quickly	38.86		430.43	1753.77	2325.75	0.37139	249.525	334.41700000000003	1550.7350000000001	1938.775
chris	K	quickly	38.925		395.46	1625.01	2357.34	0.27804	141.96885	322.151	1359.7150000000001	1660.2649999999999
chris	IY0	quickly	39.019999999999996	160.48	299.77	2177.71	2551.84	0.23853	161.954	169.38	1555.875	1949.96
chris	B	by	39.09		284.28	1662.78	2414.36	0.37856	148.464	266.995	1648.08	2177.55
chris	AY1	by	39.175	120.71	623.21	1527.51	2100.44	0.2368	123.548	702.307	1615.7	2038.36
chris	AH0	comparison	39.315		411.67	1694.36	2079.17	0.46807	97.05915	357.138	1780.97	2057.79
chris	P	comparison	39.405		391.7	1577.05	2309.9	0.36365	145.235	356.817	1621.24	2298.96
chris	EH1	comparison	39.47	170.14	438.76	1531.76	1764.4	0.15248	164.257	359.209	1581.52	1938.26
chris	R	comparison	39.535	130.24	491.83	1428.14	1638.11	0.50666	158.997	497.01	1535.125	1990.5949999999998
chris	AH0	comparison	39.605000000000004	113.3	409.75	1573.05	2263.11	0.43804	111.4315	385.389	1597.025	2019.5349999999999
chuck	EY1	beige	1.24	128.39	307.62	1881.38	2640.62	0.0682	128.341	256.639	1637.835	2233.99
chuck	UW1	hue	1.92	112.84	180.83	774.62	1886.99	0.0	114.875	270.6105	1641.37	2329.37
chuck	AO1	on	2.23	113.5	470.56	1086.15	3098.11	0.07166	116.887	325.349	1439.25	2623.68
chuck	N	on	2.29	102.81	189.91	1191.42	2217.29	0.11369	108.6505	367.236	1384.78	2671.8
chuck	DH	the	2.33	102.28	185.66	1228.78	2192.89	0.15075	102.174	303.8925	1742.1999999999998	2521.5550000000003
chuck	AH1	the	2.375	107.55	486.16	1078.65	3310.75	0.44412	107.515	316.493	1577.04	2611.44
chuck	W	waters	2.45	99.07	174.96	880.84	3204.97	0.03076	96.1578	280.843	1640.07	2458.55
chuck	AO1	waters	2.55	119.21	400.84	705.64	2458.83	0.03068	117.7365	387.257	1720.79	2767.98
chuck	T	waters	2.625	119.63	369.61	1429.04	2642.29	0.3091	119.597	345.297	1765.15	2633.92
chuck	V	of	2.885	114.54	192.67	1673.9	2767.27	0.28539	120.73150000000001	276.816	1619.97	2416.49
chuck	DH	the	2.935	104.97	721.3	1487.05	2501.17	0.89702	110.2755	258.938	1600.47	2171.29
chuck	AH1	the	3.0	121.9	462.52	2322.84	3495.48	0.68604	121.4375	302.0435	1569.5349999999999	2507.42
chuck	L	loch	3.0949999999999998	105.64	172.06	1011.29	2805.92	0.0	111.1185	307.154	1586.53	2586.73
chuck	AA1	loch	3.25	105.33	518.34	952.94	2608.16	0.0861	105.874	558.0905	1199.8899999999999	2829.08
chuck	K	loch	3.42		457.1	1266.36	2776.6	0.22207	100.523	506.962	1216.13	2851.89
chuck	M	impressed	3.685	107.56	156.67	1361.62	2089.93	0.16037	116.082	311.511	1692.67	2411.13
chuck	P	impressed	3.75		679.07	1587.68	2346.83	0.56219	103.429	404.51800000000003	1623.98	2572.465
chuck	R	impressed	3.815	110.23	136.63	1478.14	1954.46	0.0	88.34425	389.479	1670.33	2429.45
chuck	EH1	impressed	3.895	104.63	446.64	1299.58	2371.82	0.0941	106.8155	365.6635	1656.135	2474.685
chuck	S	impressed	4.0		1304.93	2245.89	3559.89	0.69394	104.89500000000001	124.7755	335.21299999999997	1366.52
chuck	AO1	all	4.3100000000000005	104.26	499.82	832.65	2540.42	0.23162	105.327	527.1	1523.275	2880.92
chuck	L	all	4.565		561.25	997.51	2932.36	0.53531	104.4565	525.202	1301.96	2837.3
chuck	N	including	5.54	114.2	212.49	1397.54	2077.77	0.19102	118.71	308.5155	1706.705	2430.545
chuck	K	including	5.65		786.34	1521.24	3483.47	0.46409	107.513	461.033	1393.19	2608.81
chuck	L	including	5.734999999999999	129.24	220.75	1041.09	2251.79	0.0	130.258	323.38250000000005	1440.0	2536.875
chuck	UW1	including	5.795	118.19	262.75	1010.98	2167.83	0.13056	122.774	250.7825	1663.96	2284.475
chuck	D	including	5.855	107.86	1325.74	2617.76	2931.92	1.0	109.966	287.101	1739.49	2367.91
chuck	IH0	including	5.9	118.96	236.27	2063.18	2936.36	0.22212	119.552	259.839	1752.4450000000002	2402.08
chuck	NG	including	5.9350000000000005	109.02	505.45	1791.67	2740.62	0.77538	118.5755	299.15599999999995	1691.565	2307.61
chuck	DH	the	5.975	109.16	160.99	1746.25	2915.69	0.24061	108.205	388.493	1719.28	2661.77
chuck	AH0	the	6.05		1200.64	2200.66	3006.72	1.0	114.825	279.674	1628.27	2361.74
chuck	F	french	6.135		1497.58	2666.51	3689.94	1.0	559.8389999999999	85.39224999999999	838.893	1546.045
chuck	EH1	french	6.25	110.44	485.74	1381.05	2452.94	0.19936	114.3905	378.2285	1552.145	2498.175
chuck	N	french	6.345000000000001	113.64	172.28	1715.64	1954.17	0.197	113.3995	289.3645	1695.395	2408.66
chuck	W	queen	6.7	123.26	178.59	1071.59	2124.05	0.08124	90.8793	568.226	1331.6	2715.57
chuck	IY1	queen	6.87	109.38	238.16	2298.15	2990.79	0.28527	108.5255	253.95	1898.88	2549.43
chuck	N	queen	7.105	106.31	171.53	768.63	2494.29	0.0	106.5	301.267	1700.635	2420.185
chuck	AO1	before	7.56	116.36	375.11	743.09	2243.9	0.00429	117.611	349.6475	1507.4	2626.04
chuck	IY1	she	7.775	121.63	295.06	1991.07	2895.81	0.33116	135.49349999999998	101.209	1565.08	1812.55
chuck	HH	heard	7.859999999999999	105.5	1284.49	2097.95	3092.62	1.0	106.548	287.418	1716.26	2316.0699999999997
chuck	ER1	heard	7.99	116.39	441.21	1616.14	3165.36	0.35129	116.469	316.115	1651.47	2473.42
chuck	D	heard	8.100000000000001	107.33	183.6	1775.18	2702.94	0.2785	111.932	298.1815	1670.075	2440.835
chuck	DH	that	8.155000000000001	109.97	1062.34	2265.61	3199.02	1.0	105.118	235.6705	1646.8600000000001	2332.77
chuck	AE1	that	8.265	109.04	697.91	2505.5	3372.11	0.72237	110.041	443.288	1526.17	2661.36
chuck	M	symphony	8.615	123.38	182.82	2109.25	3343.75	0.38424	125.464	271.471	1683.88	2425.81
chuck	F	symphony	8.695		1199.38	2347.51	3383.7	0.82637	118.89699999999999	238.147	1104.63	1498.98
chuck	N	symphony	8.809999999999999	125.03	172.84	1727.59	2922.18	0.20036	124.4085	268.408	1673.87	2302.43
chuck	IY0	symphony	8.92	125.38	199.64	2575.15	3314.91	0.0	124.999	241.80399999999997	1736.955	2421.95
chuck	AH0	again	9.035	120.69	201.5	1726.43	2315.87	0.15472	121.404	253.493	1667.6	2100.67
chuck	G	again	9.120000000000001		298.61	1926.83	2893.3	0.42584	121.654	295.26750000000004	1720.72	2340.685
chuck	EH1	again	9.265	105.76	459.63	1663.02	2509.0	0.23676	106.001	389.205	1714.25	2520.05
chuck	N	again	9.48	102.64	175.21	1456.4	2547.17	0.14705	102.41499999999999	302.1665	1659.46	2366.755
chuck	AH1	just	9.995000000000001	119.38	419.75	1285.42	2356.23	0.21058	118.555	302.749	1606.99	2553.93
chuck	Z	as	10.33	109.62	1216.97	2728.55	3699.44	0.86614	115.222	105.26365	768.9285	1456.935
chuck	AH1	young	10.455	115.63	417.99	1281.55	1946.64	0.20562	116.595	320.118	1818.49	2609.81
chuck	NG	young	10.559999999999999	110.85	224.11	1584.69	3197.43	0.25326	111.859	310.342	1672.37	2448.85
chuck	AA1	arthur	10.665	112.6	333.81	765.77	2310.3	0.0	112.019	294.617	1659.99	2566.37
chuck	R	arthur	10.755	112.37	223.72	1671.76	2906.02	0.16192	112.869	245.441	1567.5549999999998	2470.79
chuck	TH	arthur	10.84		490.71	1807.78	2815.21	0.42622	394.474	321.079	1640.21	2307.165
chuck	ER0	arthur	10.940000000000001	108.56	249.71	1080.16	1809.75	0.0	109.105	274.40200000000004	1543.34	2289.0299999999997
chuck	W	wanted	11.055		889.04	2359.27	3227.25	1.0	107.1395	306.76250000000005	1484.455	2423.22
chuck	AA1	wanted	11.135	108.11	334.16	921.12	2317.9	0.00571	109.987	322.766	1384.1	2636.43
chuck	N	wanted	11.21	105.68	199.36	1643.03	2435.82	0.22268	106.707	271.325	1637.09	2354.25
chuck	T	wanted	11.325		432.29	2411.79	3233.4	0.56682	107.024	232.172	1987.8	2278.76
chuck	AH0	wanted	11.435	127.02	223.33	1591.25	2500.09	0.09646	127.346	293.066	1751.77	2431.75
chuck	D	wanted	11.555		274.32	1841.48	2609.16	0.39396	124.2495	131.852	1605.56	1811.07
david	M	madness	1.595	94.94	200.76	1525.62	2220.4	0.27385	100.468	290.767	1567.7150000000001	2271.52
david	AE1	madness	1.725	124.62	560.51	1530.58	2362.56	0.25336	122.835	587.5045	1630.475	2173.885
david	D	madness	1.8250000000000002	103.08	553.08	1479.01	2498.3	0.63514	102.923	302.9755	1620.74	2487.165
david	N	madness	1.915	93.01	234.84	1587.85	2500.69	0.26471	95.38535	316.583	1692.93	2522.14
david	AH0	madness	2.0149999999999997	86.69	441.38	1496.04	2976.45	0.46908	86.4086	352.031	1599.47	2613.51
david	W	were	2.215	94.34	373.61	1046.06	2223.07	0.4049	93.9889	326.067	1540.14	2392.16
david	ER0	were	2.3	92.77	374.63	1316.46	2010.0	0.11689	91.55705	306.98850000000004	1524.1999999999998	2310.09
david	IY1	easy	2.4299999999999997	127.24	261.39	2184.87	3142.79	0.30629	123.062	246.251	1945.11	2482.07
david	IY0	easy	2.65	81.16	281.44	2092.55	2588.62	0.15433	80.57935	201.0335	1894.0700000000002	2330.815
david	AH0	to	2.795	87.51	381.6	1486.58	2408.83	0.44796	81.54735	300.456	1658.53	2254.88
david	B	bear	2.87		317.25	1507.31	2382.86	0.37846	86.31575000000001	230.423	1561.3200000000002	2157.08
david	EH1	bear	3.0300000000000002	81.99	564.9	1614.32	2428.63	0.43433	83.4322	506.3415	1685.52	2413.385
david	M	compared	3.395	82.06	240.43	1484.09	2284.51	0.33042	82.0317	243.709	1629.6	2108.53
david	EH1	compared	3.615	82.23	556.42	1732.47	2371.7	0.45498	90.2566	439.372	1801.87	2264.46
david	W	with	3.82	76.79	306.98	1451.99	2418.9	0.38667	78.5272	315.4975	1576.8600000000001	2291.67
david	IH0	with	3.86		341.13	1670.77	2379.52	0.1297	76.19454999999999	294.56100000000004	1743.0	2434.54
david	UW1	truth	4.234999999999999	76.29	319.76	1506.38	2285.87	0.34237	81.2498	250.884	1317.96	2053.1
david	L	like	4.415	77.33	423.98	975.48	2577.23	0.307	76.40350000000001	490.8885	1413.01	2165.8
david	AY1	like	4.51		553.97	1544.38	2341.78	0.12763	76.1634	560.946	1722.385	2215.225
david	IH1	this	4.78	87.6	437.37	1818.38	2555.59	0.40475	92.575	299.205	1783.87	2537.13
david	OW1	oh	5.7	94.81	524.46	1023.36	2348.46	0.4512	98.9149	392.14300000000003	1401.685	2831.745
david	M	my	5.87	95.1	268.62	1949.22	2850.25	0.48971	96.33865	350.0655	1897.985	2695.51
david	AY1	my	5.965	87.43	611.52	1479.42	2330.33	0.19783	88.4921	570.1145	1467.1950000000002	2492.605
david	EH1	friend	6.27	96.76	556.11	1678.1	2465.24	0.43695	96.94444999999999	494.7025	1646.645	2464.9849999999997
david	N	friend	6.42	83.77	246.45	1605.75	2636.08	0.28599	82.88615	304.018	1685.14	2371.47
david	D	friend	6.5600000000000005		1531.13	1667.78	2942.25	1.0	170.9978	307.4875	1692.1100000000001	2139.325
david	W	why	7.005	95.52	402.83	1426.92	3286.47	0.54282	107.17955	337.157	1640.72	2660.86
david	AY1	why	7.199999999999999	131.58	542.31	1637.86	2573.28	0.14579	129.7885	400.767	1598.09	2438.78
david	NG	think	7.529999999999999	83.35	302.5	2118.82	2373.2	0.48332	84.1993	293.80600000000004	1697.075	2449.265
david	UW1	you	7.924999999999999	76.5	273.19	1610.24	2277.44	0.28267	78.4759	244.825	1733.01	2278.01
david	D	did	8.305	78.02	443.32	1789.75	2981.56	0.5739	85.27145	387.53499999999997	1647.37	2723.685
david	AY1	i	8.395	85.28	577.04	1498.67	2408.19	0.14784	89.6051	500.774	1618.93	2378.12
david	G	go	8.505	81.53	249.5	2036.87	2216.35	0.40331	85.50915	283.743	1751.16	2235.14
david	OW1	go	8.615	85.82	441.29	1505.8	2472.79	0.37463	86.5654	317.083	1561.41	2256.72
david	OW1	so	8.9	87.0	380.33	1365.57	2194.26	0.18923	89.18520000000001	332.0215	1493.205	2180.705
david	AA1	far	9.17	86.96	642.72	1149.75	2340.64	0.40071	86.4365	744.314	971.794	2591.42
david	N	around	9.8	75.26	226.97	1499.07	2740.38	0.23419	73.7892	415.1335	1604.47	2536.295
david	AY1	why	10.42	118.06	565.73	1531.57	2267.92	0.14216	118.455	524.361	1381.42	2613.78
david	EY1	take	10.715	94.76	369.34	2041.85	2664.25	0.24567	107.261	235.89	1822.32	2258.69
david	OW1	so	11.004999999999999	87.65	458.94	1408.62	2408.27	0.39223	87.9162	384.9845	1450.525	2510.76
david	L	long	11.114999999999998	92.22	323.34	1270.72	2494.62	0.22519	91.6825	317.448	1471.06	2760.78
david	AO1	long	11.245000000000001	129.87	515.85	889.2	2517.62	0.27735	122.654	476.59749999999997	1224.9850000000001	2699.585
david	NG	long	11.385000000000002	82.73	372.4	2101.67	2786.51	0.60088	84.5296	340.679	2048.29	2696.08
david	EH1	tell	11.775	97.35	566.66	1408.41	2587.41	0.37196	96.7026	513.7239999999999	1329.8	2707.91
david	OW1	so	12.145	85.55	397.79	1517.03	2305.17	0.27146	86.0509	318.03049999999996	1606.915	2327.85
david	IH1	simple	12.395	114.15	415.87	1544.22	2364.79	0.28289	108.0885	304.884	1819.665	2590.535
david	M	simple	12.469999999999999	108.38	236.79	1470.38	2318.45	0.32101	152.7275	286.837	1766.99	2243.76
david	L	simple	12.66		329.08	1285.26	2632.96	0.23848	76.4941	341.501	1339.9250000000002	2550.005
david	IH1	thing	12.94	90.18	471.85	1861.24	2774.1	0.50078	96.1286	317.142	1797.255	2549.64
david	NG	thing	13.11		324.02	1529.9	2770.43	0.41591	72.08295	238.857	1571.3	2261.38
david	W	was	13.665		530.32	1911.84	3094.77	0.87101	106.8212	381.97	1577.705	2830.1549999999997
david	AO1	was	13.735	86.32	521.73	715.38	2877.42	0.0	86.4095	429.186	2105.04	3228.61
david	IH0	it	13.865	97.17	353.23	1686.53	2484.68	0.16358	97.7889	347.377	1793.05	2649.99
david	T	it	13.915	85.75	275.83	1729.68	2720.22	0.31208	129.94594999999998	301.992	1623.84	2304.77
david	B	because	13.96		494.06	1855.48	2984.18	0.64455	91.8338	302.0815	1257.375	1888.83
david	IH0	because	14.030000000000001	87.86	341.3	2010.23	2302.26	0.4157	91.69715	271.692	1903.07	2210.9
david	K	because	14.129999999999999		496.17	1978.28	2307.25	0.42069	94.277	281.381	1608.67	1648.76
david	AH1	because	14.215	121.96	390.78	1455.2	2502.08	0.28985	124.2735	322.6575	1480.1799999999998	2535.33
david	AY1	i	14.43	89.36	623.09	1500.08	2425.22	0.22553	90.8246	486.453	1445.68	2276.4
david	EY1	hate	14.705	126.96	313.59	2248.96	3063.44	0.16498	121.367	228.027	1942.75	2471.215
david	UW1	you	15.055	131.99	386.58	1146.94	2213.76	0.38113	134.627	285.237	1682.36	2525.09
david	AH0	and	15.14	95.59	495.01	1407.63	2354.81	0.53111	98.28465	331.68	1370.71	2557.585
david	D	and	15.219999999999999	89.56	231.36	1479.14	2511.03	0.27287	90.6168	326.2065	1605.6100000000001	2403.88
david	AE1	have	15.355	95.45	576.56	1485.63	2235.81	0.26368	325.0992	591.352	1385.36	2091.59
david	EY1	hated	15.59	102.93	301.74	2217.16	2798.65	0.13067	100.104	225.82	1935.64	2438.78
david	D	hated	15.82	90.47	262.84	2585.0	3424.43	0.53026	91.1475	278.599	1799.8	2685.51
david	UW1	you	15.920000000000002	100.99	330.84	1163.2	2215.24	0.28559	100.949	283.20849999999996	1592.52	2484.13
david	AO1	all	15.985000000000001	95.07	395.84	820.84	2677.79	0.06513	95.8803	394.273	1621.63	2775.62
david	M	my	16.15	92.16	226.37	1206.11	2496.2	0.2399	91.733	345.23400000000004	1763.3899999999999	2561.15
david	AY1	my	16.259999999999998	90.95	560.24	1624.25	2497.98	0.17034	89.87344999999999	477.554	1539.575	2602.165
david	L	life	16.375	87.61	371.56	1097.25	3182.81	0.2556	87.591	340.744	1550.87	2605.29
david	AY1	life	16.505000000000003	130.32	554.65	1637.31	2666.36	0.16624	131.2685	551.5815	1701.315	2509.635
david	W	was	17.240000000000002		599.76	2371.92	3096.06	1.0	371.456	284.073	1512.3200000000002	2584.1099999999997
david	IH0	it	17.43	99.35	373.22	1746.1	2513.1	0.22797	102.08115000000001	325.7335	1798.2150000000001	2479.225
david	B	because	17.505000000000003		117.2	1581.04	2596.8	0.1829	87.73555	399.519	1605.79	2362.8
david	IH0	because	17.565	90.49	341.54	1888.79	2318.11	0.39033	86.3675	318.8965	1772.335	2163.45
david	AY1	i	17.835	89.07	561.78	1481.91	2486.2	0.11552	131.9187	435.411	1431.51	2473.675
david	IH1	wish	18.03	113.31	360.57	1701.53	2188.02	0.1855	114.5245	267.347	1796.43	2366.8
david	IH1	give	18.425	96.79	297.48	2075.53	2662.99	0.12316	96.491	208.594	1970.96	2406.15
david	UW1	you	18.655	77.88	271.82	2029.98	2931.08	0.37376	79.79475	268.16	1835.79	2449.38
david	EY1	pain	18.950000000000003	104.62	403.56	2358.01	3052.59	0.39546	109.8365	299.39149999999995	1916.71	2555.285
david	N	pain	19.17	150.68	217.2	1545.46	2618.45	0.22917	148.618	306.077	1675.6399999999999	2485.12
david	AO1	was	19.775	143.41	446.19	761.86	2916.51	0.0	139.885	420.101	1649.645	2815.075
david	Z	was	19.84		325.88	2192.35	3295.28	0.38893	137.8375	314.7765	1802.0	2868.58
david	B	because	20.009999999999998	96.91	291.09	1428.3	2732.3	0.33289	97.1589	365.716	1573.14	2672.31
david	IH0	because	20.06	96.33	425.9	1502.23	2603.85	0.4726	97.08445	298.48749999999995	1539.48	2591.0249999999996
david	Z	because	20.165	96.45	631.77	1279.35	2441.07	0.38592	95.97194999999999	764.983	1279.5500000000002	2330.7749999999996
david	AY1	i	20.215	91.16	540.5	1442.97	2365.38	0.06417	92.0632	479.374	1316.7150000000001	2247.0150000000003
david	W	wanted	20.305	101.33	327.33	751.69	2038.95	0.25825	103.886	313.83299999999997	1407.62	2765.21
david	AO1	wanted	20.39	123.16	431.38	701.98	3216.97	0.07697	122.133	416.142	1191.2	2669.42
david	N	wanted	20.450000000000003	129.42	287.21	2079.18	2827.87	0.44686	128.337	289.459	2009.6	2784.45
david	IH0	wanted	20.495	126.69	264.71	2200.07	2798.16	0.40782	127.8245	290.913	1801.395	2632.7799999999997
david	D	wanted	20.53	116.87	245.05	1954.96	2738.57	0.21622	172.49450000000002	301.61850000000004	1674.03	2551.965
david	IH1	give	20.759999999999998		389.86	1828.43	2561.56	0.28976	74.0189	283.443	1857.845	2532.1800000000003
david	V	give	20.805		347.91	1789.08	3039.71	0.41878	70.03165	250.83350000000002	1660.95	2404.425
david	OW1	so	21.455	90.52	471.15	1446.73	2311.65	0.43199	89.7069	368.168	1413.41	2460.84
david	L	late	21.595	91.79	366.3	2325.52	2880.66	0.58457	105.659	308.393	1586.28	2653.68
david	EY1	late	21.78		372.15	2226.88	2761.7	0.29395	201.79649999999998	260.594	1814.91	2378.1
david	R	revenge	22.244999999999997	90.39	348.74	1147.54	2242.42	0.1854	90.6922	301.11	1516.18	2401.36
david	IY0	revenge	22.314999999999998	89.92	349.31	1861.88	2323.61	0.36183	89.80665	231.552	1737.03	2094.89
david	V	revenge	22.41	87.37	1051.31	2138.78	2789.81	0.9865	88.7723	173.765	1788.29	2041.47
david	EH1	revenge	22.560000000000002	128.64	495.66	1718.92	2271.63	0.32761	122.601	428.7345	1685.615	2293.8100000000004
david	N	revenge	22.755000000000003	80.69	237.5	790.65	2267.39	0.10153	80.72745	301.013	1670.08	2382.4
david	DH	that	23.259999999999998	88.76	420.04	1576.28	2770.0	0.53232	82.34989999999999	442.837	1382.375	2447.205
david	AE1	that	23.345	84.29	653.61	1462.07	2301.48	0.36702	86.0092	656.7545	1374.8899999999999	2319.0150000000003
david	AY1	time	23.65	83.01	603.57	1436.83	2416.7	0.16734	83.6406	589.478	1316.39	2121.65
david	M	time	23.78	82.62	223.47	1401.77	2256.9	0.28214	81.9808	314.924	1740.2800000000002	2336.09
david	UW1	you	24.205	83.05	272.27	1861.27	2586.24	0.33697	87.521	281.452	1894.46	2514.74
david	EY1	saved	24.46	92.66	393.89	2016.49	2839.93	0.29611	92.7527	281.84950000000003	1838.76	2411.48
david	V	saved	24.57	82.53	328.03	1954.8	2414.1	0.44012	83.5543	182.949	1830.29	2189.12
david	M	my	24.72	82.5	230.24	1022.28	2173.0	0.20213	84.07805	334.905	1737.54	2511.22
david	AY1	my	24.825		623.18	1458.58	2270.07	0.20895	74.7608	644.5899999999999	1405.1399999999999	2552.295
david	L	life	24.93	100.73	360.36	1086.49	3029.72	0.23449	89.56685	294.67	1688.41	2663.98
david	AY1	life	25.075000000000003	85.3	618.21	1554.84	2298.44	0.23944	119.7375	599.1424999999999	1546.455	2590.2650000000003
david	N	and	25.975	80.86	252.75	1508.81	2577.57	0.27518	81.34219999999999	268.42	1518.11	2303.54
david	D	and	26.04	78.57	1561.6	2074.3	3115.55	1.0	79.84979999999999	178.898	1268.578	1611.9850000000001
david	ER0	from	26.185	93.46	541.23	917.45	1854.41	0.41446	93.1871	451.66700000000003	1431.56	2250.91
david	M	from	26.259999999999998	81.62	243.25	1144.19	2289.96	0.0	111.61654999999999	359.5715	1754.7800000000002	2539.57
david	AH0	a	26.365000000000002		536.16	1597.69	2646.36	0.63633	178.13395	344.614	1074.28	2148.03
david	IH1	fearful	26.57	121.02	365.0	1977.14	2435.05	0.26551	125.34	291.95	1843.04	2491.36
david	R	fearful	26.665	77.95	492.51	1489.17	2340.14	0.52814	83.8884	380.1585	1590.685	2308.29
david	L	fearful	26.86		425.28	1659.17	3155.23	0.49698	69.5532	364.04650000000004	1988.2649999999999	2917.55
david	D	death	26.95		485.38	1818.99	2505.23	0.62713	110.618	361.059	1397.89	2489.96
david	EH1	death	27.1		590.75	1775.16	2616.83	0.53817	108.824	565.957	1619.5900000000001	2560.58
david	AA1	ah	27.955	92.21	539.21	1036.06	2943.87	0.16442	91.4772	654.5365	948.5725	2774.105
david	N	no	28.23	82.74	262.78	1734.36	2514.88	0.33763	82.2424	360.515	1620.3	2637.77
david	OW1	no	28.535	79.47	376.67	1359.52	2354.26	0.17873	88.82885	336.44100000000003	1465.95	2536.42
fern	M	jumps	1.75	166.83	261.85	1470.79	2544.11	0.36316	154.58350000000002	371.4735	1680.9450000000002	2689.675
fern	P	jumps	1.79	150.45	166.97	1680.46	2598.76	0.23037	160.505	345.094	1603.52	2496.02
fern	S	jumps	1.855		1414.27	2459.93	3147.48	0.77545	148.0915	50.8703	1214.46	1116.48
fern	N	in	1.96	151.0	286.58	1863.29	2877.9	0.40063	149.2415	306.2975	1819.1399999999999	2637.56
fern	DH	the	2.01	160.85	262.52	2063.09	2882.88	0.44491	151.173	315.607	1872.98	2597.93
fern	IY0	the	2.0949999999999998	142.15	365.86	2432.05	2881.21	0.56304	156.914	113.15549999999999	2041.145	2418.8100000000004
fern	EH1	air	2.21	133.51	643.65	1759.81	2371.45	0.64037	138.7265	432.2855	1888.3449999999998	2317.925
fern	OW1	over	2.56	157.17	536.25	1358.24	2546.96	0.56761	170.51999999999998	410.504	1372.04	2625.9300000000003
fern	V	over	2.645	147.18	195.11	1374.29	2567.79	0.22331	144.362	386.937	1247.37	2546.865
fern	IY1	each	2.8	145.54	352.04	2335.11	2676.15	0.49975	145.599	276.058	1794.82	2226.08
fern	IH1	thin	3.115	161.54	440.34	1933.48	2926.33	0.44094	174.39350000000002	351.564	1753.34	2574.17
fern	N	thin	3.215	140.98	279.87	1777.42	2708.3	0.37249	146.311	311.101	1812.84	2544.43
fern	D	dog	3.31	141.79	300.34	1789.79	2596.39	0.4129	141.631	296.2985	1804.52	2643.96
fern	AO1	dog	3.4699999999999998		682.84	1200.14	2699.26	0.65183	137.164	627.291	1114.62	2782.295
fern	G	dog	3.6399999999999997		425.78	1721.35	2995.34	0.50017	156.452	488.305	1251.51	2725.76
fern	K	look	4.075		1434.79	2076.43	2779.91	0.95401	145.749	455.66700000000003	1412.145	2524.66
fern	AY1	i	4.375	177.88	673.46	1719.41	2523.19	0.39834	134.24615	675.003	1652.05	2674.58
fern	SH	shout	4.51		1542.54	2497.67	2893.3	0.50375	165.358	194.408	2066.61	2385.46
fern	HH	he's	5.095000000000001	145.19	182.95	2285.09	2707.92	0.38212	183.1	322.494	1735.32	2166.65
fern	IY1	he's	5.15	162.76	327.42	2290.78	2782.43	0.44654	146.121	144.868	1913.25	2348.41
fern	Z	he's	5.23		805.08	2094.89	3083.3	0.58689	155.7465	158.806	1431.3	1838.26
fern	OY1	foiled	5.465	148.98	503.06	1185.02	2626.93	0.39952	148.78500000000003	478.3265	1194.445	2840.815
fern	L	foiled	5.585	172.89	460.53	1231.5	2903.44	0.43654	160.818	502.3275	1435.48	2686.17
fern	D	foiled	5.655	156.75	894.2	2145.72	2984.53	1.0	167.522	383.153	1652.0	2836.38
fern	UW1	you	5.79	152.24	364.99	1654.35	2553.2	0.45579	157.769	226.65	1798.23	2302.69
fern	AH0	again	5.845000000000001	155.41	402.33	1768.75	2512.12	0.47046	152.382	314.61850000000004	1709.885	2558.705
fern	G	again	5.92		391.56	2143.3	2463.36	0.55388	150.24	260.24850000000004	1543.2399999999998	2190.375
fern	EH1	again	6.025		658.24	1821.78	2663.0	0.68975	124.73500000000001	439.16450000000003	2018.03	2513.075
fern	N	again	6.21	162.84	211.67	1722.86	2651.1	0.25801	126.019	289.157	1708.2	2486.84
fern	IY0	creating	6.67	149.32	407.58	2351.64	2711.43	0.67148	155.883	215.769	1872.4850000000001	2319.2749999999996
fern	EY1	creating	6.74	149.71	439.86	2254.63	2787.54	0.45514	147.351	202.002	2064.565	2309.14
fern	T	creating	6.779999999999999		435.25	2059.2	2787.73	0.49145	148.176	194.2715	1886.815	2313.58
fern	NG	creating	6.885	158.64	274.84	1508.28	2455.46	0.32721	155.2345	162.5335	1920.975	2392.035
fern	K	chaos	6.994999999999999		621.26	2219.2	2636.68	0.54855	158.314	248.296	1582.29	1830.69
fern	EY1	chaos	7.105	162.68	657.01	1947.98	2531.48	0.88258	166.843	523.615	1636.52	2099.23
jenn	N	affection	1.7850000000000001	168.35	265.48	1906.18	3394.96	0.37775	88.5175	285.92	1787.84	2567.17
jenn	EH1	when	2.325	151.94	606.61	1862.69	2970.22	0.59831	389.5465	590.0754999999999	1263.2350000000001	2896.575
jenn	EY1	they	2.4699999999999998	131.1	470.81	2513.59	3226.62	0.5845	154.411	312.286	2079.18	2812.11
jenn	D	dislocate	2.54		400.58	2194.44	2915.03	0.60699	150.895	229.9395	1900.6499999999999	2473.9300000000003
jenn	S	dislocate	2.6950000000000003		669.03	2109.39	2884.26	0.38902	161.41	105.78725	1528.55	1695.595
jenn	OW0	dislocate	2.815	164.23	488.85	1518.36	3106.43	0.51691	160.877	423.2155	1390.6999999999998	2739.605
jenn	K	dislocate	2.9		653.58	2473.53	2783.97	0.62946	163.235	345.616	1614.9250000000002	2526.275
jenn	M	my	3.1		243.62	1631.64	2563.44	0.37129	97.4614	357.339	1799.6550000000002	2632.09
jenn	AY1	my	3.16		437.15	1949.15	2719.3	0.09517	74.4796	348.5535	1700.655	2576.71
jenn	B	brain	3.265		185.21	1955.47	2571.57	0.3395	153.261	293.506	1683.58	2409.87
jenn	EY1	brain	3.505		587.25	2669.24	3079.32	0.8861	136.401	313.915	2008.6	2636.63
jenn	M	amputate	4.365	171.14	253.74	1638.93	2673.35	0.39004	176.536	415.387	2384.97	3018.01
jenn	P	amputate	4.42		713.26	2189.49	3067.16	0.70403	171.724	303.253	1534.06	2284.73
jenn	AH0	amputate	4.52	163.37	358.76	2460.56	3105.98	0.55858	133.68995	199.2355	2049.705	2596.085
jenn	T	amputate	4.58		394.92	2361.9	3169.68	0.53078	163.5005	222.33350000000002	2071.045	2675.76
jenn	EY2	amputate	4.67	139.61	381.96	2610.8	3134.36	0.40331	149.5505	208.731	2051.19	2600.75
jenn	T	amputate	4.744999999999999		454.91	1938.6	2826.33	0.47819	93.58879999999999	280.185	2161.3	2740.4
jenn	M	my	4.789999999999999		257.15	1721.16	2500.72	0.41555	57.6712	391.5575	1702.4	2560.5249999999996
jenn	AY1	my	4.855	158.09	719.96	2264.36	3028.44	0.69597	158.565	524.184	1836.635	2637.84
jenn	F	freckled	4.93		714.37	1622.23	2966.91	0.41578	155.838	252.972	1759.99	2230.73
jenn	K	freckled	5.08		852.83	1575.48	2550.52	0.51365	156.236	580.474	1769.85	2526.65
jenn	D	freckled	5.225		186.39	1030.33	2903.15	0.13216	146.953	529.781	1334.04	3112.46
jenn	AH0	bosom	5.535		489.35	1524.43	3235.28	0.54857	106.008	368.3165	1539.75	2727.1549999999997
jenn	M	bosom	5.665	173.06	194.73	1834.16	2384.96	0.338	120.5461	263.192	1711.43	2405.67
jenn	EY1	make	6.234999999999999	168.65	416.96	2649.53	3305.33	0.49205	172.417	266.269	1999.05	2625.6499999999996
jenn	K	make	6.305		345.97	2101.27	2793.95	0.36991	162.769	254.367	2169.11	2774.17
jenn	IY1	me	6.425	168.02	308.1	2849.68	3204.02	0.51653	173.2705	296.523	1748.54	2505.19
jenn	B	bearded	6.525	151.74	190.6	1564.1	2895.69	0.25693	155.7185	254.817	1653.98	2308.95
jenn	IH1	bearded	6.625	163.26	368.78	2456.4	2914.98	0.39492	169.469	205.738	1796.4	2297.36
jenn	D	bearded	6.765000000000001	169.14	240.46	2034.82	2938.16	0.39464	167.0275	360.381	1840.63	2208.88
jenn	AH0	bearded	6.845000000000001		579.0	2041.51	3087.81	0.80082	160.738	345.93	2183.92	2992.77
jenn	D	bearded	6.955		368.61	1838.47	3056.86	0.49954	73.1417	417.9975	2002.3	3000.3900000000003
jenn	AY1	like	7.2	156.32	763.74	1848.49	3178.6	0.6016	150.6875	469.47349999999994	1602.115	2898.1499999999996
jenn	K	like	7.275		501.51	2364.45	2940.39	0.51983	155.1245	486.409	2154.435	2836.545
jenn	M	man	7.445		269.04	1772.57	2437.47	0.44788	77.15225000000001	296.037	1698.41	2371.88
jenn	AE1	man	7.59		911.6	2201.05	2974.2	0.94203	150.3835	614.178	2253.53	2724.3
jenn	N	man	7.79	172.98	269.43	1839.38	3062.62	0.36971	166.023	321.139	1722.54	2680.575
jenn	L	blush	8.42	185.59	377.26	979.46	3314.52	0.23244	185.118	393.999	1434.36	2951.9
jenn	AH1	blush	8.515	181.67	857.15	1680.96	3171.34	1.0	184.078	649.2615000000001	1285.38	3086.9750000000004
jenn	M	my	8.765	197.9	237.26	1766.87	2343.21	0.39318	166.8915	198.347	1914.51	2499.49
jenn	AY1	my	8.835	175.63	696.32	2374.28	2979.74	0.70069	174.229	322.3325	1922.7	2628.575
jenn	S	spirit	8.935		936.28	2236.76	2806.71	0.52785	176.413	130.19335	1255.82	1515.585
jenn	IH1	spirit	9.095	161.66	438.29	2421.73	2887.48	0.55818	162.987	135.983	1849.915	2105.875
jenn	R	spirit	9.17	156.27	600.43	1857.64	2207.68	0.82287	158.048	494.359	1778.62	2096.56
jenn	IH0	spirit	9.245	152.5	593.08	2206.26	2850.91	0.85911	152.99099999999999	566.86	1866.41	2281.76
jenn	N	in	9.440000000000001	164.48	263.32	1839.57	2898.93	0.36051	172.29149999999998	350.525	2183.88	2752.29
jenn	DH	thy	9.495000000000001	173.18	477.41	2090.33	2634.34	0.72638	161.927	247.86399999999998	1680.455	2384.675
jenn	AY1	thy	9.585		808.96	1922.16	2895.13	0.70704	173.221	697.558	1858.39	2705.58
jenn	F	fastness	9.715		823.58	2058.16	2670.03	0.56769	155.95499999999998	126.71300000000001	1240.3400000000001	1350.15
jenn	AE1	fastness	9.84	163.73	935.38	1723.85	2875.66	0.84234	164.104	634.082	1717.55	2731.23
jenn	S	fastness	9.95		914.69	2073.76	3045.73	0.49333	154.4535	260.065	1051.93	2164.4
jenn	AH0	fastness	10.21		686.07	1854.21	3087.81	0.92227	122.6211	418.7575	1961.2150000000001	2961.61
jenn	L	blush	10.91	168.33	454.5	1035.92	3235.3	0.37303	156.502	319.5695	1184.5900000000001	2677.875
jenn	AH1	blush	10.989999999999998	164.86	812.66	1783.76	3007.16	1.0	167.2045	699.3485000000001	1516.205	2857.7799999999997
jenn	AY1	my	11.34		676.23	2237.64	2998.72	0.61195	158.773	396.8895	1882.3400000000001	2819.0249999999996
jenn	EY1	clay	12.43		489.77	2483.34	3062.16	0.62105	90.067	557.29	2092.23	3027.91
jenn	V	seven	13.295	169.76	528.33	2199.3	3143.57	0.63265	190.199	638.0165	1971.335	2918.26
jenn	IH1	years	13.5	187.14	514.6	2195.85	2599.65	0.69036	183.904	267.1165	1917.15	2591.0950000000003
jenn	R	years	13.555	182.85	607.0	1916.94	2415.98	0.85314	182.852	488.7115	1771.375	2042.2849999999999
jenn	Z	years	13.629999999999999		701.59	2130.57	3443.1	0.54637	179.2785	294.418	1601.2350000000001	2128.3650000000002
jenn	V	of	13.735	171.64	669.13	2251.16	3014.91	0.74242	188.434	453.6015	1890.21	2976.275
jenn	AO1	troth	14.02	173.56	804.46	1230.79	3031.27	1.0	177.476	805.797	1181.87	3123.0
jenn	TH	troth	14.129999999999999		730.95	1146.22	2420.68	0.42022	212.623	610.996	1452.46	3085.35
jenn	AO1	taught	14.645	176.71	706.39	1215.1	2974.41	0.69404	168.64350000000002	740.273	1188.01	2969.66
jenn	T	taught	14.745000000000001		819.77	1460.68	3038.64	0.61837	174.492	573.358	1537.82	2918.89
jenn	R	more	15.309999999999999	181.44	535.88	1517.24	2372.64	0.60647	178.281	559.698	1365.325	2509.965
jenn	DH	than	15.370000000000001	171.05	218.75	1604.94	2975.35	0.28137	181.126	475.9765	1655.795	2822.085
jenn	AH0	than	15.41	171.97	549.91	1742.8	3034.79	0.29765	172.68200000000002	348.8405	1945.625	2602.455
jenn	N	than	15.465	168.29	399.38	1549.63	2885.9	0.50524	171.7625	516.073	1830.8	2846.87
jenn	W	wifehood	15.545	171.72	216.34	1367.93	2933.23	0.21394	166.651	251.389	1691.51	2400.69
jenn	AY1	wifehood	15.65		634.23	2156.33	2944.49	0.50881	167.373	636.6510000000001	1628.22	2708.46
jenn	F	wifehood	15.735		191.13	1870.71	2652.56	0.19768	144.76	179.37900000000002	1667.12	2013.15
jenn	HH	wifehood	15.82		264.73	1700.37	2889.28	0.28532	57.0192	203.718	1770.42	2546.59
jenn	D	wifehood	16.035		467.14	2423.9	2885.25	0.72799	80.4589	375.494	2128.075	2935.65
jenn	V	every	16.245	172.14	1344.36	2171.12	3175.1	1.0	181.29899999999998	460.522	1699.92	2466.14
jenn	M	may	16.425		245.93	1846.31	2775.29	0.42684	87.2875	238.066	1867.89	2499.59
jenn	EY1	may	16.6		652.12	2419.26	3053.23	0.97797	80.21555000000001	388.254	1902.65	2667.835
kristen	IH1	appeared	1.4649999999999999	316.63	417.65	1963.52	2437.0	0.39234	206.54515	199.83	1813.29	2303.52
kristen	R	appeared	1.52	283.13	383.03	1992.42	2586.28	0.52236	305.06100000000004	390.1445	1867.105	2406.83
kristen	D	appeared	1.57		407.37	1524.75	2210.93	0.48024	278.264	258.792	1628.18	1964.87
kristen	L	little	1.7	209.92	261.74	1442.09	2814.92	0.17253	243.8945	270.47249999999997	1536.315	2445.84
kristen	L	little	1.84	183.63	363.83	1005.25	2497.96	0.2178	193.421	274.72	1481.17	2641.62
kristen	P	puzzled	1.935		563.07	1135.58	2667.64	0.39389	74.4711	425.63649999999996	1345.3899999999999	2440.5
kristen	AH1	puzzled	2.04	171.5	758.14	1248.09	3121.1	0.84188	180.58749999999998	709.273	1059.72	2897.58
kristen	Z	puzzled	2.1100000000000003		790.01	1790.17	2980.4	0.53386	161.11200000000002	240.861	835.575	1449.15
kristen	L	puzzled	2.23		550.7	1000.92	3180.56	0.51917	81.5085	691.461	1008.3725000000001	2893.48
kristen	W	was	3.0149999999999997	257.81	410.93	1179.16	2548.91	0.49891	259.6645	404.712	1522.51	2643.71
kristen	AH0	was	3.075	261.96	382.31	1881.76	3021.76	0.32502	261.2395	315.66	1785.81	2655.1
kristen	Z	was	3.12		694.33	2110.66	3246.57	0.54011	252.00099999999998	175.70749999999998	1332.86	1710.9
kristen	AE1	standing	3.3449999999999998	306.48	462.45	1181.59	2150.81	0.01573	301.649	554.031	1890.925	2536.725
kristen	N	standing	3.415	324.6	327.26	1358.83	2515.69	0.35629	324.4495	277.903	1904.88	2605.33
kristen	NG	standing	3.53	297.35	331.03	2550.56	3357.16	0.60919	318.995	248.4605	2203.47	2775.1400000000003
kristen	AO1	before	3.865	161.66	581.08	1001.25	2807.15	0.42017	176.51	714.6115	1043.7649999999999	2702.175
kristen	R	before	3.935		728.07	1453.93	2091.89	0.8908	144.364	726.364	1175.99	2122.41
kristen	HH	him	4.0200000000000005		698.91	1944.2	2358.0	0.699	133.254	584.803	1840.4	2277.18
kristen	IH1	him	4.1	147.89	720.38	2048.19	3003.02	1.0	157.622	318.446	1941.85	2577.25
kristen	M	him	4.22		181.26	1807.87	2665.31	0.30906	144.085	303.236	1763.23	2473.27
kristen	K	fixed	5.015000000000001		959.22	2251.15	2823.1	0.73973	380.4465	63.7773	1194.9	1215.6
kristen	Z	his	5.29		754.18	1958.35	2827.36	0.54353	341.832	183.041	864.825	1676.0
kristen	AY1	eyes	5.48	192.73	359.35	1252.03	2012.35	0.0	171.422	718.2945	1348.0900000000001	2610.79
kristen	Z	eyes	5.675000000000001	154.33	1120.31	1867.16	2816.97	0.69224	162.063	200.099	1084.85	1531.74
kristen	N	on	5.795	152.77	276.84	1490.91	2909.15	0.30781	149.279	277.212	1720.36	2562.27
kristen	M	me	5.85	162.69	302.95	1626.44	2711.78	0.4696	163.3345	229.928	1711.23	2439.37
kristen	IY1	me	5.895	166.85	342.35	954.36	2797.49	0.22222	165.61849999999998	282.742	2016.63	2776.77
kristen	EH1	very	6.225	261.7	767.0	2118.35	2854.8	1.0	256.918	625.3565	1806.8899999999999	2689.2200000000003
kristen	R	very	6.3100000000000005	250.06	603.83	1817.37	2509.51	0.81481	258.098	478.715	1745.66	2602.37
kristen	IY0	very	6.375	193.68	355.54	2448.27	2899.51	0.49702	212.46300000000002	260.901	1851.72	2462.4
kristen	S	steadily	6.475		1002.29	2168.28	2480.35	0.54689	167.099	82.4884	1093.27	1296.31
kristen	D	steadily	6.71		1103.6	2261.97	2789.17	1.0	155.944	363.683	1983.0	2777.08
kristen	IY0	steadily	6.995		327.33	2643.1	3069.63	0.42969	138.4425	236.886	1839.69	2489.55
kristen	Z	his	7.965		711.3	1899.23	2672.18	0.5155	240.097	210.25900000000001	980.81	2027.725
kristen	AY1	eyes	8.11	296.42	912.28	1713.48	3039.04	0.79595	290.696	680.318	1556.0	2732.62
kristen	Z	eyes	8.24		1010.63	2563.0	3352.41	0.74934	291.08799999999997	222.457	1588.31	2110.11
kristen	ER0	were	8.365	241.47	283.08	1877.01	2753.0	0.10526	254.722	230.25	1718.58	2254.4049999999997
kristen	M	small	8.600000000000001	291.85	294.49	1401.9	2551.21	0.40135	186.82405	270.3535	1711.13	2537.285
kristen	AO1	small	8.745000000000001	255.67	805.78	1054.43	3495.99	0.79012	294.1305	649.456	1136.4	2965.7349999999997
kristen	D	and	9.07	183.35	212.77	1232.12	2566.71	0.20235	177.27550000000002	271.83349999999996	1728.48	2417.91
kristen	G	grey	9.135		975.74	1574.41	2988.25	0.97073	177.81	468.833	1683.04	2455.61
kristen	EY1	grey	9.46		450.96	2564.41	2938.58	0.55058	163.084	364.7845	2114.54	2796.2200000000003
kristen	V	very	10.355		681.21	1832.91	2767.48	0.66183	283.985	427.319	1552.02	2300.58
kristen	EH1	very	10.42	167.28	580.2	2027.78	2833.25	0.59769	172.6725	461.61	1874.97	2731.58
kristen	R	very	10.489999999999998	154.21	524.46	1865.58	2435.57	0.70477	156.16649999999998	449.82849999999996	1779.495	2554.855
kristen	IY0	very	10.565	145.6	410.51	2153.57	2524.01	0.64449	146.023	346.0905	1655.92	2256.065
kristen	B	bright	10.649999999999999		448.84	1731.19	2519.8	0.56854	145.534	292.822	1691.04	2458.15
kristen	R	bright	10.739999999999998	144.72	406.43	1315.55	1972.81	0.33327	146.791	348.502	1466.225	2263.11
kristen	AY1	bright	10.85	152.51	874.74	1867.63	2946.63	0.79524	145.272	583.861	1703.23	2534.03
kristen	T	bright	11.04		815.57	2255.57	2814.96	0.78996	166.4135	130.95575	1321.6064999999999	1772.7599999999998
kristen	AY1	i	11.715	311.32	504.01	849.48	2332.64	0.0	326.64250000000004	767.099	1155.71	2959.26
kristen	D	dare	11.825	294.61	440.52	902.95	2668.93	0.39277	286.4205	233.237	1909.23	2582.04
kristen	EH1	dare	11.93	267.42	568.6	908.84	2619.03	0.21595	286.15	551.83	1677.89	2776.41
kristen	R	dare	12.004999999999999	208.05	575.82	2005.64	2569.53	0.83323	227.502	557.56	1938.2800000000002	2576.0
kristen	EY1	say	12.215	179.01	547.33	2405.63	3123.79	0.73516	179.389	410.013	1878.07	2838.33
kristen	AY1	i	12.305	148.73	785.62	2016.47	2741.56	0.70599	152.145	782.3710000000001	1718.52	2686.775
kristen	SH	should	12.41		717.34	2293.11	3104.24	0.20969	150.473	182.9015	1795.6950000000002	2291.9700000000003
kristen	D	should	12.54		311.46	2021.76	3114.24	0.47197	171.2495	312.556	1882.11	2870.42
kristen	NG	think	12.71	190.3	247.88	845.13	2798.07	0.16298	189.952	284.58	1802.68	2770.12
kristen	M	them	12.885	146.11	282.06	1492.11	2587.86	0.40222	146.212	286.2765	1653.6599999999999	2488.8999999999996
kristen	SH	shrewd	13.025		511.97	1916.12	2707.12	0.05979	133.145	124.479	1442.0149999999999	1390.67
kristen	UW1	shrewd	13.27	179.71	349.33	1476.42	2519.78	0.38829	191.129	310.759	1651.07	2560.35
kristen	D	shrewd	13.375	152.32	326.84	1789.37	2804.24	0.44265	159.15449999999998	213.747	1602.8	2235.42
kristen	N	now	13.445	149.36	294.95	1908.83	2752.82	0.42282	146.025	305.1165	1804.69	2677.865
leonard	AO1	waters	1.935	118.57	673.73	1168.89	2581.38	0.62616	118.9575	592.8545	1228.475	2881.295
leonard	T	waters	2.005	122.66	169.2	1452.62	2496.4	0.17967	120.356	623.54	1171.38	2655.035
leonard	ER0	waters	2.0599999999999996	129.05	501.66	1559.78	2450.09	0.59102	128.595	326.91	1511.84	2127.82
leonard	Z	waters	2.13		556.85	1769.98	2935.51	0.42726	127.554	316.486	1610.585	2396.52
leonard	V	of	2.23	113.53	414.81	1392.76	2797.39	0.3813	141.6305	347.29150000000004	1516.435	2828.7200000000003
leonard	L	loch	2.3899999999999997	117.05	393.54	1083.66	2933.31	0.28745	122.956	371.826	1344.82	2675.42
leonard	AA1	loch	2.525	105.15	760.67	1180.68	2694.16	0.6197	105.382	714.614	1167.8600000000001	2924.3199999999997
leonard	K	loch	2.67		645.93	1437.21	2640.07	0.36702	98.269	511.5615	1031.9655	2339.075
leonard	M	impressed	2.8499999999999996	111.44	256.62	1459.57	2256.1	0.35169	128.8465	314.094	1422.7849999999999	2025.915
leonard	P	impressed	2.915		641.94	1658.48	2500.92	0.55074	109.21	351.262	1516.06	2409.11
leonard	EH1	impressed	3.035	116.23	658.91	1536.37	2721.07	0.59973	125.20600000000002	743.038	1502.145	2460.42
leonard	S	impressed	3.125		995.34	1865.57	3043.75	0.49759	115.252	280.988	905.8219999999999	1937.5100000000002
leonard	L	all	3.5		574.33	910.2	2767.63	0.5325	120.381	716.443	1119.85	2858.32
leonard	N	including	3.87	126.36	331.5	1389.69	2492.45	0.36916	138.8985	285.85299999999995	1607.8400000000001	2165.15
leonard	K	including	3.955		1033.64	1286.09	3187.19	0.53955	126.036	463.893	1699.41	2446.65
leonard	IH0	including	4.15		370.43	2274.03	2666.02	0.52866	135.473	213.342	1607.69	2090.955
leonard	NG	including	4.2	144.63	286.15	1719.83	2527.54	0.38428	149.279	142.712	1810.45	2191.17
leonard	DH	the	4.25	142.82	288.93	1642.5	2616.0	0.38002	143.245	234.5195	1613.2350000000001	2299.4449999999997
leonard	AH0	the	4.295	126.42	388.0	1756.33	2669.08	0.44582	142.48399999999998	349.474	1721.83	2617.59
leonard	F	french	4.355		576.18	1911.78	2785.4	0.40702	124.6485	356.338	1625.35	2472.75
leonard	N	french	4.515000000000001	126.26	300.94	1713.65	2893.7	0.39093	117.8135	382.001	1871.94	2767.23
leonard	IY1	queen	4.92	125.81	446.14	2512.93	2895.0	0.70472	123.874	114.5345	1962.88	2407.705
leonard	N	queen	5.115	139.66	235.47	1188.08	2763.52	0.18181	137.00900000000001	267.148	1631.65	2490.13
leonard	F	before	5.405		809.04	2095.97	2464.02	0.56837	102.04945000000001	303.4515	1374.0149999999999	2316.115
leonard	D	heard	5.95	107.17	288.61	1816.14	2785.32	0.40498	113.346	339.424	1755.52	2456.47
leonard	DH	that	6.0		614.07	1833.93	2745.54	0.84115	106.7705	299.264	1779.2849999999999	2586.55
leonard	AE1	that	6.07		760.0	1627.69	2729.73	0.56518	113.40100000000001	808.176	1837.79	2710.99
leonard	M	symphony	6.33	116.24	311.9	1786.34	2568.76	0.52313	132.477	350.9035	1817.65	2788.685
leonard	F	symphony	6.385		738.55	1905.08	2800.47	0.49006	115.86949999999999	305.1935	1754.76	2577.425
leonard	N	symphony	6.484999999999999	117.5	301.71	1803.42	2816.27	0.41092	133.69400000000002	286.1085	2029.165	2656.17
leonard	IY0	symphony	6.5649999999999995	122.23	339.79	2647.68	2986.73	0.47676	123.361	257.678	2230.8	2875.545
leonard	AH0	again	6.65	116.57	360.15	2333.38	2671.27	0.53228	118.94	120.768	2167.26	2396.54
leonard	G	again	6.725		480.72	2318.66	2812.97	0.67022	104.328	36.5721	1648.905	1781.4650000000001
leonard	EH1	again	6.83		682.04	1891.95	2926.55	0.76042	118.17949999999999	449.83400000000006	2041.54	2547.145
leonard	N	again	6.98		292.09	1175.02	2732.25	0.26461	117.077	251.677	1793.59	2575.75
leonard	S	just	7.495		739.08	1948.75	3216.21	0.3958	117.5975	459.088	1454.77	2393.94
leonard	Z	as	7.675	110.65	299.28	1998.48	2847.55	0.34764	122.6925	153.636	1649.91	2057.21
leonard	AH1	young	7.795	112.57	711.08	1432.86	2654.36	0.82899	124.525	301.965	1376.8	2096.42
leonard	NG	young	7.875	106.51	505.64	1557.6	2674.96	0.73416	112.6345	651.592	1466.07	2542.1
leonard	R	arthur	8.030000000000001		649.38	1591.63	2175.12	0.81176	111.144	922.685	1539.46	1760.9299999999998
leonard	W	wanted	8.27	115.67	484.1	855.23	2700.75	0.54727	114.85650000000001	453.603	1261.81	2620.29
leonard	T	wanted	8.46		1241.39	2503.86	3302.29	1.0	121.562	432.325	1578.29	2701.675
lesley	V	over	1.72		1245.99	2562.28	3492.82	1.0	231.322	276.12850000000003	1636.835	2593.3900000000003
lesley	ER0	over	1.795	248.52	474.16	1493.0	2405.65	0.51128	247.399	366.904	1530.75	2636.84
lesley	W	whether	1.855	228.87	359.78	1131.73	2534.5	0.40145	232.4955	314.199	1486.15	2627.52
lesley	EH1	whether	1.915	229.35	441.19	1390.05	2892.27	0.11203	228.357	417.304	1471.88	2640.2
lesley	DH	whether	1.9849999999999999		543.95	2002.15	2554.36	0.79087	225.031	361.4605	1858.73	2653.5699999999997
lesley	ER0	whether	2.05	235.03	425.26	1921.77	2602.67	0.55636	234.972	293.299	1714.72	2430.71
lesley	IH0	to	2.145	236.93	392.15	2011.82	2759.6	0.58376	236.233	314.19050000000004	1606.5349999999999	2491.14
lesley	B	be	2.1950000000000003		360.31	1894.94	2930.64	0.51158	237.3815	265.724	1820.12	2540.96
lesley	IY0	be	2.26	238.36	273.34	2548.15	2979.14	0.39643	238.418	205.29500000000002	1836.975	2430.885
lesley	AH0	a	2.33	229.66	326.16	1829.94	2770.85	0.36797	229.701	253.75	1752.69	2482.85
lesley	M	man	2.42	218.27	227.23	1757.91	2597.69	0.37419	218.8265	310.7985	1750.81	2562.595
lesley	AE1	man	2.5949999999999998	216.46	655.37	1863.27	2740.99	0.48186	216.5515	485.299	1755.34	2722.23
lesley	N	man	2.745	206.27	265.89	1774.02	2860.05	0.35066	205.183	266.7175	1666.83	2480.3199999999997
lesley	AO1	or	2.86	239.83	468.44	955.43	2559.45	0.22771	230.59550000000002	332.7415	1317.2649999999999	2636.33
lesley	W	woman	3.1100000000000003	201.82	323.43	748.12	2561.88	0.25084	202.368	345.642	1399.09	2651.74
lesley	M	woman	3.25	198.25	275.06	1624.19	2816.33	0.42226	198.788	313.348	1631.46	2576.59
lesley	AH0	woman	3.325	196.03	552.99	1747.56	2746.64	0.69548	195.525	410.26	1712.21	2708.29
lesley	DH	there've	4.33		1162.39	2447.75	3156.44	1.0	258.2015	377.91	1932.39	2775.29
lesley	EH1	there've	4.415	234.87	457.41	2115.99	2866.52	0.37729	235.6	356.782	1867.58	2665.96
lesley	R	there've	4.49	234.96	458.62	1876.22	2720.35	0.60367	234.541	312.696	1733.54	2462.53
lesley	IH0	been	4.699999999999999	230.34	305.82	1841.52	2898.1	0.08516	170.906	237.0215	1721.405	2405.0
lesley	R	rumors	4.865	215.98	188.54	1314.97	2425.25	0.0	223.41000000000003	290.3495	1653.785	2465.82
lesley	UW1	rumors	4.984999999999999	233.02	405.21	1433.22	2517.74	0.47805	232.264	278.595	1579.94	2534.31
lesley	M	rumors	5.09	206.86	223.78	1173.43	2236.89	0.22768	208.341	283.6595	1594.2	2496.075
lesley	ER0	rumors	5.215	198.88	412.48	1606.85	2211.13	0.42242	199.873	364.73	1672.19	2456.51
lesley	Z	rumors	5.4		1057.32	2066.17	2778.37	0.69453	197.0575	191.885	1073.12	1611.3
lesley	AO1	all	5.64		333.85	1230.17	2980.95	0.11855	183.6835	610.519	1084.16	2846.76
lesley	L	all	5.734999999999999	240.08	505.73	847.55	2939.92	0.40421	239.9975	500.38	1037.77	2700.09
lesley	M	manner	5.82	240.28	250.46	1768.93	2757.08	0.41582	240.012	327.016	1744.65	2702.15
lesley	AE1	manner	5.89	234.32	635.02	1896.55	2784.38	0.46213	236.2695	402.062	1694.145	2726.635
lesley	N	manner	5.955	229.87	247.48	1913.24	2739.28	0.35204	237.525	306.131	1819.1	2557.32
lesley	ER0	manner	6.015000000000001	241.2	552.07	1784.98	2262.08	0.77227	240.9335	435.9205	1767.135	2478.125
lesley	V	of	6.109999999999999	230.63	268.45	1454.97	2863.97	0.29191	226.498	518.46	1655.17	2726.87
lesley	L	allegations	6.244999999999999	220.57	503.38	1231.03	3079.0	0.50578	220.912	352.3375	1634.2150000000001	2667.37
lesley	AH0	allegations	6.305	225.89	546.01	1816.38	3059.92	0.70021	224.479	273.855	1715.5749999999998	2418.5
lesley	G	allegations	6.385		1023.46	2532.75	2878.07	1.0	221.192	165.587	1929.02	2396.17
lesley	EY1	allegations	6.494999999999999	214.28	389.95	2391.63	2978.25	0.37194	214.4935	223.436	1901.38	2516.95
lesley	AH0	allegations	6.73	204.24	563.85	1739.8	3100.97	0.71031	201.676	373.29150000000004	1722.675	2857.8500000000004
lesley	OW1	bold	7.56	258.25	499.37	853.03	3179.46	0.34542	258.62	394.836	1198.6599999999999	2608.76
lesley	L	bold	7.64	261.47	475.64	774.49	3269.48	0.33542	262.2735	346.788	1439.685	2630.5699999999997
lesley	D	bold	7.715	245.24	420.45	2085.84	3445.07	0.60756	250.66949999999997	373.176	1474.88	2039.79
lesley	L	claims	7.949999999999999	233.32	326.47	1656.21	3086.7	0.33618	229.054	440.9845	1839.16	2947.885
lesley	EY1	claims	8.055	216.09	594.69	2290.01	2996.68	0.81735	215.131	284.896	1924.71	2576.14
lesley	M	claims	8.175	212.98	229.27	1715.85	2736.77	0.36749	209.8785	264.69550000000004	1687.155	2438.46
lesley	Z	claims	8.24	192.57	231.99	1945.23	2972.23	0.30966	187.635	181.547	1304.48	1993.01
lesley	AH0	and	8.29	215.25	327.05	1782.73	3031.5	0.35877	209.54899999999998	263.188	1722.16	2559.39
lesley	P	public	8.440000000000001		813.52	1344.6	2918.5	0.60625	188.0205	625.0464999999999	1285.38	2876.17
lesley	AH1	public	8.525	240.38	653.13	1256.21	3061.16	0.64453	239.535	403.375	1213.37	2846.19
lesley	B	public	8.58	208.92	224.85	1186.84	2843.67	0.20815	215.607	268.054	1718.58	2555.74
lesley	L	public	8.625	228.9	322.94	1238.88	2595.75	0.21579	233.8735	314.389	1623.255	2641.0
lesley	IH0	public	8.675	231.33	377.98	1411.16	2973.45	0.35976	233.145	305.988	1476.88	2377.7
lesley	K	public	8.755		510.2	1442.02	3056.09	0.29464	230.29149999999998	466.842	907.883	2454.735
lesley	L	lies	8.855	231.81	433.81	904.69	3063.49	0.30347	226.103	572.2945	1165.145	2751.71
lesley	AY1	lies	9.05	194.12	549.17	1755.38	2934.81	0.20468	195.235	462.64549999999997	1760.5700000000002	2835.5200000000004
lesley	Z	lies	9.285		701.94	1963.81	2709.4	0.52116	204.87	198.03	1239.85	1742.5
lesley	IY1	he's	9.985	263.88	297.43	2551.82	2990.66	0.44103	266.335	221.23	1833.67	2431.94
lesley	Z	he's	10.085	238.35	255.25	2060.72	3090.32	0.33756	228.761	175.8155	932.1455000000001	1564.725
lesley	AH0	belligerent	10.195	264.02	418.88	1238.45	3007.33	0.37721	264.49	323.476	1673.9499999999998	2695.54
lesley	L	belligerent	10.255	220.89	309.23	1092.13	3143.34	0.15326	225.76	256.951	1581.58	2494.98
lesley	IH1	belligerent	10.34	219.54	458.57	1742.91	3094.45	0.43828	219.1945	297.66700000000003	1690.58	2617.65
lesley	ER0	belligerent	10.525	204.5	338.65	1762.24	2217.35	0.32257	204.936	376.48	1799.39	2402.65
lesley	AH0	belligerent	10.595	195.79	554.22	1868.47	2878.21	0.72437	194.196	355.717	1818.57	2724.97
lesley	IY1	she's	11.27	251.64	281.17	2519.91	3017.42	0.4054	250.078	220.47050000000002	2129.4049999999997	2684.6400000000003
lesley	IH0	in	11.440000000000001	235.15	514.22	1894.58	3038.92	0.72835	230.792	262.9235	1726.185	2433.73
lesley	N	in	11.485	220.69	239.25	1832.09	2927.62	0.32258	225.881	246.8705	1715.16	2391.23
lesley	AH0	a	11.555	217.14	502.9	1616.97	2760.19	0.58992	207.46300000000002	351.848	1684.25	2693.69
lesley	AH1	funk	11.775	204.72	617.35	1502.7	3076.81	0.67893	194.313	463.478	1405.1	2740.5
lesley	NG	funk	11.885	204.32	218.45	736.58	2845.88	0.09293	192.279	280.826	1588.03	2475.57
lesley	W	when	12.435		353.74	2170.93	3323.48	0.63281	228.934	298.00350000000003	1671.87	2604.49
lesley	IH1	when	12.495000000000001	225.7	429.83	1775.9	2772.56	0.21256	220.67149999999998	241.88299999999998	1746.335	2471.865
lesley	HH	he	12.62		659.26	2646.51	3357.53	0.86198	232.58100000000002	224.45350000000002	1872.395	2627.4049999999997
lesley	IY1	he	12.77	251.64	272.29	740.79	2749.32	0.05434	254.2505	219.837	1769.86	2598.57
lesley	EY1	fades	13.004999999999999	228.49	430.65	2319.45	2603.55	0.44872	227.498	279.4275	1759.995	2411.4399999999996
lesley	D	fades	13.11	188.0	260.91	2298.07	2850.23	0.4705	187.334	120.303	1403.33	1883.07
lesley	AH0	the	13.280000000000001	227.03	438.47	1680.02	2772.36	0.50575	219.095	266.004	1608.6	2452.67
lesley	W	world	13.345	193.49	206.18	872.77	2540.68	0.08166	197.72	326.75149999999996	1357.755	2593.3149999999996
lesley	ER1	world	13.41	214.91	514.39	1007.47	2597.66	0.30928	214.0645	503.202	1224.65	2795.42
lesley	L	world	13.48	213.25	558.9	866.25	3003.2	0.49543	213.108	331.153	1650.525	2725.9449999999997
lesley	D	world	13.55	179.8	241.31	1489.2	2703.24	0.28609	184.968	142.473	369.165	1717.7
lesley	IY1	teeters	13.754999999999999	230.28	312.4	2502.22	2990.77	0.45898	227.35	137.728	1712.81	2272.32
lesley	T	teeters	13.82	186.4	224.77	2173.53	2777.27	0.37517	197.132	192.936	2124.78	2466.49
lesley	ER0	teeters	13.95	198.59	503.82	1719.5	2249.54	0.65	201.9565	352.675	1759.31	2449.81
lesley	W	when	14.61		960.71	1959.35	3047.85	1.0	244.918	239.3975	1599.995	2490.505
lesley	EH1	when	14.695	229.43	379.73	1762.21	2956.36	0.10674	228.212	252.50150000000002	1721.8	2418.68
lesley	N	when	14.73	228.45	235.73	1422.94	2747.17	0.23146	222.606	357.86	1904.63	3024.78
lesley	IY1	she	14.91	240.52	265.53	2556.27	2719.23	0.38373	236.761	246.461	1701.38	2337.4
lesley	R	crime	16.045	215.52	304.88	1450.27	2653.04	0.21689	219.14800000000002	555.958	1338.86	2771.66
lesley	AY1	crime	16.125	200.87	475.27	1704.66	2783.46	0.06044	197.1485	410.03	1732.7849999999999	2723.21
lesley	M	crime	16.22	202.9	244.18	1642.96	2569.03	0.37495	199.955	324.59950000000003	1635.915	2554.27
lesley	B	blossoms	16.295		292.06	1933.43	2572.67	0.44787	188.3745	275.266	1632.17	2510.37
lesley	L	blossoms	16.35	200.83	484.81	970.03	3074.76	0.40399	201.89	596.445	1082.58	2856.4
lesley	AA1	blossoms	16.425	217.73	624.24	1086.94	2833.17	0.33686	180.122	653.05	1105.955	2842.58
lesley	S	blossoms	16.555		1007.85	1973.87	2784.89	0.5197	191.014	231.726	1471.95	2298.92
lesley	AH0	blossoms	16.665	209.49	621.46	1597.92	3298.67	0.76647	202.6755	373.1155	1656.18	2777.855
lesley	M	blossoms	16.785	197.58	239.64	1876.7	3032.67	0.42361	199.623	284.899	1655.49	2541.48
lesley	OW1	o	17.67	227.92	607.7	1008.69	3137.59	0.65037	234.99	488.588	1240.0	3113.25
lesley	HH	how	17.895		969.7	1782.84	2660.17	0.87017	212.9985	645.794	1367.14	2433.15
lesley	DH	the	18.055		728.44	1719.78	3033.94	0.96076	389.213	223.726	1831.475	2351.615
lesley	IY0	the	18.134999999999998	237.69	394.1	2399.63	2793.07	0.59886	234.766	218.503	1713.45	2474.0
lesley	P	operatic	18.380000000000003		1369.85	2491.1	3282.68	1.0	217.151	350.0355	1609.96	2480.94
lesley	ER0	operatic	18.48	221.81	547.04	1504.78	2353.35	0.66622	219.07	615.5609999999999	1310.3899999999999	2534.685
lesley	AE1	operatic	18.549999999999997	213.78	733.53	1283.81	2799.64	0.43114	213.619	673.704	1610.91	2805.91
lesley	T	operatic	18.604999999999997	199.5	612.08	1799.13	3201.34	0.55314	210.8765	381.1945	1988.525	2862.55
lesley	IH0	operatic	18.66	213.99	498.24	2264.96	2986.13	0.77601	213.533	241.3925	1771.3649999999998	2323.665
lesley	K	operatic	18.740000000000002		545.13	2063.97	2795.43	0.46859	226.0635	105.796	1533.13	2309.83
lesley	IH0	impulse	18.835	220.96	537.01	2181.79	2824.41	0.74227	163.798	287.373	1733.51	2590.78
lesley	M	impulse	18.915	206.75	244.05	1628.15	2730.28	0.37117	204.08350000000002	299.3565	1577.48	2323.065
lesley	P	impulse	19.009999999999998		1126.35	2843.38	3439.25	1.0	117.216	446.823	1438.95	2870.94
lesley	AH1	impulse	19.1	214.16	518.91	863.2	2331.63	0.44592	216.548	717.734	1059.31	2815.8
lesley	L	impulse	19.174999999999997	200.26	425.97	835.77	2712.3	0.27184	201.596	352.176	1260.1	2683.67
lesley	IH1	dip	20.915	229.93	454.54	2211.48	3017.53	0.54571	222.738	337.138	1748.18	2343.44
lesley	P	dip	20.97		462.01	1924.89	2926.67	0.48018	115.5748	254.86649999999997	1272.2775000000001	2272.27
lesley	IY1	deep	21.52	227.19	284.98	2738.78	3111.7	0.45353	229.931	212.4435	2087.805	2596.575
lesley	P	deep	21.68		172.78	1768.11	2835.92	0.2516	176.8375	200.168	1129.95	2255.96
lesley	M	my	21.89		221.91	1479.52	2664.71	0.29823	197.165	379.088	1597.54	2677.84
lesley	AY1	my	21.98	204.73	639.2	2016.91	2834.92	0.46091	203.428	357.3335	1906.88	2768.7
lesley	D	darling	22.075000000000003		989.94	2267.74	3186.79	1.0	202.874	391.289	1691.56	2580.97
lesley	AA1	darling	22.175	200.58	618.99	1549.07	2474.26	0.56331	200.6605	558.556	1574.77	2590.995
lesley	R	darling	22.25	194.31	570.3	1534.55	2967.82	0.66697	195.1635	243.114	1478.04	2537.71
lesley	L	darling	22.295	190.41	399.44	1443.27	3014.4	0.39581	191.122	252.041	1731.03	2562.22
lesley	IH0	darling	22.36	196.85	528.43	2297.69	2982.49	0.84185	195.488	271.0455	2139.6499999999996	2796.37
lesley	NG	darling	22.54	201.33	221.88	1057.47	2726.24	0.15582	203.578	292.675	1659.21	2502.67
lesley	IH0	into	22.765	249.85	414.51	2101.16	3015.44	0.41905	219.98	262.09799999999996	1810.13	2520.6549999999997
lesley	N	into	22.845	204.48	215.02	713.09	2418.27	0.05131	200.214	294.846	1842.79	2626.22
lesley	AH1	the	23.05	214.62	508.52	1468.14	2911.84	0.56524	196.439	265.985	1486.77	2289.34
lesley	B	blank	23.130000000000003		225.38	1493.87	2813.87	0.27798	128.0926	356.984	1596.2	2449.68
lesley	L	blank	23.215	196.39	546.02	1141.9	2956.85	0.55033	195.628	564.229	1122.33	2863.63
lesley	AE1	blank	23.275	189.8	722.83	1751.53	2980.82	0.54683	189.70299999999997	337.37	1879.22	2718.51
lesley	NG	blank	23.354999999999997	190.9	253.22	1694.23	2503.19	0.32293	189.262	220.241	1574.1	2280.48
lesley	P	pool	23.585		1187.3	2308.6	3269.24	1.0	160.5585	459.66549999999995	1518.245	2462.51
lesley	UW1	pool	23.77	196.23	427.31	821.17	2988.12	0.38098	198.64600000000002	437.477	1211.95	2926.78
lesley	L	pool	23.97		308.7	973.28	3060.17	0.11974	205.14350000000002	326.07399999999996	1585.295	2629.675
lucy	AH0	a	1.835	258.49	673.06	1760.28	2895.34	0.88143	258.918	555.235	1736.72	2829.67
lucy	B	body	1.935		496.24	1957.46	3234.39	0.66987	240.353	619.6555000000001	1319.955	2533.71
lucy	AA1	body	2.065	227.76	1240.94	1259.36	2961.44	1.0	228.14	656.2405	1287.5900000000001	2922.195
lucy	IY0	body	2.355	237.24	311.3	2669.37	3034.59	0.37526	237.2	221.314	2017.49	2708.38
lucy	AY1	i	2.835	237.13	999.82	1575.51	3021.06	0.88693	244.006	818.586	1393.85	2902.65
lucy	AE1	am	2.985	253.08	773.4	2152.11	3076.67	0.73114	252.009	709.5125	1984.375	3024.2749999999996
lucy	M	am	3.08	245.68	249.77	1653.56	2755.68	0.38688	246.066	329.983	1690.05	2670.55
lucy	AH0	afraid	3.15	257.31	331.24	1515.86	2509.75	0.30553	258.883	319.153	1668.005	2563.14
lucy	EY1	afraid	3.465	257.59	463.0	2606.91	2951.7	0.58775	257.477	247.7475	2153.46	2740.05
lucy	D	afraid	3.57		259.5	2179.96	2935.27	0.44521	173.7465	308.7825	1757.72	2457.285
lucy	OW1	own	3.735	256.17	641.89	1505.49	2939.67	0.8638	237.069	514.077	1570.74	2862.69
lucy	N	own	3.86	233.41	238.31	897.22	2331.41	0.1251	235.887	231.589	1745.065	2513.63
lucy	AH0	a	3.94	244.68	266.03	1923.03	2431.11	0.29706	244.3245	288.312	1886.835	2562.34
lucy	OW1	soul	4.255000000000001	234.36	577.38	1147.88	3263.76	0.61287	233.622	440.322	1173.33	2913.09
lucy	R	profound	5.165		689.38	1784.48	2485.11	0.93981	297.87149999999997	528.9785	1626.7199999999998	2708.12
lucy	OW0	profound	5.26	299.38	572.15	1294.01	3012.34	0.61557	297.303	501.0375	1363.19	2816.145
lucy	N	profound	5.82	259.51	262.03	835.64	1972.59	0.14802	259.922	281.786	1777.775	2601.695
lucy	D	profound	5.93		770.26	1971.49	2995.98	0.97854	254.81050000000002	404.788	2236.18	2889.75
lucy	IY0	precarious	6.130000000000001	280.3	307.21	2250.87	2500.07	0.28011	282.01800000000003	248.484	1706.15	2159.19
lucy	EH1	precarious	6.35	245.57	744.75	2129.19	2558.04	0.96335	246.7575	629.1065	1930.205	2385.17
lucy	R	precarious	6.425	241.68	643.45	1920.98	2221.73	0.91243	241.662	514.0705	1746.87	2213.315
lucy	IY0	precarious	6.5	240.08	348.31	2446.1	2778.32	0.46982	241.643	113.251	1717.76	2109.2749999999996
lucy	AH0	precarious	6.585	245.92	316.05	1134.31	2527.09	0.19713	244.475	302.839	1721.91	2545.47
lucy	R	property	6.92	251.56	284.98	1124.51	2861.78	0.07635	249.946	697.0474999999999	1048.49	3008.745
lucy	AA1	property	6.99	232.37	406.96	1010.82	2811.73	0.0	232.331	567.7825	1356.1750000000002	2897.6
lucy	ER0	property	7.14	224.35	422.69	1845.04	2263.62	0.52484	224.822	351.42150000000004	1745.47	2422.64
lucy	T	property	7.21		1020.42	2558.41	3420.3	0.994	221.665	252.748	2079.35	2836.25
lucy	IY0	property	7.38	222.2	327.96	2587.37	2931.75	0.42135	220.814	164.473	1863.39	2412.64
lucy	AH0	possession	8.035	251.73	565.87	1759.46	3068.18	0.71778	251.037	351.9135	1836.27	2761.085
lucy	Z	possession	8.115	236.5	247.6	2025.02	2987.77	0.32873	233.82799999999997	324.723	1953.845	2526.43
lucy	EH1	possession	8.21	254.4	840.17	1742.38	3060.38	1.0	255.10199999999998	744.763	1892.975	2918.6099999999997
lucy	AH0	possession	8.425	221.33	673.99	1833.55	3117.48	0.89923	220.1345	440.137	2012.77	2932.4
lucy	AA1	not	8.934999999999999	221.86	900.93	1170.1	2966.39	0.856	222.32850000000002	686.388	1167.2	2944.23
lucy	T	not	9.030000000000001	234.0	366.42	1079.46	2950.39	0.23024	237.45600000000002	586.276	1268.82	2927.94
lucy	AA1	optional	9.120000000000001	207.58	641.25	1087.13	2795.42	0.36627	209.364	738.043	1139.32	2903.3
lucy	AH0	optional	9.399999999999999		619.81	1770.6	3035.98	0.80254	164.51049999999998	404.36	2162.04	3040.83
lucy	N	optional	9.45		245.54	1824.62	2428.01	0.33053	215.086	239.424	1707.39	2443.68
lucy	AH0	optional	9.504999999999999		533.35	1054.49	2977.65	0.51067	109.246	519.8835	1475.7199999999998	2968.625
lucy	AH1	double	10.77	273.78	790.26	1575.09	3335.45	1.0	274.405	692.506	1235.35	2959.03
lucy	B	double	10.825		646.73	1834.97	2471.23	0.80185	419.48299999999995	477.93950000000007	1713.15	2360.7250000000004
lucy	AH0	double	10.875	306.76	348.46	1027.21	2212.1	0.22261	300.11350000000004	557.956	1234.2	3030.75
lucy	EY1	estate	11.399999999999999	230.88	385.67	2532.01	2976.82	0.3939	235.072	221.174	2213.26	2692.66
lucy	T	estate	11.6		493.67	2043.27	3110.75	0.52719	247.579	349.489	1573.3400000000001	2475.645
lucy	IH0	entailed	11.75		711.61	2086.04	3157.81	1.0	174.204	293.47249999999997	1944.5	2617.27
lucy	N	entailed	11.84	237.35	241.81	784.35	2104.82	0.10672	231.573	240.7695	1697.15	2502.92
lucy	T	entailed	11.97		697.59	2326.4	3128.85	0.72627	241.23	313.7185	1521.1599999999999	2245.87
lucy	EY1	entailed	12.075	242.15	775.93	1451.59	3019.51	1.0	246.91649999999998	605.3965000000001	1383.47	2854.5200000000004
lucy	L	entailed	12.145	242.83	691.02	1179.11	3021.21	0.79532	241.827	658.5955	1243.98	2857.3450000000003
lucy	D	entailed	12.225	229.44	635.71	1943.04	3250.47	0.82132	223.906	290.4715	1491.405	2424.755
lucy	AE1	at	12.27	254.09	594.84	1407.4	3328.1	0.26785	257.673	477.149	1336.4299999999998	2888.255
lucy	T	at	12.32		475.5	1951.21	2859.05	0.49478	237.306	355.10699999999997	1506.205	2582.2250000000004
lucy	P	pleasure	12.41		885.63	1889.81	3136.03	0.76287	404.55949999999996	228.82	1486.4	2396.15
lucy	L	pleasure	12.49	229.87	604.59	1657.42	3222.53	0.78682	385.5895	632.6705	1841.115	3127.5950000000003
lucy	EH1	pleasure	12.545	223.07	678.86	1893.62	3131.14	0.7545	222.574	575.2785	1801.67	3214.48
lucy	ER0	pleasure	12.8	202.9	588.25	1679.23	2106.31	0.81109	214.192	400.074	1653.76	2310.6549999999997
lucy	AH0	upon	13.379999999999999	271.5	584.01	1474.42	3308.25	0.68177	257.467	634.0419999999999	1369.6950000000002	3005.445
lucy	AA1	upon	13.594999999999999	249.0	787.86	1413.62	2967.96	0.78527	252.984	582.665	1234.19	2976.55
lucy	N	upon	13.645	242.79	256.57	1564.6	3127.19	0.29265	244.295	293.801	1827.35	3009.25
lucy	AH0	an	13.7	230.62	580.75	1900.13	3197.14	0.3857	231.923	384.453	1893.54	3127.5150000000003
lucy	AH0	unsuspecting	14.170000000000002	302.59	322.27	1062.91	1916.65	0.19065	302.259	270.376	1744.655	2671.05
lucy	EH1	unsuspecting	14.399999999999999	251.14	739.68	2047.33	2931.28	0.92688	251.483	631.1659999999999	1919.0	2831.37
lucy	K	unsuspecting	14.48		387.47	2660.37	3123.87	0.53176	236.357	343.1855	1812.865	2357.54
lucy	IH0	unsuspecting	14.595	247.04	271.96	764.61	2730.05	0.0154	247.51	286.79999999999995	2352.0150000000003	2952.19
lucy	EH1	heir	14.925	216.3	731.39	2218.92	2821.1	0.96502	203.902	605.8565	1725.655	2412.4
lucy	R	heir	15.16	213.72	614.56	1666.36	2201.59	0.78139	201.757	473.616	1685.525	2375.44
lucy	UW1	duke	16.134999999999998	295.45	311.83	1540.75	2838.6	0.33592	286.407	295.32	1720.68	2461.95
lucy	IH1	in	16.560000000000002		358.51	2308.64	3067.06	0.51277	260.5	499.547	2224.8199999999997	3247.205
lucy	N	in	16.65	255.72	260.23	1071.56	2138.47	0.19478	256.906	301.082	1850.82	2712.58
lucy	AH0	a	16.715	261.37	569.49	1844.16	3172.29	0.74223	262.4215	352.927	1743.54	2819.69
lucy	M	moment	16.78	239.54	243.43	1215.25	2629.54	0.27073	238.905	346.6455	1657.87	2623.615
lucy	M	moment	16.92	225.12	229.22	1136.59	2350.96	0.22795	225.222	262.06100000000004	1631.7600000000002	2473.125
lucy	AH0	moment	17.005000000000003	222.43	664.55	2045.41	3051.69	0.93217	224.231	429.374	1965.35	2853.82
lucy	N	moment	17.09	218.55	235.97	1007.88	1882.17	0.14478	218.918	237.098	1729.88	2453.54
lucy	T	moment	17.16		292.42	1740.55	2280.87	0.32561	257.22	299.7525	1590.25	2359.0249999999996
lucy	AH1	of	17.33	225.33	684.34	1530.88	3238.67	0.81875	233.276	538.994	1543.98	2941.62
lucy	V	of	17.43		1123.66	2177.84	3195.45	1.0	560.713	259.957	1337.25	2387.325
lucy	AE1	and	18.835		730.79	2140.42	3003.7	1.0	243.618	652.6	2053.61	3066.95
lucy	N	and	18.935	232.67	240.74	1154.61	2584.16	0.18275	235.3255	288.209	1745.43	2547.34
lucy	AA1	god	19.36	211.25	873.05	1404.81	3091.72	0.92755	217.005	736.956	1150.47	3006.0150000000003
lucy	D	god	19.564999999999998		491.43	2445.01	2985.57	0.75958	205.341	334.834	1482.0349999999999	2602.79
lucy	ER0	for	19.985	233.09	659.88	1720.16	2210.55	0.87141	231.5855	521.3945	1694.96	2255.495
lucy	AH0	a	20.060000000000002	223.85	615.82	1699.33	2339.87	0.78052	226.272	415.629	1800.17	2631.635
lucy	AH0	frontier	20.255000000000003	226.33	576.89	1991.14	3232.38	0.78635	226.007	355.127	1903.13	2843.1
lucy	IH1	frontier	20.564999999999998	242.25	481.59	2241.36	2611.37	0.6201	242.088	233.883	1610.66	1995.87
lucy	R	frontier	20.744999999999997	228.44	597.39	1756.1	2151.37	0.78409	219.414	409.638	1683.77	2140.35
luna	AE1	ask	2.755	243.21	898.6	1674.18	2824.52	0.77597	169.1105	484.637	1629.44	2723.9849999999997
luna	AH0	to	3.08	268.15	449.7	1449.99	2164.9	0.56092	280.43399999999997	347.71299999999997	1984.945	2723.44
luna	B	bring	3.12	234.44	260.13	1571.92	2559.85	0.33245	174.745	333.4155	1729.585	2499.3450000000003
luna	IH1	bring	3.19	239.32	650.84	2154.82	2605.43	1.0	252.22199999999998	380.51750000000004	1910.3899999999999	2380.91
luna	NG	bring	3.25	224.37	249.79	1002.26	2295.59	0.19417	229.31799999999998	253.0125	1764.51	2474.76
luna	DH	these	3.3200000000000003		578.26	1809.64	2529.79	0.78961	208.64100000000002	308.014	1724.03	1978.65
luna	IY1	these	3.39	228.41	399.17	2539.8	2988.66	0.62418	227.7945	229.0105	2073.575	2648.535
luna	Z	these	3.46		806.42	2063.43	2502.41	0.5827	211.9135	133.669	1268.73	1470.04
luna	Z	things	3.815		778.71	1882.82	2763.43	0.54294	190.387	148.613	467.0475	1058.9
luna	IH1	with	3.94	205.67	490.36	1778.77	2529.94	0.52591	211.5095	412.6575	1698.505	2399.32
luna	HH	her	4.02	189.59	248.51	1750.31	2561.42	0.28621	180.376	257.537	1624.18	2098.43
luna	ER0	from	4.244999999999999	198.36	445.32	1614.49	2484.25	0.49503	365.539	394.56	1520.18	2338.37
luna	M	from	4.295	197.62	253.51	1703.56	2735.83	0.06719	197.646	353.1805	1663.365	2646.55
luna	DH	the	4.34	186.61	230.09	1015.24	2417.38	0.15752	188.727	322.836	1641.96	2606.33
luna	AH0	the	4.395	191.53	237.83	1698.77	2276.44	0.20395	198.227	304.885	1820.455	2581.49
luna	AO1	store	4.64	192.01	577.02	1284.46	2623.59	0.5177	195.525	524.847	1072.599	2588.88
luna	R	store	4.8100000000000005		478.26	1700.92	2089.93	0.57629	98.77405	567.473	1591.35	1958.54
luna	IH1	six	5.38	311.63	524.65	1953.43	2680.25	0.65446	321.07550000000003	340.597	1902.12	2665.3
luna	K	six	5.4399999999999995		630.85	1729.18	2577.04	0.43162	282.0635	393.09	1075.48	1940.08
luna	UW1	spoons	5.67	227.23	556.26	1548.61	2986.01	0.77246	228.06	455.898	1741.675	2790.34
luna	N	spoons	5.765000000000001	216.34	278.73	1698.68	2741.3	0.35425	217.2895	266.807	1657.6	2487.12
luna	Z	spoons	5.825		876.65	2029.95	2758.72	0.6088	207.2245	274.231	832.116	1587.98
luna	EH1	fresh	6.0649999999999995	230.99	706.75	2055.98	2589.7	0.86295	237.901	559.295	1844.0	2489.04
luna	N	snow	6.31	212.0	260.29	1808.78	2989.96	0.34948	221.436	351.9365	1726.42	2530.9300000000003
luna	OW1	snow	6.395	202.05	565.2	1636.13	2815.37	0.71096	202.827	406.221	1728.125	2713.99
luna	P	peas	6.51		767.28	1949.44	2749.02	0.69371	187.3605	320.445	1546.21	2341.425
luna	IY1	peas	6.68	175.02	298.69	2551.34	2897.44	0.44324	175.824	125.838	1949.66	2354.17
luna	Z	peas	6.880000000000001		1205.61	1921.09	2712.11	0.73831	169.2365	140.156	1241.84	1575.37
luna	AY1	five	7.285	262.33	847.38	1037.49	2790.24	0.41466	259.153	811.317	1602.36	2900.52
luna	V	five	7.365	263.0	462.35	1528.78	2468.84	0.44361	275.768	486.634	1650.03	2459.49
luna	IH1	thick	7.484999999999999	280.82	530.6	2242.53	2960.96	0.74162	310.341	334.199	1816.02	2805.28
luna	K	thick	7.54		664.71	1698.15	2402.82	0.44224	279.747	250.693	1636.55	2187.83
luna	V	of	7.970000000000001		204.67	2224.53	3111.83	0.41106	199.9615	344.591	1688.03	2519.995
luna	L	blue	8.075	202.1	330.95	1490.12	3030.15	0.29779	205.91250000000002	400.514	1768.46	2815.48
luna	UW1	blue	8.14	195.29	351.61	1936.03	2807.44	0.49477	198.753	339.597	1804.86	2742.85
luna	IY1	cheese	8.415	186.06	339.3	2488.92	2952.85	0.50549	185.1475	197.9235	2047.1999999999998	2444.225
luna	M	maybe	8.815	190.23	346.48	1879.02	2512.85	0.60346	185.775	292.64300000000003	1684.09	2444.295
luna	EY1	maybe	8.875	200.41	551.43	2508.99	2845.78	0.76791	192.79	228.63549999999998	1854.64	2286.96
luna	B	maybe	8.940000000000001		359.75	1481.98	2620.65	0.41783	204.685	422.077	1812.68	2216.11
luna	IY0	maybe	9.0	229.55	366.34	2573.64	2975.01	0.56103	234.226	216.721	2235.73	2789.27
luna	AH0	a	9.065	226.89	354.56	1785.6	2830.66	0.40136	231.3905	273.791	1687.88	2547.85
luna	AE1	snack	9.325	183.11	807.27	1784.26	2645.35	0.67647	183.5005	610.474	1869.31	2525.28
luna	K	snack	9.425		589.97	1771.41	2636.35	0.41998	181.3	548.591	1661.07	2544.97
luna	B	brother	9.74	148.16	194.76	1627.73	2285.0	0.2757	159.649	371.181	1646.42	2550.19
luna	AH1	brother	9.84	182.46	634.2	1217.01	2728.88	0.592	182.169	625.089	1235.91	2683.15
luna	DH	brother	9.905	168.35	522.83	1531.55	2764.16	0.6534	163.543	321.992	1527.97	2592.91
luna	ER0	brother	9.965	185.11	480.12	1690.53	2239.0	0.59104	185.255	472.778	1594.49	2428.44
luna	B	bob	10.035		556.26	1610.11	2663.35	0.65517	162.723	369.5135	1606.895	2547.45
luna	AA1	bob	10.18		702.93	1161.03	2840.88	0.5102	126.6165	769.5554999999999	1259.575	2797.38
luna	B	bob	10.370000000000001		1008.28	1806.81	2951.27	1.0	163.432	429.5925	1535.69	2594.49
luna	IY1	we	10.969999999999999	183.41	331.21	2223.01	2691.92	0.44069	184.797	238.30399999999997	1635.855	2193.5600000000004
luna	L	also	11.07	213.98	534.1	1081.42	2754.22	0.5144	212.859	597.201	1281.3	2720.85
luna	N	need	11.25	255.1	275.23	1107.05	2060.85	0.22489	272.5615	293.5695	1733.245	2488.63
luna	IY1	need	11.3	237.04	311.99	2688.1	3056.82	0.49322	246.455	197.625	2182.85	2678.35
luna	D	need	11.36		761.41	2049.88	2926.7	0.98431	230.1245	337.264	1853.38	2399.65
luna	AH0	a	11.42	199.81	291.06	1745.04	2978.31	0.29546	218.73700000000002	270.451	1859.37	2677.96
luna	AO1	small	11.649999999999999	198.08	604.54	1028.03	2743.68	0.46659	198.61	577.475	1017.72	2737.19
luna	P	plastic	11.765		923.94	2304.24	2963.15	0.87064	126.81015	469.699	1598.24	2660.6
luna	L	plastic	11.83	254.96	472.71	1011.41	2272.85	0.39577	555.035	601.471	1381.38	2945.955
luna	S	plastic	11.955		745.11	1901.63	2465.34	0.3913	220.3845	196.7415	905.8535	1466.0980000000002
luna	IH0	plastic	12.07	285.17	515.41	2070.1	2862.71	0.76802	282.526	428.892	1707.65	2744.45
luna	K	plastic	12.125		601.94	1533.21	2667.03	0.3671	255.56149999999997	229.38	1514.66	2191.98
luna	EY1	snake	12.36	205.52	601.84	2459.66	3042.51	0.87208	206.74200000000002	337.688	2131.19	2865.5699999999997
luna	K	snake	12.49		452.04	2460.04	2563.44	0.51684	204.175	118.117	1548.9	1675.42
luna	AH0	a	12.795	178.32	544.61	1830.39	2863.93	0.7012	182.371	388.1785	1804.105	2806.0200000000004
luna	B	big	12.855	165.67	229.9	1808.17	2770.66	0.35368	164.6	291.03200000000004	1770.6799999999998	2525.05
luna	IH1	big	12.935	210.9	440.08	2121.67	2869.52	0.48743	209.0385	246.88850000000002	1750.085	2441.395
luna	G	big	13.02		583.98	2056.67	2437.6	0.71144	174.82350000000002	268.75649999999996	1214.94	1837.635
luna	OY1	toy	13.235	205.4	621.1	1270.69	2657.28	0.7203	205.328	571.534	1418.24	2620.1549999999997
luna	AA1	frog	13.530000000000001	166.99	620.01	1167.03	2703.94	0.37038	170.49	619.942	1232.525	2693.62
luna	G	frog	13.645		443.22	1390.62	2490.6	0.44953	167.5695	475.133	1337.41	2537.83
luna	DH	the	13.835	169.07	216.99	1900.71	2789.84	0.34853	170.47	262.892	1819.365	2451.7349999999997
luna	K	kids	13.955		544.53	2064.67	2892.23	0.46843	112.07209999999999	292.987	1679.67	2168.91
luna	IH1	kids	14.065		536.9	2033.75	2778.28	0.70489	160.4735	320.466	1952.27	2622.69
luna	IY1	she	14.895	197.02	324.35	2460.55	3141.63	0.4729	200.365	260.64	2310.99	2997.7299999999996
luna	K	can	14.940000000000001		834.36	2466.27	3136.7	0.72566	170.9105	278.87350000000004	1779.3899999999999	2315.4
luna	N	can	15.045	180.94	257.02	1568.78	2896.58	0.29421	185.6495	234.894	1680.77	2418.98
luna	UW1	scoop	15.245000000000001	238.98	430.38	1888.31	2761.13	0.62423	239.94	293.858	1802.08	2535.89
luna	P	scoop	15.315		292.24	1538.44	2512.64	0.28806	222.766	218.80200000000002	1406.6100000000001	2171.8450000000003
luna	IY1	these	15.435	278.16	314.05	1911.53	2478.94	0.35079	279.811	158.245	2033.7599999999998	2441.535
luna	IH1	things	15.665	203.54	621.64	2036.14	2968.83	0.9151	152.4173	376.756	1819.3	2656.9700000000003
luna	NG	things	15.765	213.71	244.18	1185.69	2192.0	0.21706	195.277	251.337	1548.49	2426.77
luna	Z	things	15.86		1005.84	1880.26	2984.84	0.6434	189.2135	223.07	1188.795	2045.695
luna	N	into	15.965	186.04	294.25	2098.27	3254.21	0.4615	153.184	302.048	1812.2	2683.1
luna	T	into	16.025		1460.69	2463.42	3280.07	1.0	172.56650000000002	257.581	1774.59	2520.77
luna	AH0	into	16.08	182.41	239.24	1740.96	2753.56	0.0	190.15800000000002	286.829	1607.54	2475.31
luna	TH	three	16.17		1058.23	2367.65	3143.82	0.95048	179.392	369.472	1616.2	2184.1
luna	IY1	three	16.315	217.89	374.89	2379.42	2844.82	0.54974	218.674	214.70999999999998	1642.47	2204.33
luna	R	red	16.385	220.95	355.99	1467.44	2196.6	0.30388	216.4355	292.422	1666.76	2322.48
luna	EH1	red	16.455	226.25	717.4	1797.52	2847.34	0.80178	223.487	621.8895	1712.71	2722.9049999999997
luna	D	red	16.52		877.04	2230.43	2804.82	1.0	213.872	205.794	1939.99	2508.18
luna	AE1	bags	16.73	169.16	763.11	1724.94	2722.52	0.59685	176.346	741.309	1673.76	2566.69
luna	G	bags	16.884999999999998	175.76	187.86	1571.48	2037.28	0.25368	180.72	262.197	1525.15	2107.78
luna	W	will	17.27	157.65	179.34	1477.82	2524.83	0.17695	161.65	317.363	1532.79	2289.83
luna	L	will	17.365	170.12	288.16	933.77	2745.47	0.07563	172.718	319.827	1516.24	2672.14
luna	OW1	go	17.53	200.43	461.4	1233.34	2633.39	0.35235	198.315	423.371	1464.52	2535.22
luna	M	meet	17.61	213.76	232.34	1269.17	2463.04	0.26509	209.769	327.309	1482.26	2547.99
luna	IY1	meet	17.68	221.49	273.09	1213.2	2603.78	0.14472	219.0655	221.106	1830.64	2281.0550000000003
luna	EH1	wednesday	17.98	180.38	697.59	1733.64	2679.54	0.7412	187.198	605.835	1902.05	2680.4
luna	N	wednesday	18.045	180.42	313.46	1505.0	2755.87	0.36609	178.5865	242.358	1720.13	2425.03
luna	Z	wednesday	18.125		828.01	1826.29	2849.5	0.55623	172.43349999999998	258.809	1197.5	1832.5
luna	EY2	wednesday	18.325	168.03	451.22	2178.42	2935.37	0.80017	94.1128	299.88	1837.45	2577.88
luna	AE1	at	18.465	180.94	529.39	1947.8	2757.35	0.32577	172.752	457.749	1751.355	2646.26
luna	T	at	18.55		452.12	1553.54	2784.99	0.39182	174.2665	435.913	1884.5	2651.0299999999997
luna	EY1	train	18.810000000000002	175.34	442.49	2403.09	2755.2	0.49473	174.485	270.117	1852.26	2188.16
luna	N	train	18.880000000000003	165.53	316.66	1832.27	2549.68	0.43956	164.61450000000002	261.297	1695.35	2454.09
luna	EY1	station	19.11	192.84	390.02	2358.67	2777.32	0.36465	145.4245	242.9395	1705.9250000000002	2349.5950000000003
luna	AH0	station	19.275	110.99	570.68	1645.42	2801.25	0.69965	162.12099999999998	338.7115	1830.435	2717.9849999999997
luna	N	station	19.4	172.55	192.64	1301.57	2922.19	0.14092	181.97199999999998	277.994	1597.87	2458.54
morgan	N	don't	1.455	275.21	496.93	1501.31	1927.85	0.64246	277.938	495.332	1617.96	2660.79
morgan	AE1	actually	1.54	259.11	777.04	1823.01	2749.17	0.64418	260.544	836.1445	1763.935	2669.63
morgan	L	actually	1.73	224.83	465.74	1504.26	3174.06	0.50806	235.81650000000002	343.13300000000004	1618.455	2624.59
morgan	IY0	actually	1.775	213.54	454.4	2152.27	2914.95	0.67961	217.015	362.9865	1874.2849999999999	2691.92
morgan	M	make	1.8399999999999999	201.85	345.83	1939.05	2781.98	0.61683	204.1945	339.679	1759.7849999999999	2557.5950000000003
morgan	EY1	make	1.9249999999999998	206.14	527.59	2473.99	2948.88	0.70546	206.18200000000002	241.533	2011.86	2503.12
morgan	K	make	1.995		443.14	2416.82	2875.47	0.50124	204.95499999999998	252.56099999999998	2065.17	2717.205
morgan	L	clothes	2.2249999999999996	218.34	513.2	1137.07	2829.96	0.49586	215.7	556.894	1216.04	2813.82
morgan	OW1	clothes	2.3449999999999998		599.64	1410.28	2998.83	0.73583	589.094	644.11	1240.47	2833.69
morgan	AH0	i'm	2.6	220.73	648.93	1334.52	2999.38	0.20205	220.458	644.6700000000001	1185.8899999999999	2842.465
morgan	M	i'm	2.64	220.22	403.53	1304.42	2092.83	0.56089	218.8485	412.5885	1325.94	2520.8199999999997
morgan	AY1	like	2.755	216.28	652.77	1680.97	1805.06	0.34819	217.098	675.323	1687.905	2766.67
morgan	K	like	2.83		671.66	1582.19	2158.93	0.41711	215.65300000000002	531.733	1905.42	1968.73
morgan	EH1	well	2.98	240.68	750.01	1188.66	2848.52	0.67286	226.554	736.125	952.277	3091.26
morgan	L	well	3.09	354.62	673.79	1108.5	2419.29	0.74802	266.219	821.568	1079.73	2769.56
morgan	AY1	i	3.17	225.96	692.58	1840.3	2476.49	0.47911	221.797	706.726	1789.72	2833.415
morgan	M	made	3.26	216.0	304.0	1109.81	1852.96	0.347	221.181	294.925	1775.92	2505.77
morgan	EY1	made	3.38	244.64	521.08	1068.64	2454.86	0.37273	240.743	372.782	1819.81	2702.97
morgan	D	made	3.48		418.5	1550.34	2311.0	0.49789	250.994	202.831	1778.39	2390.94
morgan	IH1	this	3.575	271.63	539.36	1750.84	2103.9	0.64012	277.688	392.9325	1792.48	2785.95
morgan	OW1	coat	3.95	255.97	507.67	1072.19	2698.44	0.42303	219.337	393.196	1078.09	2651.95
morgan	DH	that	4.09		351.74	1603.62	2888.69	0.4513	121.7414	309.937	1489.1	2662.205
morgan	AH0	that	4.135	232.97	552.57	1655.75	2962.06	0.27707	248.838	525.583	1631.6399999999999	2864.485
morgan	T	that	4.195	197.7	560.86	1549.47	2340.66	0.46397	201.244	600.5595000000001	1558.025	2952.365
morgan	AY1	i'm	4.26	194.67	765.02	1444.39	2861.16	0.4408	195.86	735.965	1060.8	2849.78
morgan	M	i'm	4.3149999999999995		831.13	1421.61	3026.71	1.0	192.927	740.207	1080.925	2817.435
morgan	W	wearing	4.38		511.87	966.35	2993.19	0.62004	195.658	663.9269999999999	1031.26	2810.92
morgan	EH1	wearing	4.47	195.94	683.11	1795.05	2346.15	0.73154	196.009	681.513	1606.93	2105.13
morgan	R	wearing	4.56	201.36	645.76	1691.41	1992.78	0.83936	201.38850000000002	689.9035	1686.26	1905.26
morgan	IH0	wearing	4.66	204.59	622.54	2065.78	2220.81	0.97605	203.63850000000002	552.5345	1684.885	2042.79
morgan	NG	wearing	4.84		356.5	1052.66	2341.16	0.38721	247.8105	300.452	1569.14	2371.77
morgan	AE1	and	5.03		677.85	1720.68	2886.62	0.8799	179.8785	702.979	1894.69	2811.61
morgan	N	and	5.095000000000001	213.25	625.28	1143.1	1906.45	0.76122	218.09	522.069	1723.945	2869.005
morgan	D	and	5.140000000000001	221.13	352.67	1768.32	2686.95	0.46752	222.27800000000002	440.32899999999995	1780.78	2737.52
morgan	AY1	i	5.195	210.04	652.98	1538.14	1898.71	0.29094	211.451	634.7305	1800.9850000000001	2798.4049999999997
morgan	M	made	5.28	208.34	353.76	1850.98	2636.07	0.60893	208.518	351.148	1762.44	2466.16
morgan	EY1	made	5.385	260.28	522.82	1798.58	2333.35	0.54179	254.9725	375.766	1812.22	2550.17
morgan	M	my	5.51	243.34	396.5	1210.68	2013.95	0.52651	257.156	575.2375	1502.675	2525.18
morgan	AY1	my	5.575	205.56	688.61	1875.55	2236.02	0.48667	207.708	656.012	1665.635	2553.285
morgan	P	purse	5.6899999999999995		811.73	1675.8	2314.66	0.67022	204.14749999999998	690.7	1564.47	1913.61
morgan	ER1	purse	5.87	205.55	613.6	1675.52	1947.69	0.72933	210.052	508.137	1694.88	2111.2
morgan	AY1	like	6.295	218.08	599.45	1804.62	1960.11	0.30873	218.757	502.2185	1600.265	2608.15
morgan	OW1	ok	6.42	227.17	618.18	1203.68	2690.17	0.72697	373.26599999999996	536.0515	1055.065	2703.5
morgan	EY1	ok	6.57	202.08	482.06	2195.93	2749.05	0.53841	205.75650000000002	302.212	1769.87	2275.61
morgan	T	but	6.695	188.45	389.82	2201.4	2713.86	0.49214	198.259	93.44794999999999	1895.8	2179.14
morgan	UW1	you	6.779999999999999	233.21	426.94	2378.44	2799.02	0.72734	235.3015	93.2679	1672.355	2108.27
morgan	D	didn't	6.83	216.79	287.62	2206.64	2848.13	0.48223	223.776	177.219	1977.07	2594.45
morgan	IH1	didn't	6.915	269.78	540.58	1974.37	2716.76	0.69913	268.222	394.952	1997.17	2851.005
morgan	D	didn't	7.05		1126.53	2249.58	3152.44	1.0	271.83050000000003	475.605	1103.16	2788.98
morgan	AH0	didn't	7.154999999999999	216.08	635.81	1728.55	2481.68	0.81754	217.789	648.6959999999999	1847.13	2843.76
morgan	N	didn't	7.21		502.23	1966.34	2512.36	0.748	209.633	411.407	1754.31	2331.72
morgan	M	make	7.43		320.72	1801.15	2657.19	0.54149	207.2825	371.1505	1602.0349999999999	2493.5
morgan	EY1	make	7.5649999999999995	200.36	529.78	2510.85	2940.97	0.7188	197.18	242.124	1987.27	2484.85
morgan	K	make	7.67		615.57	1152.12	2467.44	0.27951	200.6855	225.378	1295.94	2356.14
morgan	AH0	the	7.8		567.35	1691.23	3036.28	0.7048	211.991	437.764	1619.92	2653.44
morgan	AE1	fabric	7.985	247.57	855.1	1482.83	2507.75	0.66032	232.6125	807.038	1189.77	2816.69
morgan	IH0	fabric	8.24		616.66	1723.46	2169.34	0.89173	340.9755	589.471	1631.1100000000001	2133.625
morgan	R	right	8.445		523.17	1336.44	1788.71	0.52582	498.18	472.9975	1575.615	2307.495
morgan	AY1	right	8.6	218.35	463.44	2310.42	2646.19	0.28489	125.951	273.919	1656.165	2224.6400000000003
morgan	T	right	8.75		434.24	2407.64	2809.1	0.56723	426.123	157.726	1644.47	2322.13
morgan	IH1	which	9.54	216.81	437.88	2018.64	2638.13	0.45618	220.449	335.2045	1646.815	2448.355
morgan	DH	the	9.915		248.78	1908.05	2870.84	0.39094	242.019	131.7635	1370.5500000000002	1785.705
morgan	IY0	the	10.010000000000002	217.56	431.23	2429.11	2528.06	0.66206	228.164	269.4105	1683.79	2496.585
morgan	AE1	answer	10.08	209.47	701.15	1929.26	2391.28	0.56566	213.781	745.741	1924.53	3002.8
morgan	N	answer	10.145	212.18	375.87	1694.73	2492.3	0.50016	211.85250000000002	430.046	1597.95	2776.5
morgan	ER0	answer	10.26	221.57	473.73	1519.22	2010.56	0.51933	232.562	396.789	1638.23	2377.85
morgan	AH0	was	10.34	208.41	446.77	1557.42	2834.38	0.27081	205.57	335.215	1464.74	2749.41
morgan	N	no	10.469999999999999	210.7	402.13	1718.28	3144.31	0.54476	212.57999999999998	464.51300000000003	1637.665	2734.455
morgan	OW1	no	10.555	190.61	738.05	1446.46	2503.02	1.0	191.78	732.8815	1102.49	2880.075
morgan	AY1	i	10.649999999999999	199.35	793.67	1562.26	3019.77	0.53631	195.5485	849.125	1284.23	2915.56
morgan	HH	hadn't	10.739999999999998	203.6	954.67	1814.18	2589.2	0.86687	152.7055	861.1185	1590.935	2287.98
morgan	AE1	hadn't	10.825	205.64	821.2	1649.63	2947.25	0.65865	207.43200000000002	853.222	1670.73	2802.67
morgan	N	hadn't	10.95		434.56	1317.48	1792.2	0.50969	96.70845	364.21450000000004	1738.52	2779.69
morgan	EY1	made	11.11		544.1	2207.97	2825.74	0.68306	189.6465	444.132	1461.29	2170.98
morgan	D	made	11.18		508.27	2189.19	2863.19	0.7272	86.7239	302.39149999999995	1733.5349999999999	2606.37
morgan	AE1	that	11.305		865.07	1666.26	2422.84	0.72591	430.698	835.751	1270.91	2924.48
morgan	AE1	fabric	11.505		774.82	1614.52	2351.55	0.58265	398.045	850.149	1431.72	2700.44
morgan	IH0	fabric	11.66		616.36	1789.86	2135.21	0.90528	489.118	648.9045	1613.935	1729.24
morgan	OW1	so	12.59	222.16	495.9	981.55	2847.66	0.37059	264.131	601.35	1077.99	2729.77
morgan	M	my	13.21	227.72	366.35	1165.08	1910.79	0.46494	228.216	539.0725	1330.895	2278.485
morgan	AY1	my	13.285	222.12	689.74	1767.33	2482.96	0.44493	224.302	677.104	1479.81	2191.07
morgan	AH0	prospectus	13.435	255.91	477.33	1852.81	2477.55	0.60361	258.848	347.451	1857.32	2435.015
morgan	EH1	prospectus	13.595	314.38	672.29	1604.25	2262.17	0.64856	313.096	658.608	1449.4099999999999	2472.25
morgan	K	prospectus	13.665		664.39	1700.58	2490.95	0.44267	315.675	586.799	1587.98	1879.6
morgan	AH0	prospectus	13.765	264.74	538.91	1806.09	2652.58	0.68708	267.009	470.763	1903.34	3055.33
morgan	IH0	defense	13.940000000000001	226.82	599.86	1745.55	3143.67	0.86367	230.36700000000002	579.372	1699.26	2868.46
morgan	EH1	defense	14.12	207.41	815.93	1730.6	3231.38	0.97986	207.935	770.2774999999999	1678.49	2967.74
morgan	N	defense	14.25	228.83	339.38	1792.67	3359.15	0.46558	226.81	257.171	1679.31	2582.9
morgan	AY1	i	15.18	224.42	629.54	2268.85	3125.63	0.54633	223.777	400.553	1775.21	2791.175
morgan	AH1	spun	16.365	251.74	769.19	1496.16	2375.5	0.96646	252.82	729.932	1231.69	2904.89
morgan	N	spun	16.68	274.56	421.08	1660.11	1987.53	0.5612	259.9205	401.264	1699.59	2684.21
morgan	AA1	yarn	17.295	215.19	783.22	1258.33	2848.5	0.69812	216.558	771.4965	1052.38	2719.835
morgan	R	yarn	17.515	211.13	563.44	1666.02	1901.25	0.70002	210.105	528.5085	1681.695	1822.17
morgan	AH0	that	17.845	231.2	574.93	1837.85	2570.87	0.35997	234.6905	440.294	1812.35	2962.62
morgan	T	that	17.905	204.12	431.48	1700.18	3021.67	0.41014	212.8445	392.365	1807.54	2948.7
morgan	AY1	i	18.005	211.15	624.81	1938.34	3041.66	0.40514	215.654	604.777	1936.08	2895.16
morgan	DH	then	18.125		366.82	1353.59	2158.93	0.41194	205.791	256.882	1837.08	2649.01
morgan	EH1	then	18.325000000000003	215.68	755.81	1754.62	2373.05	0.86582	216.484	734.893	1715.05	3110.85
morgan	N	then	18.655	224.96	517.46	1731.35	2914.96	0.72173	214.769	442.241	1765.34	2884.98
morgan	IH1	knit	19.28	248.69	661.67	1772.02	2414.27	0.94794	250.52	402.33	1966.82	2895.66
morgan	T	knit	19.415		487.11	2205.88	2662.21	0.55846	476.361	369.2405	2025.9050000000002	2557.565
morgan	IH0	into	19.545	242.82	486.15	2387.68	3023.53	0.66803	244.8	334.931	2173.35	2818.6
morgan	N	into	19.66	216.23	347.45	1321.73	2424.11	0.37901	218.7	257.25100000000003	1772.75	2647.19
morgan	T	into	19.785		764.1	2193.99	3018.34	0.74188	226.964	274.37	1388.87	2162.38
morgan	UW1	into	20.075000000000003	212.9	425.97	1855.46	2569.87	0.68848	213.35250000000002	329.3465	1706.205	2536.745
morgan	EY1	a	20.43	209.38	438.97	2257.36	2477.26	0.6355	224.834	262.9985	1762.455	2445.175
morgan	EH1	sweater	20.725	216.08	712.61	1382.21	2937.09	0.65911	218.698	698.438	1099.89	2795.4
morgan	T	sweater	20.795	211.76	472.4	1677.72	1996.97	0.43269	212.4355	535.4425	1720.075	2082.61
morgan	ER0	sweater	20.869999999999997	209.66	586.05	1676.58	1904.1	0.80563	211.07049999999998	559.04	1648.595	1948.65
morgan	V	vest	20.939999999999998		399.06	1453.6	1799.33	0.38321	202.972	413.787	1570.69	1965.21
morgan	EH1	vest	21.085	198.28	801.13	1612.78	2455.78	0.91218	199.237	842.098	1480.9	2741.21
morgan	AH0	that	21.990000000000002	225.89	574.07	1792.79	3192.35	0.34612	227.882	486.829	1663.69	2841.05
morgan	AY1	i	22.119999999999997	210.67	654.24	1761.18	2597.47	0.38299	212.239	649.1435	1645.565	2659.67
morgan	W	wore	22.255	209.68	592.83	1596.02	2664.4	0.90324	209.887	416.28099999999995	1500.4	2684.065
morgan	R	wore	22.46	222.61	539.75	1300.56	1867.13	0.54018	221.9005	572.246	1499.3400000000001	2047.5949999999998
morgan	T	to	22.555		616.82	1766.79	3145.22	0.54923	181.14350000000002	385.14250000000004	1501.54	2252.125
morgan	M	my	22.665	222.31	322.31	1307.15	2041.82	0.42523	227.225	314.903	1342.08	2382.47
morgan	AY1	my	22.735	208.11	770.22	1626.18	1889.04	0.52282	208.518	765.4365	1799.245	2676.2349999999997
morgan	D	defense	22.815		433.82	1733.19	2390.11	0.55184	207.514	275.18399999999997	1999.0700000000002	2516.61
morgan	IH0	defense	22.875	207.25	551.59	1864.53	2889.05	0.79484	243.38	349.552	1840.295	2675.7749999999996
morgan	N	defense	23.225		487.88	1661.95	3300.67	0.66248	201.2655	419.87	1660.47	2867.85
morgan	OW1	so	23.485	214.51	501.08	1471.33	2334.23	0.51144	215.62599999999998	384.584	1324.73	2769.92
morgan	T	that	23.6	206.51	592.18	1493.01	2668.05	0.47261	208.8505	557.9590000000001	1305.21	2996.435
morgan	AY1	i	23.655	204.38	720.68	1870.21	2732.01	0.53823	206.454	640.0515	1849.3400000000001	2775.1549999999997
morgan	K	could	23.72		574.42	1924.65	2770.3	0.44974	206.4805	459.919	1915.3	2268.94
morgan	D	could	23.835		463.11	1980.08	2770.98	0.63438	228.033	157.83205	1017.2244999999999	1552.473
morgan	AH0	specifically	24.025	232.98	463.55	1628.77	3006.91	0.53255	233.915	299.926	1525.45	2648.3
morgan	IH1	specifically	24.17	246.36	543.22	1910.02	2999.61	0.68953	246.771	437.722	1914.44	2859.9300000000003
morgan	F	specifically	24.235		495.43	1748.13	2770.72	0.32931	242.3315	297.90549999999996	1805.34	2515.43
morgan	IH0	specifically	24.285	257.53	507.92	2032.85	2599.74	0.74549	262.45349999999996	450.295	1915.76	2555.91
morgan	K	specifically	24.33		498.97	1894.66	2622.07	0.40136	254.661	579.6705	1568.645	2356.535
morgan	L	specifically	24.385	232.04	467.05	1188.72	2515.83	0.43534	232.127	366.211	1317.88	2744.52
morgan	IY0	specifically	24.46	226.87	418.54	1854.33	2441.84	0.61705	211.7185	193.3005	1608.5	2398.95
morgan	EY1	say	24.7	211.36	623.59	2208.38	2530.11	0.86501	212.721	399.228	1874.96	2645.45
morgan	DH	that	24.795		441.88	1980.78	2309.36	0.65519	199.34449999999998	273.902	1686.565	2278.71
morgan	AH0	that	24.845	212.39	628.79	1725.49	2304.42	0.40535	212.325	630.628	1747.94	2744.57
morgan	T	that	24.89	205.94	531.2	1670.97	2110.77	0.4707	203.067	537.615	1620.29	2928.125
morgan	AY1	i	24.95		729.17	1806.98	2409.9	0.52696	101.8315	683.607	1715.495	2788.47
morgan	AH0	was	25.065	204.89	436.7	1811.46	2890.01	0.38292	153.544	323.982	1804.55	2803.42
morgan	EH1	wearing	25.375	227.61	645.33	1947.5	2457.18	0.70386	226.575	612.348	1710.815	2358.3900000000003
morgan	R	wearing	25.465	223.48	644.14	1622.34	1959.32	0.81369	224.125	773.03	1722.88	1693.98
morgan	IH0	wearing	25.535	222.07	644.35	1998.5	2311.38	1.0	222.753	549.204	1719.795	1721.8899999999999
morgan	NG	wearing	25.615000000000002	212.07	513.2	1973.92	2924.79	0.8211	212.433	238.8615	1714.775	2279.1949999999997
morgan	OW1	clothing	25.854999999999997	211.53	609.23	1280.28	2968.15	0.72518	211.729	611.3935	1072.605	2846.545
morgan	IH0	clothing	25.98	207.7	600.58	1944.77	2211.5	0.90747	204.58	445.35	1843.05	2870.51
morgan	NG	clothing	26.05	202.27	398.68	1529.12	2306.57	0.54456	203.3965	274.5625	2076.8	2790.695
morgan	DH	that	26.115000000000002	197.8	418.87	1458.65	1879.03	0.50323	196.416	389.956	1571.325	2662.245
morgan	AY1	i	26.25	196.37	639.75	1987.02	2416.03	0.44978	197.764	594.843	1787.97	2817.61
morgan	IH1	did	26.555	209.92	573.58	2107.55	2633.81	0.81413	210.54	298.76800000000003	1901.32	2603.125
morgan	D	did	26.765	226.72	457.12	2016.13	2959.14	0.63487	225.0845	319.361	1909.34	2674.61
morgan	IH1	spin	27.615000000000002	205.7	633.96	2092.91	2288.38	0.9598	209.148	571.903	1963.88	2907.785
morgan	N	spin	27.759999999999998	200.23	353.32	1845.72	2724.53	0.49777	199.6	334.652	1785.09	2557.91
morgan	M	myself	27.854999999999997	204.3	303.49	1332.62	1999.7	0.39978	202.7185	403.3155	1342.37	2169.91
morgan	EH1	myself	28.25		910.95	1524.04	2612.22	1.0	229.472	726.456	1178.69	2297.41
quinn	AA1	fox	1.555	240.62	622.69	1142.95	2600.89	0.36273	244.56	356.4	1362.05	2596.29
quinn	K	fox	1.71		380.62	1376.26	2197.87	0.208	244.412	330.663	1381.07	2281.89
quinn	M	jumps	2.02	273.14	278.4	974.8	2359.32	0.27153	273.56	251.325	1753.43	2458.16
quinn	P	jumps	2.075	267.17	288.08	1491.79	2666.12	0.27603	272.0065	324.2645	1796.6399999999999	2669.695
quinn	DH	the	2.295	297.73	301.11	1132.12	2286.39	0.27585	290.753	292.52099999999996	1809.6799999999998	2622.48
quinn	IY0	the	2.385	298.45	304.16	2079.12	2372.65	0.39009	299.6295	263.4395	1975.355	2621.62
quinn	EH1	air	2.54	259.83	424.57	1856.68	2541.49	0.22777	264.254	345.89750000000004	1709.155	2427.13
quinn	OW1	over	2.89	331.18	347.26	1016.09	2201.98	0.0171	328.601	288.42	1550.2199999999998	2559.1899999999996
quinn	V	over	2.975	275.04	282.8	1112.67	1958.46	0.22909	277.576	263.54	1726.98	2525.835
quinn	IY1	each	3.205	272.67	280.17	2133.32	2406.91	0.33081	271.83799999999997	270.813	1868.23	2463.53
quinn	IH1	thin	3.575	273.02	328.88	1668.21	2756.81	0.09878	273.06449999999995	299.9475	1845.435	2717.91
quinn	N	thin	3.6950000000000003	250.54	255.5	1143.23	2311.41	0.20266	250.676	317.681	1711.45	2646.91
quinn	D	dog	3.81		711.13	1710.08	2811.55	0.85949	176.4905	243.62875000000003	1878.83	2515.8
quinn	AO1	dog	3.995	218.47	344.16	852.89	2632.29	0.0	226.875	410.48	1404.34	2769.81
quinn	G	dog	4.199999999999999		249.71	1115.78	3093.46	0.21831	231.961	503.508	1482.0	2459.21
quinn	L	look	4.49	326.67	327.93	1393.99	2732.92	0.26649	304.251	305.883	1537.93	2554.39
quinn	K	look	4.645		685.19	1737.6	2821.54	0.46317	322.9475	386.6	1609.0	2340.5699999999997
quinn	T	out	4.865	334.04	368.88	1391.63	2800.65	0.3004	340.494	335.35450000000003	1347.065	2687.045
quinn	AY1	i	4.98		717.62	1644.07	2734.1	0.44192	309.407	469.64750000000004	1675.3400000000001	2652.16
quinn	T	shout	5.51		474.82	1587.09	2915.12	0.41444	263.925	271.4605	1680.7649999999999	2448.615
quinn	HH	he's	5.6850000000000005	292.05	305.12	1834.73	2267.92	0.35474	292.5425	285.694	1800.18	2494.84
quinn	IY1	he's	5.75	294.91	306.7	1859.85	2648.87	0.32768	291.18399999999997	270.379	1820.59	2562.82
quinn	Z	he's	5.865		803.82	1956.53	2746.83	0.56529	300.0395	307.821	992.8109999999999	2113.17
quinn	OY1	foiled	6.09	296.55	322.54	893.81	2543.1	0.0	297.896	318.398	1561.685	2726.8
quinn	L	foiled	6.220000000000001	320.62	341.09	865.51	2888.99	0.14257	316.62199999999996	326.54600000000005	1808.8400000000001	2827.58
quinn	D	foiled	6.33		1149.39	1995.02	2936.71	1.0	288.70550000000003	278.16949999999997	1330.6505	2251.755
quinn	UW1	you	6.47	323.16	328.9	1576.57	2259.42	0.37426	322.93	284.844	1730.28	2421.11
quinn	AH0	again	6.56	320.19	348.91	1755.09	2271.53	0.38594	320.76750000000004	288.9255	1742.495	2459.4449999999997
quinn	G	again	6.65		922.16	2171.07	2783.68	1.0	301.169	275.225	1790.92	2442.18
quinn	EH1	again	6.77	268.94	362.02	1602.32	2472.96	0.01967	265.564	383.047	1708.775	2673.8900000000003
quinn	IY0	creating	7.404999999999999	276.16	300.06	2215.48	2473.9	0.24684	276.8245	305.238	1853.42	2301.81
quinn	EY1	creating	7.51	279.8	427.1	2216.65	2787.84	0.41735	279.821	304.021	1892.49	2592.73
quinn	IH0	creating	7.62	269.08	293.35	2367.42	2973.45	0.39819	269.519	263.837	1901.8899999999999	2596.24
quinn	NG	creating	7.71	260.65	268.55	789.7	2138.15	0.1888	262.132	277.1675	1790.48	2587.29
quinn	S	chaos	8.434999999999999		1043.78	1806.2	2911.69	0.51017	241.413	157.399	1385.4050000000002	1925.48
steve	AE1	have	1.7	183.63	401.02	1449.52	2774.53	0.00309	182.436	510.4	1614.49	2722.19
steve	N	not	1.79	169.03	187.24	1545.45	2847.01	0.18391	168.807	269.643	1670.47	2435.17
steve	AA1	not	1.855	170.36	222.77	993.15	2890.38	0.0	171.9235	309.435	1622.54	2580.97
steve	T	not	1.9249999999999998		472.71	1602.03	2973.98	0.4163	172.819	314.852	1560.58	2413.77
steve	B	been	1.9949999999999999		476.9	1365.4	2521.34	0.51578	174.1915	301.906	1622.87	2389.33
steve	IH1	been	2.085	179.03	366.77	1823.7	2761.2	0.23145	183.361	332.6405	1725.06	2639.955
steve	N	been	2.285	166.25	190.97	1147.53	2507.97	0.10608	167.2115	254.7335	1643.025	2337.2
steve	EH1	as	2.6550000000000002	174.21	434.01	1375.67	2738.55	0.02949	174.246	387.261	1653.97	2642.63
steve	Z	as	2.7350000000000003	145.31	927.58	2304.19	3140.8	0.67311	159.691	157.868	1528.72	2072.32
steve	DH	others	2.88		316.14	1542.08	2783.32	0.3913	161.889	281.7475	1618.31	2339.085
steve	ER0	others	2.95	179.6	330.85	1456.84	2557.65	0.20219	179.661	262.906	1627.0	2476.02
steve	Z	others	3.0300000000000002	146.52	128.12	1599.42	2772.16	0.21096	164.872	263.711	1256.12	2009.89
steve	W	were	3.125		181.48	1158.55	2914.71	0.10634	386.55	314.3085	1291.6950000000002	2230.945
steve	AY1	i	3.525	187.83	347.09	1150.79	2711.77	0.0	188.178	380.70500000000004	1450.29	2592.1549999999997
steve	HH	have	3.61		907.87	1646.39	2660.67	0.78307	161.91	531.8935	1538.005	2232.2200000000003
steve	AE1	have	3.6950000000000003	173.61	312.53	1227.51	2583.38	0.0	173.409	404.704	1600.73	2577.71
steve	N	not	3.79	180.15	195.52	1176.48	2730.89	0.11903	176.2425	332.4465	1613.905	2618.665
steve	AA1	not	3.8600000000000003	175.97	337.15	943.29	2271.01	0.0	176.917	374.849	1647.21	2449.64
steve	T	not	3.9450000000000003	198.45	262.34	1699.83	2815.85	0.29647	203.887	271.3835	1600.755	2556.115
steve	IY1	seen	4.25	171.56	262.07	2395.22	2951.24	0.34712	169.442	292.70799999999997	1807.125	2470.955
steve	N	seen	4.46	172.93	183.88	1381.18	2992.05	0.14438	172.854	261.335	1646.52	2408.73
steve	AH1	others	4.96	194.62	546.31	607.54	2738.03	0.1698	195.001	365.561	1660.63	2698.18
steve	DH	others	5.025	170.94	253.28	1220.96	2877.5	0.23548	173.517	360.0905	1586.615	2617.415
steve	ER0	others	5.095	201.11	294.62	1514.81	2520.13	0.14694	201.00549999999998	319.5615	1674.595	2513.995
steve	AO1	saw	5.455	195.39	535.22	915.38	2704.47	0.31717	195.47050000000002	525.061	1149.27	2776.92
steve	AY1	i	5.640000000000001	186.26	430.22	1421.67	2643.16	0.0	192.439	441.203	1667.75	2715.53
steve	K	could	5.725		266.47	1516.32	2519.0	0.18102	164.2	386.0005	1468.835	2173.59
steve	N	not	5.869999999999999	188.61	236.7	1299.5	2813.39	0.20704	190.0875	255.073	1697.315	2455.77
steve	AA1	not	5.9350000000000005	177.08	271.25	789.96	2600.59	0.0	178.5495	384.411	1615.27	2691.96
steve	T	not	6.015000000000001		238.91	1074.62	2655.0	0.14354	181.257	337.439	1574.04	2332.24
steve	IH1	bring	6.195	173.67	427.97	1661.67	2255.26	0.34224	174.93599999999998	355.69	1628.68	2320.36
steve	NG	bring	6.37	173.82	199.22	1691.64	2504.7	0.22931	172.381	294.933	1618.88	2303.63
steve	AY1	my	6.82	175.45	520.92	1702.73	2653.85	0.13612	175.503	347.188	1710.235	2542.6800000000003
steve	P	passions	6.9350000000000005		551.36	1562.1	2644.06	0.46985	174.229	435.209	1462.42	2451.33
steve	AE1	passions	7.0649999999999995	185.51	590.64	1673.31	2961.78	0.33631	188.292	489.775	1542.3400000000001	2538.94
steve	AH0	passions	7.265000000000001	181.91	357.66	1639.99	2878.62	0.37356	183.263	278.2375	1707.855	2617.3199999999997
steve	N	passions	7.35	172.83	274.91	1064.49	2761.41	0.21547	173.083	251.699	1668.14	2430.5
steve	Z	passions	7.445		823.84	1987.68	2694.11	0.57892	167.994	247.8875	748.4110000000001	1823.525
steve	M	from	7.609999999999999	184.5	213.42	1277.38	2292.26	0.0	188.568	254.349	1692.01	2459.78
steve	AH0	a	7.675	177.48	416.98	1512.48	2578.27	0.43554	179.4905	289.402	1525.17	2598.61
steve	K	common	7.77		466.03	1369.22	2313.25	0.25255	182.856	453.394	1390.75	2281.74
steve	AA1	common	7.875	182.1	442.51	1016.21	2761.96	0.0	183.474	437.659	1202.3	2738.55
steve	M	common	7.95	165.01	208.22	1106.48	2622.91	0.18546	165.971	257.021	1580.08	2391.68
steve	AH0	common	8.0	173.96	368.4	1456.53	3359.87	0.34896	173.8185	265.85699999999997	1651.165	2496.59
steve	N	common	8.065	171.67	235.48	1078.6	2707.93	0.15887	172.847	286.717	1610.06	2448.965
steve	IH1	spring	8.385	170.6	455.4	1868.97	2436.39	0.46203	172.516	299.9675	1687.0900000000001	2457.715
steve	NG	spring	8.535	173.31	211.61	1143.9	2299.7	0.15345	171.4495	252.933	1630.34	2248.01
steve	DH	the	9.52		454.07	1689.87	2772.52	0.60253	173.7345	290.3705	1537.93	2464.02
steve	AH0	the	9.585	195.96	327.12	1600.44	2830.15	0.31816	198.128	247.2885	1563.875	2401.605
steve	EY1	same	9.775	185.29	418.94	2290.8	2600.84	0.41546	185.881	308.216	1876.65	2556.31
steve	M	same	9.850000000000001	177.82	207.48	1160.47	2274.65	0.19721	175.486	251.69599999999997	1622.255	2276.5699999999997
steve	S	source	9.985		1017.18	1950.63	3222.38	0.52033	252.0555	246.77050000000003	397.9525	1240.205
steve	AO1	source	10.105	214.14	350.57	986.95	2401.17	0.05543	216.352	330.748	1187.81	2540.67
steve	R	source	10.175	210.96	315.77	1111.42	2453.63	0.12091	210.915	297.761	1270.63	2518.57
steve	AY1	i	10.355	218.58	364.57	1656.98	2771.42	0.0	227.93650000000002	380.135	1693.07	2610.5
steve	HH	have	10.42	186.19	231.09	1443.8	2508.38	0.18741	187.867	353.99	1760.32	2456.77
steve	AE1	have	10.485	206.48	676.97	1256.32	2759.43	0.34273	205.821	546.9159999999999	1140.6100000000001	2608.755
steve	V	have	10.535	190.12	259.31	1161.9	2538.77	0.2231	197.735	312.262	1605.12	2510.7650000000003
steve	N	not	10.585	189.02	213.25	1315.66	2843.45	0.17501	188.491	261.632	1646.54	2419.625
steve	AA1	not	10.665	190.02	517.39	1215.8	2781.0	0.21843	191.879	499.619	1432.78	2696.55
steve	T	not	10.745000000000001	201.33	237.45	2535.9	2728.52	0.4632	208.2935	266.67449999999997	1730.08	2538.0
steve	EY1	taken	10.955	173.85	282.67	2239.09	2839.41	0.09201	172.9515	268.117	1749.36	2356.43
steve	AH0	taken	11.129999999999999	166.17	223.24	1864.44	2722.1	0.21871	165.674	304.721	1626.435	2396.535
steve	AY1	my	11.825	179.15	416.42	1755.58	2691.94	0.0	178.108	322.177	1701.9099999999999	2516.08
steve	S	sorrow	11.965		870.15	1955.51	2754.0	0.45539	197.652	185.97	950.74	1628.33
steve	AA1	sorrow	12.120000000000001	186.49	480.07	905.91	2616.32	0.0	186.377	463.45849999999996	1246.24	2689.9849999999997
steve	R	sorrow	12.21	179.24	461.7	833.73	2127.89	0.26005	179.851	348.19	1355.97	2490.32
steve	OW0	sorrow	12.3	175.61	442.2	849.88	2281.52	0.22538	177.604	390.6255	1367.6799999999998	2697.52
steve	AY1	i	12.425	178.42	389.72	1435.23	2555.74	0.0	175.756	352.1815	1443.35	2391.0950000000003
steve	K	could	12.505		406.73	1609.46	2545.56	0.28027	162.647	389.895	1637.325	2152.5299999999997
steve	D	could	12.615	181.17	194.01	1480.12	2469.07	0.23101	185.926	260.315	1748.6599999999999	2454.8149999999996
steve	N	not	12.655000000000001	173.96	234.39	1709.43	2964.89	0.28952	176.025	287.861	1732.29	2624.3
steve	AA1	not	12.73	167.13	384.45	852.89	2799.57	0.0	168.979	431.966	1666.59	2736.98
steve	T	not	12.8	168.54	283.87	1078.51	2464.65	0.1746	168.813	161.4895	1688.875	1996.92
steve	AH0	awaken	12.850000000000001	172.68	323.83	841.32	2454.88	0.14353	170.2845	288.312	1551.67	2404.93
steve	W	awaken	12.920000000000002	167.81	274.77	631.62	2230.23	0.14151	166.709	262.611	1672.8449999999998	2481.37
steve	EY1	awaken	13.005	165.48	265.11	2233.55	2483.85	0.05058	165.737	251.3675	1671.5	2261.59
steve	K	awaken	13.105		397.43	2087.06	2427.38	0.39427	186.086	205.038	1427.09	1932.11
steve	AH0	awaken	13.21	183.48	409.29	1790.97	2710.22	0.48604	182.78699999999998	327.304	1772.29	2504.41
steve	N	awaken	13.36	177.01	191.26	1269.43	2670.99	0.13208	171.567	280.2335	1646.395	2305.855
steve	AY1	my	14.085	183.7	442.05	1512.64	2814.02	0.0	182.862	400.6945	1600.085	2594.27
steve	HH	heart	14.19	148.77	548.47	1307.94	2715.7	0.40278	171.299	402.135	1640.91	2595.25
steve	AA1	heart	14.309999999999999	195.68	506.31	1037.2	2209.28	0.10831	193.8595	478.561	1126.25	2314.95
steve	T	heart	14.46		389.17	1684.89	3015.18	0.37837	166.63799999999998	358.123	1247.49	2422.87
steve	AH0	to	14.57	198.63	299.17	1801.31	2969.94	0.37146	191.327	299.363	1811.51	2762.91
steve	OY1	joy	14.86	173.33	455.58	836.33	2587.18	0.17391	172.381	355.549	1631.7649999999999	2573.095
steve	AE1	at	15.04	179.96	369.91	1715.51	2809.35	0.03319	175.416	338.752	1722.23	2528.98
steve	AH0	the	15.2	175.8	283.18	1740.3	2789.2	0.28239	180.386	299.975	1725.01	2584.84
steve	EY1	same	15.39	172.85	405.28	2137.3	2770.63	0.3495	176.431	305.584	1756.6	2444.44
steve	M	same	15.485	169.51	207.12	1726.51	2383.37	0.33288	169.003	258.119	1624.745	2296.3450000000003
steve	T	tone	15.620000000000001		491.99	1844.46	2767.0	0.48244	151.207	442.151	1731.75	2777.02
steve	OW1	tone	15.81	160.64	391.07	1218.72	2414.92	0.17701	159.04500000000002	362.1845	1421.625	2628.975
steve	N	tone	16.02	165.32	197.36	1814.88	2599.23	0.25571	155.989	286.821	1655.94	2433.05
steve	AO1	all	16.71	177.88	382.42	861.56	2853.59	0.05913	177.548	497.545	1381.92	2629.39
steve	L	all	16.82	176.42	349.17	718.45	2994.11	0.11526	175.804	400.078	1490.7800000000002	2720.5299999999997
steve	AY1	i	16.9	169.79	548.88	1725.94	2808.28	0.1923	169.791	399.081	1695.16	2644.65
steve	AY1	i	17.735		168.62	1633.67	2699.94	0.0	162.965	371.611	1761.53	2606.45
steve	AH0	alone	18.145000000000003	162.36	361.94	1483.29	2899.68	0.34507	162.877	354.644	1657.64	2648.96
steve	L	alone	18.22	154.92	219.34	1527.21	2935.41	0.12728	151.72	359.66700000000003	1638.4099999999999	2604.035
steve	OW1	alone	18.36	153.53	463.62	1531.68	2662.32	0.43586	153.842	404.263	1580.31	2691.98
steve	N	alone	18.535	168.66	202.43	1614.23	2882.52	0.22127	165.126	278.535	1611.1	2289.49
wina	T	that	1.3250000000000002	202.16	359.6	1782.6	2630.14	0.37995	197.8445	243.829	2168.105	2720.285
wina	EY1	a	1.38	207.97	418.22	2002.0	3165.9	0.5468	209.54	276.591	2011.77	2766.53
wina	L	squirrel	1.845	198.42	456.91	1019.97	3683.7	0.37254	202.6835	540.761	1207.97	2868.08
wina	B	busy	1.935	184.1	259.48	1445.92	3429.93	0.30333	182.262	236.9575	1692.04	2352.27
wina	IH1	busy	1.995	205.47	407.02	2264.04	3013.38	0.44132	204.912	320.911	2001.03	2755.9049999999997
wina	IY0	busy	2.175	261.67	475.27	2106.29	2659.51	0.87556	266.169	260.643	1714.0	2569.29
wina	W	with	2.23	239.2	397.23	809.37	2555.44	0.3898	237.0315	253.35399999999998	1591.9650000000001	2394.74
wina	IH1	with	2.27	232.59	465.32	1970.31	2987.68	0.51195	243.4385	367.2365	1977.785	2910.225
wina	DH	with	2.31	207.48	419.27	2246.71	3170.09	0.68865	215.305	373.72749999999996	2095.8450000000003	2823.105
wina	IH1	its	2.35	197.56	395.22	2186.53	3147.19	0.39272	203.3965	293.16949999999997	2209.83	2870.815
wina	T	its	2.4000000000000004	193.86	243.02	2210.8	3261.59	0.39561	193.939	188.569	944.573	1495.2
wina	R	harvesting	2.665	282.1	608.56	1148.5	1997.49	0.59873	271.227	564.013	1460.92	2062.18
wina	AH0	harvesting	2.77	219.04	427.15	2155.58	3268.15	0.59473	239.86849999999998	268.106	1954.56	2654.27
wina	IH0	harvesting	3.02	172.27	479.21	2545.36	2913.2	0.79855	173.598	193.034	1973.13	2614.01
wina	R	ran	3.58	203.83	209.78	1042.21	1701.65	0.0	200.881	346.622	1490.32	2515.05
wina	AE1	ran	3.705	227.37	490.95	2253.91	3100.62	0.35663	212.494	316.04	1861.11	2611.61
wina	N	ran	3.7800000000000002	266.86	447.13	2271.02	3315.0	0.72867	255.406	290.644	1767.51	2511.14
wina	D	down	3.875		414.39	2184.69	3392.26	0.62058	257.3995	192.3205	1202.353	2037.74
wina	N	down	4.074999999999999	223.55	428.71	1804.38	3236.33	0.60298	221.362	310.855	1700.6100000000001	2462.75
wina	AH0	a	4.135	241.99	484.23	2191.39	2842.37	0.68978	240.476	339.04949999999997	1943.23	2715.575
wina	AY1	pine	4.385	186.14	521.65	1484.51	1955.1	0.04935	187.55	543.511	1786.49	2604.39
wina	N	pine	4.484999999999999	197.82	365.89	955.34	2514.19	0.33001	194.14499999999998	301.607	1523.11	2471.09
wina	OW1	close	4.6850000000000005	194.22	497.79	1249.51	2770.16	0.44534	189.6595	419.895	1474.99	2875.37
wina	Z	close	4.76		365.24	1722.39	3876.5	0.19424	202.8025	285.028	1267.35	1933.32
wina	AY1	beside	5.13	175.27	855.25	1835.65	2535.17	0.74969	184.501	588.112	1755.44	2670.05
wina	D	beside	5.234999999999999		392.62	2588.52	3533.37	0.67711	158.045	249.495	1908.275	2458.02
wina	IH1	him	5.35	180.12	425.86	2660.62	3202.46	0.58728	198.657	252.35450000000003	2075.075	2655.49
wina	M	him	5.455		278.65	1399.13	3046.59	0.37411	188.6055	322.188	1703.0	2520.2799999999997
wina	AO1	saw	6.105	272.85	770.15	1308.7	3674.8	0.82779	282.775	502.998	1240.49	2639.82
wina	M	him	6.23	216.59	402.03	1864.63	2708.75	0.32892	225.142	289.569	1648.45	2436.1
wina	AH1	suddenly	6.53	291.45	740.34	1880.98	3500.12	1.0	288.0245	712.5995	1642.0	2649.99
wina	AH0	suddenly	6.645	261.83	339.75	913.35	1848.36	0.1839	282.96950000000004	319.632	1675.75	2493.46
wina	N	suddenly	6.710000000000001	193.06	346.54	647.56	1870.55	0.23623	210.4345	324.1865	1719.205	2673.96
wina	L	suddenly	6.765000000000001	183.23	372.9	2623.23	3253.8	0.67707	188.2755	243.353	1779.92	2492.36
wina	IY0	suddenly	6.82	183.54	492.52	2651.71	3223.57	1.0	183.497	292.42150000000004	2301.34	2880.74
wina	D	and	6.925000000000001	169.8	382.87	2495.98	3158.37	0.64756	174.1975	131.23	1290.17	1681.19
wina	IH1	skipped	7.13	272.19	532.36	2510.5	2875.04	0.8131	269.353	281.661	2023.78	2747.725
wina	P	skipped	7.215		526.95	2105.58	2732.97	0.56015	268.026	312.89599999999996	1629.1100000000001	2176.825
wina	AE1	back	7.390000000000001	168.02	962.8	1998.25	3051.64	0.95829	191.9645	884.686	1882.29	2963.06
wina	OW1	scolding	8.185		687.11	1273.96	3515.08	0.91349	342.086	560.328	958.697	2495.76
wina	L	scolding	8.280000000000001		653.63	1032.44	3600.59	0.69449	359.39700000000005	709.072	1038.3449999999998	2692.985
wina	D	scolding	8.36	286.33	300.94	1199.84	3579.18	0.29517	301.776	322.3705	1747.12	2712.3599999999997
wina	OW1	so	8.655	235.43	464.9	1031.7	3442.48	0.30812	234.08800000000002	474.75750000000005	1099.1399999999999	2798.79
wina	DH	that	9.21	187.15	349.22	2026.46	3116.26	0.5473	183.578	228.4015	1625.9499999999998	2291.495
wina	AH0	that	9.280000000000001	175.19	523.15	1927.49	3189.17	0.31118	180.881	505.464	2015.19	2951.04
wina	T	that	9.350000000000001		542.73	1990.26	3181.19	0.54851	171.8895	213.535	1612.9299999999998	1850.65
wina	EH1	beth	9.57	233.2	905.65	1865.34	3022.18	1.0	218.8785	646.9825000000001	1741.745	2890.52
wina	L	looked	9.765	254.41	342.72	1066.83	3432.69	0.20054	257.785	281.7805	1860.5149999999999	2648.795
wina	AH1	up	10.05	168.89	811.07	1633.13	3240.39	1.0	172.25	727.283	1377.52	2900.06
wina	P	up	10.205		709.66	1466.7	2593.62	0.55929	97.55685	494.228	1143.36	2437.78
wina	AH1	the	11.025	197.92	421.51	1824.94	2733.86	0.51226	202.3545	423.149	1807.56	2878.5
wina	IH1	wistful	11.235	198.95	397.55	2005.96	2932.43	0.35325	195.184	350.2865	1768.75	2665.02
wina	L	wistful	11.465	248.06	255.48	1179.45	3184.07	0.09023	249.73950000000002	241.068	953.184	2393.05
wina	EY1	face	11.675	186.27	551.33	2564.92	2887.46	0.78034	191.139	329.46	2150.8050000000003	2775.88
wina	HH	behind	11.95		1158.7	1647.26	2901.93	0.98328	221.145	517.277	1493.5	2486.1
wina	AY1	behind	12.059999999999999	195.34	373.75	1249.96	1834.75	0.0	198.53050000000002	557.208	1615.9	2531.13
wina	AH0	the	12.219999999999999	227.4	374.78	1893.0	3019.5	0.45621	242.373	369.392	1953.85	2915.51
wina	AH0	and	13.2	226.62	247.75	1600.54	2322.37	0.19713	222.3025	252.063	1890.37	2637.65
wina	B	beckoned	13.375	221.94	318.36	2121.07	3128.0	0.5181	213.563	266.96299999999997	1783.585	2566.54
wina	EH1	beckoned	13.455	287.08	515.95	1493.52	2727.65	0.29654	276.9955	683.2560000000001	2297.4449999999997	3104.0249999999996
wina	AH0	beckoned	13.649999999999999	300.6	396.93	1114.83	2412.6	0.31611	298.191	426.59749999999997	2011.8000000000002	3043.975
wina	IH1	with	13.825	200.71	392.49	2019.94	2877.13	0.34423	204.1465	331.211	1831.38	2698.88
wina	DH	with	13.89	199.81	326.83	2145.71	2938.24	0.54662	193.779	239.915	1720.79	2270.57
wina	EY1	a	13.965	176.97	531.35	2246.19	2802.39	0.7739	100.461	395.295	1735.66	2558.75
wina	R	reassuring	14.055	186.08	209.65	1659.47	2475.75	0.13545	184.719	241.637	1631.255	2255.635
wina	AH0	reassuring	14.24	273.67	359.17	2457.53	3085.62	0.55853	264.12149999999997	231.622	1983.755	2645.29
wina	NG	reassuring	14.545	200.73	326.46	760.93	2284.08	0.28361	193.83499999999998	301.381	1761.04	2600.01
wina	M	smile	14.75	231.07	294.61	1256.6	3403.97	0.36657	220.2595	211.0403	1346.645	2025.605
zoe	AH0	artisan	2.835	282.76	493.97	1941.65	2976.33	0.64884	287.67499999999995	388.475	2015.98	2829.08
zoe	N	artisan	2.895	265.86	277.79	1471.54	2595.95	0.30519	266.153	359.37350000000004	1775.375	2601.255
zoe	HH	who	2.995		1019.02	2196.83	2945.48	1.0	265.448	376.2005	1846.475	2431.67
zoe	UW1	who	3.11	253.64	330.76	1771.13	2743.48	0.42092	268.735	393.544	1743.23	2733.87
zoe	M	made	3.2249999999999996	225.58	232.98	1560.38	2325.35	0.33628	229.507	252.756	1682.73	2449.42
zoe	EY1	made	3.38	224.97	390.92	2507.84	2890.78	0.40045	224.4135	119.7005	1744.8000000000002	2169.255
zoe	M	me	3.57	217.73	242.78	1511.03	2468.04	0.34084	214.83	314.992	1683.0949999999998	2458.1949999999997
zoe	IY1	me	3.69	214.81	643.37	2480.99	2929.17	1.0	217.1325	167.992	1518.635	2041.1799999999998
zoe	IY0	created	3.965	227.08	629.41	2259.39	2865.14	1.0	219.5455	266.3385	1790.665	2230.02
zoe	EY1	created	4.035	215.86	617.02	2282.05	2924.84	0.86665	221.715	243.3675	1883.62	2194.635
zoe	IH0	created	4.16	226.45	411.02	2139.89	2946.26	0.56664	227.329	239.509	1980.96	2372.59
zoe	D	created	4.220000000000001		572.22	2132.96	3073.2	0.78793	214.889	502.876	1633.97	2790.88
zoe	M	me	4.295	210.78	242.26	1682.79	2467.72	0.38133	207.66899999999998	305.65999999999997	1751.185	2544.875
zoe	IY1	me	4.375	213.75	605.9	2590.38	3047.04	1.0	216.348	145.2415	1530.5700000000002	2004.985
zoe	N	instead	4.535	190.87	248.11	1789.28	2884.77	0.32699	195.606	262.6645	1614.145	2317.48
zoe	EH1	instead	4.955	217.89	802.78	1963.08	2974.86	1.0	223.714	768.9605	2016.455	2875.585
zoe	D	instead	5.105	203.87	550.76	1922.31	2980.48	0.7215	211.187	371.109	1979.1	2900.25
zoe	AH0	a	5.385	230.13	778.73	1526.63	3045.63	0.99039	216.518	560.0035	1671.225	2837.605
zoe	EH1	fair	5.775	213.74	731.69	1992.9	2681.86	0.89326	218.276	721.2545	1907.03	2552.875
zoe	M	woman	6.18	187.62	259.15	1595.1	2641.96	0.38855	186.1395	350.399	1632.88	2597.18
zoe	AH0	woman	6.265000000000001	179.29	452.41	1875.16	2881.56	0.5706	181.97449999999998	402.459	1787.79	2780.62
zoe	UW0	today	6.93	229.32	404.28	2089.6	2999.98	0.54512	154.8899	283.6335	1950.78	2657.99
zoe	D	today	6.984999999999999		678.25	2146.96	2946.89	0.91014	214.586	198.437	1839.5	2381.8
zoe	EY1	today	7.09	235.07	793.52	2023.89	2695.48	1.0	235.272	728.757	1906.71	2610.3
zoe	AY1	i	7.195	235.22	736.51	1882.46	2437.49	0.56969	235.7715	623.2605	1735.075	2318.43
zoe	W	would	7.25	231.51	408.11	1072.31	2655.59	0.4693	236.57	402.297	1210.125	2474.24
zoe	D	would	7.380000000000001		251.06	1730.5	2586.3	0.3455	150.07715	214.246	1951.88	2233.7599999999998
zoe	IY1	be	7.505	226.77	287.0	2506.95	2872.61	0.41357	225.09300000000002	130.795	1724.74	2173.19
zoe	W	wise	7.635	187.05	204.49	1060.28	2309.31	0.12238	201.073	321.36350000000004	1585.135	2579.665
zoe	AY1	wise	7.914999999999999	214.55	816.4	2022.88	2843.7	0.76012	216.935	802.6695	1699.08	2705.415
zoe	Z	wise	8.184999999999999		961.93	2099.81	2936.54	0.65729	204.803	171.3	1561.06	1973.68
zoe	AE1	and	8.344999999999999	212.69	701.27	1893.85	3051.92	0.95431	221.556	490.41	1901.39	2867.43
zoe	N	and	8.455	200.42	437.06	1864.11	2890.47	0.62811	203.487	378.932	1808.05	2850.91
zoe	D	and	8.504999999999999	196.06	243.16	1937.55	2917.33	0.37816	200.7225	300.283	1757.9	2577.96
zoe	IY1	we	9.940000000000001	234.66	379.49	2341.5	2804.11	0.551	233.8275	277.421	1778.26	2524.71
zoe	W	would	10.0	217.41	300.64	1279.71	2745.46	0.33589	224.9575	301.906	1677.855	2537.145
zoe	D	would	10.120000000000001	220.37	301.13	1763.08	2665.96	0.40843	227.894	275.429	1794.22	2443.9
zoe	W	weave	10.195	195.56	221.37	1393.06	2509.36	0.22828	205.834	282.839	1603.525	2395.0
zoe	M	my	10.66	191.6	211.49	1605.99	2434.27	0.31119	186.4955	318.578	1648.77	2433.42
zoe	AY1	my	10.75	205.8	673.18	2136.4	2850.13	0.56602	204.679	451.1425	1785.635	2537.915
zoe	EH1	friends	11.045	201.02	683.67	1853.41	2876.8	0.75137	202.3395	611.081	1879.0	2747.52
zoe	Z	friends	11.345		787.29	1975.07	2855.68	0.99844	179.2185	226.702	1334.83	1606.07
zoe	AH0	and	11.42	207.34	587.91	1795.64	3020.33	0.75948	153.2295	403.616	1907.6	2920.38
zoe	D	and	11.545		674.13	1760.92	2809.97	0.82803	204.8265	263.716	1699.61	2508.97
zoe	AY1	i	11.795	183.59	839.93	1797.22	2835.76	0.70854	188.1055	515.002	1573.38	2757.15
zoe	N	and	12.17	192.76	244.67	1995.94	3108.66	0.36515	197.272	315.495	2031.68	2786.32
zoe	IH0	in	12.265	211.53	569.71	2099.98	2983.5	0.88028	202.45499999999998	313.264	1950.53	2700.1
zoe	N	in	12.335	203.5	251.98	1827.33	2865.86	0.34082	205.941	292.35	1758.025	2587.63
zoe	DH	the	12.405000000000001	185.96	228.19	1419.87	2995.14	0.25004	188.93	247.826	1702.98	2501.71
zoe	AH0	the	12.455	208.82	605.67	1628.5	2996.46	0.74922	206.403	479.189	1701.29	2843.38
zoe	M	moonlight	12.55	207.5	232.97	1751.68	2680.68	0.38232	205.408	322.25350000000003	1772.24	2626.295
zoe	UW1	moonlight	12.66	225.24	406.9	1543.14	2906.86	0.50556	224.7415	409.02549999999997	1753.695	2812.075
zoe	N	moonlight	12.739999999999998	208.28	225.35	1851.33	2995.39	0.30563	211.0075	257.10749999999996	1682.91	2473.195
zoe	L	moonlight	12.809999999999999	196.87	410.55	1334.8	2899.02	0.38399	197.196	472.2635	1729.1100000000001	2885.61
zoe	T	moonlight	13.075		562.85	1979.36	2762.88	0.55963	137.331	196.877	1559.76	2062.96
zoe	IH1	spin	13.370000000000001	209.72	614.43	1994.15	2931.5	0.88676	209.48	468.62199999999996	2015.04	2840.385
zoe	N	spin	13.425	199.07	238.58	1044.54	2129.85	0.15641	203.62	339.117	1666.5	2671.71
zoe	R	yarn	13.94	170.87	612.11	1725.83	2262.08	0.79737	172.588	427.891	1664.78	2330.74
zoe	N	yarn	14.09	176.21	284.09	2142.55	3012.72	0.45544	175.18099999999998	200.84	1566.85	2168.06
zoe	N	and	14.545	213.27	665.26	2017.47	2941.33	1.0	214.882	459.923	1923.08	2832.73
zoe	D	and	14.594999999999999	201.09	218.56	1437.3	2603.26	0.25005	208.748	211.324	1657.13	2269.98
zoe	EH1	tell	14.745000000000001	222.97	742.32	1365.25	2869.11	0.71384	219.8175	756.6025	1279.58	2799.285
zoe	L	tell	14.805	211.69	603.88	1162.08	2928.07	0.64956	216.952	647.517	1062.3600000000001	2833.035
zoe	R	our	14.935	207.84	561.83	1452.1	2278.55	0.67886	209.663	579.288	1525.06	2207.0
zoe	IY0	stories	15.415	189.13	351.28	2271.2	2808.99	0.44738	185.291	117.208	1611.92	1989.72
zoe	Z	stories	15.535		994.19	2061.27	2995.82	0.66575	178.09550000000002	134.1525	914.232	1245.3249999999998
zoe	AH0	to	15.7	201.37	440.65	1035.45	2757.81	0.45245	198.344	596.2685	1120.9050000000002	2787.035
zoe	W	one	15.780000000000001	174.89	276.09	1322.93	2675.34	0.30446	186.198	332.549	1422.3	2693.48
zoe	AH1	one	15.845	182.27	734.9	1602.91	2836.62	0.94545	182.20499999999998	608.347	1577.47	2784.47
zoe	N	one	15.905000000000001	176.0	311.09	1858.61	2827.98	0.43667	177.719	303.513	1741.27	2523.43
zoe	AH0	another	15.955	177.81	653.64	1804.03	3016.58	0.8616	177.758	373.347	2177.02	2954.07
zoe	N	another	16.009999999999998	173.1	307.36	1882.48	2913.86	0.43604	174.597	250.388	1689.9	2364.34
zoe	AH1	another	16.09	170.41	622.28	1365.78	2929.49	0.63126	171.046	612.009	1792.1999999999998	2872.3599999999997
zoe	DH	another	16.18		832.99	2358.76	3330.58	1.0	167.926	447.207	1801.4450000000002	2663.3100000000004
zoe	ER0	from	16.96	209.81	550.53	1522.16	2306.56	0.6314	218.347	372.66	1609.63	2362.22
zoe	M	from	17.03	195.88	292.16	1841.79	2918.91	0.19873	195.735	307.1865	1728.27	2616.565
zoe	D	dusk	17.12		757.95	1857.56	3031.6	0.94182	180.731	391.891	1620.87	2562.86
zoe	AH1	dusk	17.240000000000002	189.03	792.6	1292.91	2919.36	0.92646	188.54500000000002	609.613	1673.15	2849.93
zoe	L	till	17.835	187.03	462.71	1000.17	3011.34	0.37649	187.559	478.3195	1258.78	2845.66
zoe	M	midnight	17.91	179.93	266.02	1610.14	2966.66	0.4037	178.78199999999998	318.15	1670.665	2509.485
zoe	IH1	midnight	17.98	177.79	510.67	2010.26	3074.69	0.63413	179.253	384.927	1953.31	2790.71
zoe	D	midnight	18.060000000000002	165.51	303.8	1993.68	2867.86	0.45771	168.067	323.004	1733.83	2534.78
zoe	N	midnight	18.125		587.86	1647.71	2771.98	0.81053	144.523	532.076	2167.635	3036.21
